Organization,Country,Lattitude,Longitude,Industry,Organization size,Owner,Lead acquisition date,Product,Status,Status sequence,Stage,Stage sequence,"Deal Value, $","Probability, %",Expected close date,Actual close date
Thoughtblab,Netherlands,52.370216,4.895168,Banking and Finance,Small (11-200),John Smith,04/20/24,SAAS,Churned Customer,7,,,833,90,08/07/24,06/27/24
Jaxnation,Spain,40.416775,-3.70379,Energy & Utilities,Small (11-200),Emily Johnson,05/28/24,SAAS,Churned Customer,7,,,1623,30,10/25/24,09/11/24
Mybuzz,Italy,41.902782,12.496366,Education & Science,Small (11-200),Michael Brown,03/17/24,SAAS,Churned Customer,7,,,1928,20,03/17/25,05/11/24
Kare,Germany,52.520008,13.404954,Government Administration Healthcare,Small (11-200),Michael Brown,01/18/24,SAAS,Churned Customer,7,,,303,50,08/07/24,05/06/24
Skaboo,Germany,52.520008,13.404954,Energy & Utilities,Small (11-200),Michael Brown,04/06/24,SAAS,Churned Customer,7,,,1911,30,10/11/24,07/25/24
Flashset,Germany,52.520008,13.404954,Transportation & Logistics,Small (11-200),Laura Thompson,02/21/24,Custom solution,Churned Customer,7,,,455,20,09/23/24,05/11/24
Yozio,Belgium,51.260197,4.402771,IT & IT Services,Small (11-200),Laura Thompson,02/13/24,SAAS,Churned Customer,7,,,351,30,03/18/24,04/17/24
Tanoodle,Switzerland,46.204391,6.143158,IT & IT Services,Small (11-200),Jessica Martinez,01/15/24,Custom solution,Churned Customer,7,,,230,70,05/17/24,05/11/24
"Reilly, Wisozk and Stamm",France,48.864716,2.349014,Retail & Distribution,Small (11-200),Michael Brown,03/09/24,SAAS,Churned Customer,7,,,1697,80,07/25/24,06/30/24
O'Conner-Sawayn,Switzerland,46.204391,6.143158,Transportation & Logistics,Small (11-200),Laura Thompson,04/01/24,Services,Churned Customer,7,,,320,60,05/24/24,07/01/24
Klocko-Sporer,Germany,52.520008,13.404954,Agriculture & Mining,Small (11-200),Emily Johnson,02/12/24,Custom solution,Churned Customer,7,,,721,20,01/10/25,03/31/24
Borer Inc,Italy,41.902782,12.496366,Transportation & Logistics,Small (11-200),Michael Brown,02/29/24,Services,Churned Customer,7,,,768,80,08/18/24,06/15/24
"Jacobson, Crist and O'Kon",Austria,48.210033,16.363449,Government Administration Healthcare,Small (11-200),Kevin Anderson,04/11/24,SAAS,Churned Customer,7,,,741,40,09/19/24,05/13/24
Hickle Inc,France,48.864716,2.349014,Professional Services  & Consulting,Small (11-200),Laura Thompson,01/23/24,SAAS,Churned Customer,7,,,668,70,10/24/24,04/19/24
"Zulauf, Osinski and Lakin",Portugal,38.736946,-9.142685,Banking and Finance,Small (11-200),Jessica Martinez,03/10/24,Custom solution,Churned Customer,7,,,406,30,05/24/24,05/06/24
"Cruickshank, Lubowitz and Marquardt",Portugal,38.736946,-9.142685,IT & IT Services,Small (11-200),Laura Thompson,04/12/24,Services,Churned Customer,7,,,1686,40,05/06/24,04/25/24
Roberts-Glover,Portugal,38.736946,-9.142685,Professional Services  & Consulting,Small (11-200),Michael Brown,03/15/24,Services,Churned Customer,7,,,317,40,09/15/24,07/13/24
Bauch Group,Netherlands,52.370216,4.895168,Recreation & Sports,Small (11-200),Sarah Davis,01/17/24,SAAS,Churned Customer,7,,,1813,40,03/28/24,01/24/24
"Reynolds, Kunze and Christiansen",Italy,41.902782,12.496366,Professional Services  & Consulting,Small (11-200),David Wilson,01/24/24,Services,Churned Customer,7,,,1515,40,10/22/24,02/03/24
"Skiles, Koepp and Walter",Belgium,51.260197,4.402771,Transportation & Logistics,Small (11-200),Jessica Martinez,04/19/24,SAAS,Churned Customer,7,,,1569,50,11/05/24,05/21/24
Hermiston and Sons,Germany,52.520008,13.404954,Agriculture & Mining,Small (11-200),Sarah Davis,05/06/24,Custom solution,Churned Customer,7,,,405,40,04/09/25,06/07/24
Roberts-Stracke,Italy,41.902782,12.496366,Professional Services  & Consulting,Small (11-200),Laura Thompson,05/30/24,SAAS,Churned Customer,7,,,1456,60,08/03/24,06/06/24
"Frami, Gerlach and Sporer",France,48.864716,2.349014,Professional Services  & Consulting,Small (11-200),David Wilson,05/07/24,Services,Churned Customer,7,,,217,90,08/04/24,08/22/24
Schumm-Block,Netherlands,52.370216,4.895168,Banking and Finance,Small (11-200),Laura Thompson,02/28/24,Services,Churned Customer,7,,,426,40,12/17/24,04/10/24
"Beahan, Nitzsche and Williamson",Italy,41.902782,12.496366,Banking and Finance,Small (11-200),Sarah Davis,04/25/24,SAAS,Churned Customer,7,,,1846,60,04/19/25,07/31/24
"Bergstrom, Kling and Mayer",Italy,41.902782,12.496366,Retail & Distribution,Small (11-200),Michael Brown,04/19/24,SAAS,Churned Customer,7,,,1515,40,01/25/25,07/12/24
"Stroman, Ritchie and Toy",Italy,41.902782,12.496366,Professional Services  & Consulting,Small (11-200),Sarah Davis,02/21/24,Services,Churned Customer,7,,,1007,20,10/06/24,04/01/24
"Williamson, Smitham and Muller",Switzerland,46.204391,6.143158,Education & Science,Small (11-200),Kevin Anderson,05/03/24,Services,Churned Customer,7,,,1895,80,02/20/25,05/14/24
Kub-Brown,France,48.864716,2.349014,Government Administration Healthcare,Small (11-200),Jessica Martinez,03/27/24,Services,Churned Customer,7,,,748,50,08/30/24,07/16/24
Medhurst Group,Italy,41.902782,12.496366,Professional Services  & Consulting,Small (11-200),Michael Brown,01/05/24,SAAS,Churned Customer,7,,,726,10,06/13/24,03/20/24
Murray-Lehner,Switzerland,46.204391,6.143158,Construction & Engineering,Small (11-200),Laura Thompson,02/12/24,SAAS,Churned Customer,7,,,634,60,03/30/24,02/27/24
"McLaughlin, Effertz and Swift",Italy,41.902782,12.496366,Transportation & Logistics,Small (11-200),Laura Thompson,02/19/24,Custom solution,Churned Customer,7,,,586,60,11/01/24,06/13/24
Shields LLC,Italy,41.902782,12.496366,Telecommunications,Small (11-200),Sarah Davis,05/13/24,Services,Churned Customer,7,,,1936,20,12/17/24,08/22/24
Koch Group,Germany,52.520008,13.404954,Government Administration Healthcare,Small (11-200),Michael Brown,03/21/24,Custom solution,Churned Customer,7,,,1620,40,08/24/24,05/13/24
Langosh Group,Belgium,51.260197,4.402771,Transportation & Logistics,Small (11-200),Kevin Anderson,02/04/24,SAAS,Churned Customer,7,,,287,10,12/05/24,02/14/24
"Wiegand, Friesen and Ortiz",Austria,48.210033,16.363449,Banking and Finance,Small (11-200),Jessica Martinez,05/15/24,Custom solution,Churned Customer,7,,,1828,50,10/07/24,08/29/24
Ward-Schinner,Italy,41.902782,12.496366,Recreation & Sports,Small (11-200),Laura Thompson,02/15/24,SAAS,Churned Customer,7,,,453,40,12/03/24,04/26/24
"Kub, Hintz and Simonis",France,48.864716,2.349014,Education & Science,Small (11-200),Laura Thompson,03/30/24,Services,Churned Customer,7,,,835,70,08/14/24,05/23/24
Greenfelder-Klocko,Switzerland,46.204391,6.143158,Transportation & Logistics,Small (11-200),Jessica Martinez,02/27/24,SAAS,Churned Customer,7,,,1924,30,03/19/24,06/18/24
"Rice, Walker and Hermiston",Italy,41.902782,12.496366,Banking and Finance,Small (11-200),Emily Johnson,01/17/24,SAAS,Churned Customer,7,,,1020,20,05/31/24,03/26/24
"Frami, Brekke and Crooks",Austria,48.210033,16.363449,Energy & Utilities,Small (11-200),David Wilson,04/30/24,SAAS,Churned Customer,7,,,543,30,06/21/24,07/12/24
"Cassin, Windler and Friesen",Switzerland,46.204391,6.143158,Construction & Engineering,Small (11-200),Laura Thompson,03/28/24,SAAS,Churned Customer,7,,,1984,20,12/31/24,05/29/24
"Greenfelder, O'Reilly and Dietrich",Portugal,38.736946,-9.142685,Banking and Finance,Small (11-200),Emily Johnson,01/19/24,SAAS,Churned Customer,7,,,349,50,04/22/24,02/07/24
"Kris, Brekke and Gulgowski",Switzerland,46.204391,6.143158,Telecommunications,Small (11-200),Michael Brown,01/07/24,SAAS,Churned Customer,7,,,1790,90,12/14/24,02/13/24
Adams and Sons,Germany,52.520008,13.404954,Transportation & Logistics,Small (11-200),Michael Brown,02/13/24,SAAS,Churned Customer,7,,,1606,40,11/01/24,05/09/24
"Kunze, O'Reilly and Von",Switzerland,46.204391,6.143158,Retail & Distribution,Small (11-200),Laura Thompson,04/08/24,SAAS,Churned Customer,7,,,716,40,03/11/25,07/13/24
Rempel and Sons,Germany,52.520008,13.404954,Transportation & Logistics,Small (11-200),David Wilson,01/25/24,SAAS,Churned Customer,7,,,1883,20,10/13/24,04/17/24
Smitham-Sipes,Italy,41.902782,12.496366,Banking and Finance,Small (11-200),Laura Thompson,01/06/24,Services,Churned Customer,7,,,233,10,11/12/24,02/10/24
Krajcik-Tromp,Italy,41.902782,12.496366,Manufacturing & Production,Small (11-200),Laura Thompson,05/06/24,SAAS,Churned Customer,7,,,854,60,12/28/24,08/10/24
"Gusikowski, Erdman and Ryan",Italy,41.902782,12.496366,Education & Science,Small (11-200),Jessica Martinez,05/21/24,Services,Churned Customer,7,,,1249,80,03/17/25,06/29/24
"Renner, Bashirian and Lind",Switzerland,46.204391,6.143158,Construction & Engineering,Small (11-200),Laura Thompson,03/21/24,SAAS,Churned Customer,7,,,1125,30,04/12/24,06/02/24
"Spencer, Jerde and Green",Switzerland,46.204391,6.143158,Entertainment & Media & Hospitality,Small (11-200),John Smith,05/27/24,SAAS,Churned Customer,7,,,1411,40,03/23/25,08/29/24
Maggio-Reynolds,France,48.864716,2.349014,Government Administration Healthcare,Small (11-200),Kevin Anderson,02/03/24,SAAS,Churned Customer,7,,,1503,30,01/03/25,04/19/24
Blognation,Germany,52.520008,13.404954,Banking and Finance,Micro (1-10),Kevin Anderson,05/31/24,Custom solution,Churned Customer,7,,,206,80,10/10/24,06/17/24
Dablist,Germany,52.520008,13.404954,IT & IT Services,Micro (1-10),Kevin Anderson,01/11/24,SAAS,Churned Customer,7,,,956,100,04/26/24,03/07/24
Meedoo,Netherlands,52.370216,4.895168,Transportation & Logistics,Micro (1-10),Michael Brown,04/09/24,SAAS,Churned Customer,7,,,668,40,09/05/24,04/27/24
Runte Group,Austria,48.210033,16.363449,Retail & Distribution,Micro (1-10),Kevin Anderson,05/08/24,Services,Churned Customer,7,,,721,30,02/22/25,07/20/24
VonRueden Inc,Germany,52.520008,13.404954,Transportation & Logistics,Micro (1-10),Laura Thompson,03/03/24,Services,Churned Customer,7,,,320,20,10/21/24,03/23/24
Treutel-Willms,Italy,41.902782,12.496366,Banking and Finance,Micro (1-10),David Wilson,05/17/24,Custom solution,Churned Customer,7,,,1074,90,12/21/24,08/15/24
"Medhurst, Weber and Waters",Italy,41.902782,12.496366,Construction & Engineering,Micro (1-10),John Smith,02/15/24,SAAS,Churned Customer,7,,,480,70,02/07/25,05/13/24
Hansen LLC,Spain,40.416775,-3.70379,Professional Services  & Consulting,Micro (1-10),Laura Thompson,01/05/24,Services,Churned Customer,7,,,392,20,01/26/24,03/13/24
Bechtelar-Heidenreich,Italy,41.902782,12.496366,Banking and Finance,Micro (1-10),Michael Brown,03/25/24,Services,Churned Customer,7,,,846,40,08/27/24,06/02/24
"Rosenbaum, Breitenberg and Langworth",Switzerland,46.204391,6.143158,IT & IT Services,Micro (1-10),Emily Johnson,04/30/24,SAAS,Churned Customer,7,,,968,50,01/24/25,08/03/24
Kunde Group,Spain,40.416775,-3.70379,Agriculture & Mining,Micro (1-10),Laura Thompson,01/04/24,Services,Churned Customer,7,,,1068,40,11/12/24,03/18/24
Abernathy and Sons,France,48.864716,2.349014,Agriculture & Mining,Micro (1-10),Laura Thompson,03/27/24,Services,Churned Customer,7,,,617,30,12/02/24,04/01/24
"Erdman, Wilkinson and Stracke",Germany,52.520008,13.404954,Banking and Finance,Micro (1-10),Kevin Anderson,01/04/24,Services,Churned Customer,7,,,888,30,05/08/24,02/04/24
"Bogisich, Denesik and Crona",Spain,40.416775,-3.70379,IT & IT Services,Micro (1-10),Michael Brown,04/15/24,Custom solution,Churned Customer,7,,,364,30,05/29/24,08/12/24
Davis-Schuppe,Germany,52.520008,13.404954,Banking and Finance,Micro (1-10),Jessica Martinez,04/15/24,Services,Churned Customer,7,,,856,60,09/29/24,07/11/24
Huel-Dooley,Belgium,51.260197,4.402771,Banking and Finance,Micro (1-10),Sarah Davis,02/10/24,SAAS,Churned Customer,7,,,555,40,07/27/24,03/18/24
Bergstrom LLC,Portugal,38.736946,-9.142685,Transportation & Logistics,Micro (1-10),Jessica Martinez,04/04/24,Services,Churned Customer,7,,,1035,70,08/20/24,07/25/24
"Considine, Collins and Hudson",Portugal,38.736946,-9.142685,Entertainment & Media & Hospitality,Micro (1-10),Jessica Martinez,02/25/24,SAAS,Churned Customer,7,,,566,30,12/09/24,06/01/24
Kunde-Lindgren,Netherlands,52.370216,4.895168,Telecommunications,Micro (1-10),Jessica Martinez,01/18/24,Services,Churned Customer,7,,,722,90,11/04/24,05/03/24
Crooks Group,France,48.864716,2.349014,Telecommunications,Micro (1-10),Laura Thompson,01/16/24,Services,Churned Customer,7,,,1000,80,04/15/24,02/03/24
O'Conner Group,Italy,41.902782,12.496366,Agriculture & Mining,Micro (1-10),Michael Brown,02/18/24,Custom solution,Churned Customer,7,,,898,60,03/27/24,04/13/24
Bogan-Goyette,Netherlands,52.370216,4.895168,Telecommunications,Micro (1-10),Laura Thompson,05/23/24,Services,Churned Customer,7,,,786,30,12/03/24,09/10/24
"Hilll, Runolfsdottir and Barrows",Switzerland,46.204391,6.143158,Transportation & Logistics,Micro (1-10),Emily Johnson,02/23/24,SAAS,Churned Customer,7,,,843,40,06/29/24,06/16/24
"Lubowitz, McClure and Hettinger",Spain,40.416775,-3.70379,IT & IT Services,Micro (1-10),Kevin Anderson,05/01/24,SAAS,Churned Customer,7,,,608,20,03/16/25,08/20/24
Herman LLC,Italy,41.902782,12.496366,IT & IT Services,Micro (1-10),Laura Thompson,01/05/24,Services,Churned Customer,7,,,285,20,07/16/24,01/22/24
Bednar-Schuppe,Portugal,38.736946,-9.142685,Retail & Distribution,Micro (1-10),Jessica Martinez,03/15/24,Custom solution,Churned Customer,7,,,950,20,12/25/24,07/06/24
Reynolds-Olson,Germany,52.520008,13.404954,Transportation & Logistics,Micro (1-10),Jessica Martinez,04/06/24,SAAS,Churned Customer,7,,,1095,40,09/20/24,04/06/24
"Jacobi, Johnson and Harris",France,48.864716,2.349014,Government Administration Healthcare,Micro (1-10),Laura Thompson,05/21/24,Services,Churned Customer,7,,,668,90,08/20/24,08/07/24
Beatty Group,Belgium,51.260197,4.402771,Banking and Finance,Micro (1-10),Laura Thompson,01/26/24,Services,Churned Customer,7,,,993,50,09/29/24,02/14/24
"Hettinger, Kuhic and Dooley",Germany,52.520008,13.404954,Banking and Finance,Micro (1-10),John Smith,02/07/24,SAAS,Churned Customer,7,,,670,50,04/09/24,04/01/24
O'Kon-Fay,France,48.864716,2.349014,Banking and Finance,Micro (1-10),Jessica Martinez,02/13/24,SAAS,Churned Customer,7,,,442,20,09/08/24,05/24/24
Leuschke LLC,Germany,52.520008,13.404954,Transportation & Logistics,Micro (1-10),Laura Thompson,01/31/24,Custom solution,Churned Customer,7,,,375,70,07/16/24,03/13/24
"Dooley, Stracke and Wiegand",Italy,41.902782,12.496366,Energy & Utilities,Micro (1-10),Kevin Anderson,02/28/24,SAAS,Churned Customer,7,,,258,40,01/12/25,04/19/24
Heathcote-Ryan,Portugal,38.736946,-9.142685,Education & Science,Micro (1-10),Michael Brown,04/26/24,SAAS,Churned Customer,7,,,663,40,02/17/25,05/29/24
"Leuschke, Mohr and Rolfson",Switzerland,46.204391,6.143158,Transportation & Logistics,Micro (1-10),John Smith,03/11/24,Services,Churned Customer,7,,,1039,70,12/13/24,06/14/24
Reinger and Sons,Austria,48.210033,16.363449,Banking and Finance,Micro (1-10),Jessica Martinez,01/13/24,SAAS,Churned Customer,7,,,991,40,04/30/24,03/26/24
Klocko Group,Switzerland,46.204391,6.143158,Transportation & Logistics,Micro (1-10),Jessica Martinez,01/06/24,SAAS,Churned Customer,7,,,820,20,10/24/24,02/09/24
"Koch, Kerluke and Kuphal",Portugal,38.736946,-9.142685,Transportation & Logistics,Micro (1-10),Laura Thompson,02/20/24,SAAS,Churned Customer,7,,,884,100,01/10/25,04/03/24
Wolf Inc,Netherlands,52.370216,4.895168,Energy & Utilities,Micro (1-10),Sarah Davis,02/22/24,Custom solution,Churned Customer,7,,,1057,60,02/07/25,06/14/24
Hoeger-Jakubowski,France,48.864716,2.349014,Transportation & Logistics,Micro (1-10),Jessica Martinez,05/30/24,Services,Churned Customer,7,,,654,20,11/02/24,08/23/24
Ziemann LLC,Italy,41.902782,12.496366,Construction & Engineering,Micro (1-10),Jessica Martinez,01/17/24,SAAS,Churned Customer,7,,,913,50,03/13/24,02/19/24
Flashspan,Spain,40.416775,-3.70379,Telecommunications,Medium (201-500),John Smith,04/25/24,SAAS,Churned Customer,7,,,5555,50,02/28/25,04/30/24
Wordpedia,Italy,41.902782,12.496366,Transportation & Logistics,Medium (201-500),Emily Johnson,04/21/24,Custom solution,Churned Customer,7,,,5916,10,10/13/24,06/09/24
Quaxo,Italy,41.902782,12.496366,Government Administration Healthcare,Medium (201-500),Michael Brown,02/26/24,Services,Churned Customer,7,,,1352,20,06/16/24,04/25/24
Skivee,Portugal,38.736946,-9.142685,Recreation & Sports,Medium (201-500),Jessica Martinez,05/04/24,Custom solution,Churned Customer,7,,,7313,90,05/31/24,08/21/24
BlogXS,Spain,40.416775,-3.70379,Construction & Engineering,Medium (201-500),Jessica Martinez,05/13/24,Custom solution,Churned Customer,7,,,481,50,06/07/24,06/21/24
Buzzster,France,48.864716,2.349014,Retail & Distribution,Medium (201-500),Jessica Martinez,02/23/24,Services,Churned Customer,7,,,5122,20,07/31/24,03/23/24
Wyman-Goodwin,Austria,48.210033,16.363449,Education & Science,Medium (201-500),Laura Thompson,02/01/24,SAAS,Churned Customer,7,,,7898,30,09/05/24,03/02/24
Cruickshank-Weimann,Switzerland,46.204391,6.143158,IT & IT Services,Medium (201-500),Laura Thompson,03/18/24,Custom solution,Churned Customer,7,,,5718,30,08/03/24,06/08/24
Schaden-Bode,Switzerland,46.204391,6.143158,Education & Science,Medium (201-500),David Wilson,02/10/24,Services,Churned Customer,7,,,2849,90,09/15/24,02/16/24
Walker LLC,Spain,40.416775,-3.70379,Professional Services  & Consulting,Medium (201-500),Jessica Martinez,01/12/24,Services,Churned Customer,7,,,3612,40,07/24/24,04/02/24
"Tremblay, Lebsack and Gerhold",Spain,40.416775,-3.70379,Transportation & Logistics,Medium (201-500),Jessica Martinez,04/05/24,SAAS,Churned Customer,7,,,1333,20,06/28/24,06/01/24
O'Reilly-Ferry,Switzerland,46.204391,6.143158,Banking and Finance,Medium (201-500),John Smith,01/18/24,Services,Churned Customer,7,,,2367,20,01/07/25,05/12/24
Bartoletti-Aufderhar,Germany,52.520008,13.404954,Professional Services  & Consulting,Medium (201-500),David Wilson,04/07/24,Services,Churned Customer,7,,,3651,40,07/28/24,04/12/24
Kiehn-Kshlerin,Italy,41.902782,12.496366,Government Administration Healthcare,Medium (201-500),Michael Brown,02/23/24,SAAS,Churned Customer,7,,,1647,10,01/01/25,05/24/24
Haley Group,Spain,40.416775,-3.70379,IT & IT Services,Medium (201-500),John Smith,02/18/24,SAAS,Churned Customer,7,,,3098,40,11/12/24,03/01/24
"Hegmann, Larkin and Bednar",France,48.864716,2.349014,Agriculture & Mining,Medium (201-500),Kevin Anderson,02/15/24,Services,Churned Customer,7,,,7604,40,11/14/24,03/02/24
"Lynch, Kihn and Bartell",Germany,52.520008,13.404954,Retail & Distribution,Medium (201-500),Kevin Anderson,03/03/24,Services,Churned Customer,7,,,3858,50,06/20/24,04/01/24
"Schinner, Bogisich and Batz",Austria,48.210033,16.363449,Education & Science,Medium (201-500),Emily Johnson,01/12/24,SAAS,Churned Customer,7,,,785,70,07/17/24,04/14/24
Grimes and Sons,Spain,40.416775,-3.70379,Government Administration Healthcare,Medium (201-500),Jessica Martinez,01/20/24,SAAS,Churned Customer,7,,,4410,40,06/10/24,03/07/24
"VonRueden, Gerlach and Schiller",France,48.864716,2.349014,Professional Services  & Consulting,Medium (201-500),Laura Thompson,04/10/24,Services,Churned Customer,7,,,3455,100,12/11/24,06/11/24
"Heller, Effertz and Tromp",Belgium,51.260197,4.402771,Banking and Finance,Medium (201-500),Laura Thompson,02/14/24,SAAS,Churned Customer,7,,,7486,40,12/22/24,05/11/24
Emard-Lind,Switzerland,46.204391,6.143158,Retail & Distribution,Medium (201-500),Michael Brown,03/03/24,Services,Churned Customer,7,,,4521,90,12/12/24,03/06/24
O'Hara-Wyman,Italy,41.902782,12.496366,Government Administration Healthcare,Medium (201-500),David Wilson,05/30/24,SAAS,Churned Customer,7,,,1641,20,07/09/24,09/06/24
Tillman-Greenholt,Italy,41.902782,12.496366,Education & Science,Medium (201-500),Michael Brown,01/02/24,SAAS,Churned Customer,7,,,3545,40,07/13/24,04/27/24
Powlowski LLC,Italy,41.902782,12.496366,Manufacturing & Production,Medium (201-500),Jessica Martinez,05/18/24,SAAS,Churned Customer,7,,,5862,60,09/27/24,07/06/24
O'Reilly-Stanton,Netherlands,52.370216,4.895168,IT & IT Services,Medium (201-500),Kevin Anderson,03/17/24,Services,Churned Customer,7,,,6124,20,06/28/24,07/05/24
O'Reilly-Bruen,France,48.864716,2.349014,Government Administration Healthcare,Medium (201-500),Laura Thompson,02/05/24,Services,Churned Customer,7,,,2002,30,12/23/24,03/20/24
Kirlin and Sons,Portugal,38.736946,-9.142685,Government Administration Healthcare,Medium (201-500),Jessica Martinez,01/02/24,Services,Churned Customer,7,,,3182,20,05/05/24,03/03/24
MacGyver LLC,Belgium,51.260197,4.402771,Agriculture & Mining,Medium (201-500),Jessica Martinez,02/04/24,SAAS,Churned Customer,7,,,7019,30,03/02/24,05/12/24
Lemke-Crooks,Italy,41.902782,12.496366,Transportation & Logistics,Medium (201-500),John Smith,04/17/24,SAAS,Churned Customer,7,,,2816,70,08/04/24,05/18/24
"Hirthe, Grady and Cummings",Switzerland,46.204391,6.143158,Banking and Finance,Medium (201-500),Emily Johnson,05/24/24,SAAS,Churned Customer,7,,,734,40,08/04/24,08/27/24
Crooks-Wiza,Italy,41.902782,12.496366,Banking and Finance,Medium (201-500),Michael Brown,03/23/24,SAAS,Churned Customer,7,,,7204,20,11/22/24,06/24/24
"Ortiz, Bashirian and Pfannerstill",Italy,41.902782,12.496366,Professional Services  & Consulting,Medium (201-500),Jessica Martinez,04/01/24,SAAS,Churned Customer,7,,,2921,60,02/13/25,06/02/24
"Orn, Blanda and Oberbrunner",Portugal,38.736946,-9.142685,Government Administration Healthcare,Medium (201-500),Emily Johnson,03/09/24,Services,Churned Customer,7,,,2653,50,01/31/25,05/30/24
Boyle Inc,France,48.864716,2.349014,Telecommunications,Medium (201-500),Sarah Davis,05/29/24,Custom solution,Churned Customer,7,,,4849,30,07/20/24,07/23/24
"Rodriguez, Little and Jast",Switzerland,46.204391,6.143158,IT & IT Services,Medium (201-500),Laura Thompson,03/28/24,Custom solution,Churned Customer,7,,,1092,40,01/02/25,07/13/24
Bosco LLC,Portugal,38.736946,-9.142685,Entertainment & Media & Hospitality,Medium (201-500),Jessica Martinez,05/10/24,Custom solution,Churned Customer,7,,,5902,50,04/29/25,07/27/24
Bergnaum LLC,Italy,41.902782,12.496366,Telecommunications,Medium (201-500),Michael Brown,05/04/24,Custom solution,Churned Customer,7,,,625,40,10/04/24,08/03/24
"Corkery, Block and Frami",Italy,41.902782,12.496366,Transportation & Logistics,Medium (201-500),Emily Johnson,02/01/24,Services,Churned Customer,7,,,7655,60,03/31/24,04/27/24
"Auer, Bogisich and Kovacek",Italy,41.902782,12.496366,IT & IT Services,Medium (201-500),Michael Brown,04/14/24,Custom solution,Churned Customer,7,,,7270,30,10/03/24,07/26/24
Jones and Sons,Italy,41.902782,12.496366,Telecommunications,Medium (201-500),Emily Johnson,01/12/24,Custom solution,Churned Customer,7,,,6482,90,01/03/25,03/24/24
"Wilderman, Bayer and Hickle",Belgium,51.260197,4.402771,Transportation & Logistics,Medium (201-500),Laura Thompson,01/10/24,Services,Churned Customer,7,,,3196,30,05/21/24,03/21/24
"Rutherford, Lueilwitz and Frami",Italy,41.902782,12.496366,Manufacturing & Production,Medium (201-500),Michael Brown,02/01/24,Services,Churned Customer,7,,,5812,90,12/25/24,03/28/24
Lang LLC,Spain,40.416775,-3.70379,Transportation & Logistics,Medium (201-500),John Smith,01/20/24,SAAS,Churned Customer,7,,,2015,100,01/02/25,02/05/24
Auer Group,Spain,40.416775,-3.70379,Agriculture & Mining,Medium (201-500),Laura Thompson,01/12/24,Services,Churned Customer,7,,,3580,30,05/29/24,02/24/24
"Hilll, Jacobi and Cormier",Austria,48.210033,16.363449,Government Administration Healthcare,Medium (201-500),John Smith,03/01/24,SAAS,Churned Customer,7,,,1985,60,01/26/25,06/01/24
Reinger LLC,Portugal,38.736946,-9.142685,Transportation & Logistics,Medium (201-500),Kevin Anderson,02/17/24,Services,Churned Customer,7,,,7799,60,06/21/24,02/25/24
"Heaney, Hickle and Marquardt",Portugal,38.736946,-9.142685,IT & IT Services,Medium (201-500),Jessica Martinez,05/01/24,Services,Churned Customer,7,,,1142,50,12/05/24,07/17/24
Hudson-Morar,Belgium,51.260197,4.402771,Government Administration Healthcare,Medium (201-500),Laura Thompson,03/17/24,Services,Churned Customer,7,,,5858,40,05/19/24,05/02/24
Heller-Hartmann,Italy,41.902782,12.496366,Construction & Engineering,Medium (201-500),Sarah Davis,02/10/24,SAAS,Churned Customer,7,,,2557,50,05/24/24,02/24/24
Torphy-Pouros,Portugal,38.736946,-9.142685,Banking and Finance,Medium (201-500),John Smith,02/08/24,Services,Churned Customer,7,,,3207,60,10/18/24,06/07/24
Zulauf-Gutkowski,Italy,41.902782,12.496366,Agriculture & Mining,Medium (201-500),Michael Brown,05/10/24,SAAS,Churned Customer,7,,,797,70,11/30/24,08/02/24
"Kunde, O'Keefe and Skiles",Germany,52.520008,13.404954,Banking and Finance,Medium (201-500),Michael Brown,01/03/24,Services,Churned Customer,7,,,6018,40,07/08/24,04/01/24
Raynor Group,Netherlands,52.370216,4.895168,Banking and Finance,Medium (201-500),Laura Thompson,02/25/24,Custom solution,Churned Customer,7,,,3011,90,09/02/24,05/31/24
Konopelski Group,Portugal,38.736946,-9.142685,Telecommunications,Medium (201-500),Laura Thompson,01/31/24,Services,Churned Customer,7,,,655,80,05/23/24,02/12/24
"Johnson, Sporer and Kertzmann",Spain,40.416775,-3.70379,IT & IT Services,Medium (201-500),Emily Johnson,02/07/24,Custom solution,Churned Customer,7,,,2589,60,12/19/24,04/15/24
"Predovic, Ryan and Wisoky",Portugal,38.736946,-9.142685,Banking and Finance,Medium (201-500),Laura Thompson,05/11/24,SAAS,Churned Customer,7,,,2378,50,09/17/24,09/03/24
Bernhard-Padberg,Portugal,38.736946,-9.142685,Energy & Utilities,Medium (201-500),Laura Thompson,03/29/24,SAAS,Churned Customer,7,,,4592,40,12/25/24,07/09/24
"Kemmer, Crona and Dietrich",Austria,48.210033,16.363449,Transportation & Logistics,Medium (201-500),Emily Johnson,03/09/24,SAAS,Churned Customer,7,,,7969,30,06/15/24,07/06/24
Bruen and Sons,Netherlands,52.370216,4.895168,Transportation & Logistics,Medium (201-500),Michael Brown,04/28/24,SAAS,Churned Customer,7,,,1295,40,12/24/24,08/22/24
"Hickle, Rutherford and Ritchie",Netherlands,52.370216,4.895168,Agriculture & Mining,Medium (201-500),Laura Thompson,02/13/24,Custom solution,Churned Customer,7,,,3184,100,06/21/24,02/15/24
"Hegmann, Jones and Schiller",Portugal,38.736946,-9.142685,IT & IT Services,Medium (201-500),Emily Johnson,04/24/24,SAAS,Churned Customer,7,,,2931,80,12/05/24,05/07/24
"Heidenreich, Bergnaum and Gleason",Spain,40.416775,-3.70379,Education & Science,Medium (201-500),Jessica Martinez,01/30/24,SAAS,Churned Customer,7,,,7888,10,08/09/24,02/28/24
Senger-Deckow,Germany,52.520008,13.404954,Retail & Distribution,Medium (201-500),Emily Johnson,03/30/24,SAAS,Churned Customer,7,,,6007,50,11/22/24,07/08/24
"Krajcik, Hagenes and Cronin",Germany,52.520008,13.404954,Recreation & Sports,Medium (201-500),Emily Johnson,01/19/24,SAAS,Churned Customer,7,,,6718,60,03/05/24,02/23/24
"Parisian, Kub and Wilderman",Italy,41.902782,12.496366,Government Administration Healthcare,Medium (201-500),Sarah Davis,01/31/24,SAAS,Churned Customer,7,,,4828,100,01/25/25,02/16/24
Funk-Herman,Portugal,38.736946,-9.142685,Education & Science,Medium (201-500),Emily Johnson,04/19/24,SAAS,Churned Customer,7,,,3672,90,08/24/24,07/27/24
Mraz Group,Spain,40.416775,-3.70379,Transportation & Logistics,Medium (201-500),Laura Thompson,03/23/24,Custom solution,Churned Customer,7,,,4088,20,11/28/24,06/09/24
Oberbrunner-Moore,Portugal,38.736946,-9.142685,Education & Science,Medium (201-500),David Wilson,02/04/24,Services,Churned Customer,7,,,1748,60,03/17/24,02/23/24
McLaughlin-Schmidt,France,48.864716,2.349014,Manufacturing & Production,Medium (201-500),Sarah Davis,02/15/24,Custom solution,Churned Customer,7,,,3420,80,10/04/24,04/08/24
"Hane, Berge and Gleason",Switzerland,46.204391,6.143158,Professional Services  & Consulting,Medium (201-500),Jessica Martinez,05/05/24,Services,Churned Customer,7,,,3736,90,10/07/24,07/04/24
Mynte,Italy,41.902782,12.496366,Education & Science,Large (501-1000),Michael Brown,04/03/24,SAAS,Churned Customer,7,,,13020,30,10/13/24,05/11/24
"Borer, Cremin and Rolfson",Switzerland,46.204391,6.143158,Government Administration Healthcare,Large (501-1000),Sarah Davis,05/29/24,Services,Churned Customer,7,,,12088,60,04/11/25,09/07/24
Hyatt and Sons,Italy,41.902782,12.496366,Government Administration Healthcare,Large (501-1000),John Smith,03/13/24,Services,Churned Customer,7,,,8026,100,11/18/24,03/16/24
Hamill-Purdy,Italy,41.902782,12.496366,IT & IT Services,Large (501-1000),Michael Brown,01/18/24,Services,Churned Customer,7,,,15725,10,07/09/24,04/29/24
Wiegand LLC,Switzerland,46.204391,6.143158,IT & IT Services,Large (501-1000),Jessica Martinez,04/12/24,SAAS,Churned Customer,7,,,4292,20,07/18/24,05/07/24
Bogan-Goldner,Netherlands,52.370216,4.895168,Telecommunications,Large (501-1000),Laura Thompson,03/07/24,Custom solution,Churned Customer,7,,,15281,30,07/17/24,03/18/24
Gabtune,Germany,52.520008,13.404954,Government Administration Healthcare,Enterprise (1001+),Emily Johnson,03/07/24,SAAS,Churned Customer,7,,,18599,30,07/27/24,06/11/24
"Vandervort, Mosciski and White",France,48.864716,2.349014,Transportation & Logistics,Enterprise (1001+),Laura Thompson,01/06/24,Custom solution,Churned Customer,7,,,2916,20,09/10/24,04/07/24
Labadie-Rath,Netherlands,52.370216,4.895168,Agriculture & Mining,Enterprise (1001+),Laura Thompson,04/25/24,Custom solution,Churned Customer,7,,,13151,100,06/09/24,08/01/24
Berge LLC,Portugal,38.736946,-9.142685,Transportation & Logistics,Enterprise (1001+),John Smith,04/08/24,Services,Churned Customer,7,,,13724,40,05/01/24,05/31/24
"Cole, McKenzie and Lakin",Italy,41.902782,12.496366,Transportation & Logistics,Enterprise (1001+),Jessica Martinez,02/28/24,Custom solution,Churned Customer,7,,,2038,30,08/03/24,06/16/24
Quigley-Monahan,Germany,52.520008,13.404954,Education & Science,Enterprise (1001+),David Wilson,05/14/24,Services,Churned Customer,7,,,16079,50,01/19/25,06/01/24
Rhycero,France,48.864716,2.349014,Banking and Finance,Small (11-200),Sarah Davis,02/07/24,Custom solution,Customer,6,,,480,50,11/07/24,03/06/24
Quimba,Portugal,38.736946,-9.142685,Banking and Finance,Small (11-200),Jessica Martinez,03/29/24,Services,Customer,6,,,1055,90,01/01/25,07/08/24
Edgeblab,Belgium,51.260197,4.402771,Agriculture & Mining,Small (11-200),Laura Thompson,01/26/24,Services,Customer,6,,,919,60,04/20/24,03/22/24
Twitternation,Austria,48.210033,16.363449,Government Administration Healthcare,Small (11-200),Jessica Martinez,01/09/24,SAAS,Customer,6,,,1130,50,10/15/24,03/12/24
"Hoeger, Flatley and Anderson",Germany,52.520008,13.404954,Transportation & Logistics,Small (11-200),Michael Brown,04/20/24,SAAS,Customer,6,,,1936,40,02/21/25,06/14/24
"Hermiston, Ziemann and Howell",Italy,41.902782,12.496366,Banking and Finance,Small (11-200),Laura Thompson,02/05/24,Services,Customer,6,,,1643,30,08/12/24,05/30/24
"Monahan, Ondricka and Nienow",Portugal,38.736946,-9.142685,Banking and Finance,Small (11-200),John Smith,05/08/24,SAAS,Customer,6,,,1023,20,01/24/25,05/30/24
"Kovacek, Hermiston and McCullough",Netherlands,52.370216,4.895168,IT & IT Services,Small (11-200),John Smith,04/27/24,SAAS,Customer,6,,,1086,30,07/22/24,06/12/24
Macejkovic LLC,Italy,41.902782,12.496366,Transportation & Logistics,Small (11-200),Laura Thompson,02/26/24,SAAS,Customer,6,,,710,40,08/18/24,05/29/24
Keeling-Sauer,Portugal,38.736946,-9.142685,Retail & Distribution,Small (11-200),Emily Johnson,02/17/24,Services,Customer,6,,,1986,50,07/17/24,03/08/24
Berge Group,Portugal,38.736946,-9.142685,Banking and Finance,Small (11-200),Laura Thompson,01/22/24,Services,Customer,6,,,765,50,07/12/24,04/07/24
Jenkins-Turcotte,France,48.864716,2.349014,Professional Services  & Consulting,Small (11-200),Laura Thompson,03/18/24,Services,Customer,6,,,1071,30,06/03/24,05/25/24
Kutch LLC,France,48.864716,2.349014,Banking and Finance,Small (11-200),Jessica Martinez,02/20/24,SAAS,Customer,6,,,1189,20,05/06/24,04/12/24
Durgan-Little,France,48.864716,2.349014,Telecommunications,Small (11-200),Laura Thompson,03/05/24,SAAS,Customer,6,,,387,40,05/23/24,06/17/24
Hilpert-Wyman,Austria,48.210033,16.363449,Manufacturing & Production,Small (11-200),John Smith,03/29/24,Services,Customer,6,,,404,70,05/30/24,06/10/24
Stiedemann-Roob,Italy,41.902782,12.496366,Retail & Distribution,Small (11-200),Jessica Martinez,04/22/24,SAAS,Customer,6,,,789,50,09/03/24,06/08/24
"Reichel, Runolfsdottir and Stoltenberg",Italy,41.902782,12.496366,Transportation & Logistics,Small (11-200),Emily Johnson,02/26/24,Services,Customer,6,,,371,40,08/10/24,05/09/24
"Terry, Jenkins and Baumbach",Netherlands,52.370216,4.895168,IT & IT Services,Small (11-200),Kevin Anderson,05/13/24,SAAS,Customer,6,,,202,50,10/10/24,08/25/24
Runolfsdottir-O'Conner,Italy,41.902782,12.496366,Professional Services  & Consulting,Small (11-200),Michael Brown,05/12/24,Custom solution,Customer,6,,,951,30,09/13/24,05/21/24
Kutch Group,France,48.864716,2.349014,Construction & Engineering,Small (11-200),Jessica Martinez,04/16/24,Services,Customer,6,,,633,30,07/28/24,05/29/24
"Corwin, Abbott and Robel",Austria,48.210033,16.363449,Professional Services  & Consulting,Small (11-200),Kevin Anderson,04/20/24,SAAS,Customer,6,,,971,90,07/13/24,06/06/24
"Ward, Kuhic and Torp",Switzerland,46.204391,6.143158,Energy & Utilities,Small (11-200),John Smith,02/21/24,SAAS,Customer,6,,,1676,10,11/18/24,06/02/24
Beier-Lang,France,48.864716,2.349014,IT & IT Services,Small (11-200),Jessica Martinez,04/16/24,SAAS,Customer,6,,,809,30,06/22/24,07/28/24
"Auer, Hackett and Bruen",Austria,48.210033,16.363449,Agriculture & Mining,Small (11-200),Michael Brown,02/28/24,Custom solution,Customer,6,,,304,90,06/24/24,05/05/24
"Buckridge, Brekke and Daniel",Belgium,51.260197,4.402771,Manufacturing & Production,Small (11-200),Jessica Martinez,04/12/24,SAAS,Customer,6,,,1584,40,05/06/24,06/22/24
Fay Inc,France,48.864716,2.349014,Education & Science,Small (11-200),Kevin Anderson,05/22/24,Custom solution,Customer,6,,,894,30,02/19/25,08/11/24
"Braun, Goldner and Durgan",France,48.864716,2.349014,Recreation & Sports,Small (11-200),Sarah Davis,04/17/24,SAAS,Customer,6,,,1067,30,03/23/25,04/22/24
Gibson-Hettinger,Netherlands,52.370216,4.895168,Professional Services  & Consulting,Small (11-200),Laura Thompson,01/31/24,Services,Customer,6,,,1313,40,06/30/24,02/21/24
"Gutmann, Kunze and Schaden",Belgium,51.260197,4.402771,Transportation & Logistics,Small (11-200),Sarah Davis,01/19/24,Services,Customer,6,,,1219,30,04/05/24,02/27/24
Schamberger-Dicki,Switzerland,46.204391,6.143158,IT & IT Services,Small (11-200),Laura Thompson,03/06/24,Services,Customer,6,,,1363,30,05/11/24,03/21/24
Harvey Inc,Netherlands,52.370216,4.895168,IT & IT Services,Small (11-200),David Wilson,01/10/24,Custom solution,Customer,6,,,1693,80,10/31/24,01/10/24
"Bins, Lakin and Daugherty",Italy,41.902782,12.496366,Retail & Distribution,Small (11-200),Sarah Davis,01/04/24,SAAS,Customer,6,,,844,70,12/18/24,02/19/24
"Reynolds, Bogisich and Block",Spain,40.416775,-3.70379,Entertainment & Media & Hospitality,Small (11-200),Emily Johnson,05/23/24,Custom solution,Customer,6,,,1336,80,01/13/25,08/12/24
"Auer, Schmeler and Morissette",Switzerland,46.204391,6.143158,Transportation & Logistics,Small (11-200),Emily Johnson,03/11/24,Services,Customer,6,,,267,90,04/06/24,03/30/24
Hegmann Group,Portugal,38.736946,-9.142685,Energy & Utilities,Small (11-200),Laura Thompson,01/11/24,Custom solution,Customer,6,,,559,40,11/23/24,05/01/24
Will-Stamm,Netherlands,52.370216,4.895168,IT & IT Services,Small (11-200),Jessica Martinez,03/26/24,Custom solution,Customer,6,,,1204,20,06/11/24,06/19/24
Goldner-Weimann,France,48.864716,2.349014,Banking and Finance,Small (11-200),Laura Thompson,02/21/24,Services,Customer,6,,,1938,20,02/12/25,03/17/24
Hodkiewicz-Howe,Italy,41.902782,12.496366,Transportation & Logistics,Small (11-200),Michael Brown,04/25/24,SAAS,Customer,6,,,985,40,02/28/25,08/21/24
Keeling Inc,France,48.864716,2.349014,Telecommunications,Small (11-200),Michael Brown,02/07/24,Services,Customer,6,,,1787,60,08/18/24,05/16/24
Harris Inc,Portugal,38.736946,-9.142685,Transportation & Logistics,Small (11-200),Michael Brown,03/23/24,SAAS,Customer,6,,,1949,50,03/17/25,05/09/24
Roberts and Sons,Belgium,51.260197,4.402771,Recreation & Sports,Small (11-200),Kevin Anderson,01/19/24,Services,Customer,6,,,1964,70,10/08/24,03/03/24
Hauck-Beahan,Italy,41.902782,12.496366,Construction & Engineering,Small (11-200),Laura Thompson,04/03/24,Services,Customer,6,,,825,50,09/03/24,08/01/24
"Ryan, Toy and O'Reilly",France,48.864716,2.349014,Banking and Finance,Small (11-200),Laura Thompson,05/28/24,SAAS,Customer,6,,,559,90,03/23/25,08/02/24
Orn Inc,Germany,52.520008,13.404954,Telecommunications,Small (11-200),Michael Brown,02/03/24,Services,Customer,6,,,1905,30,07/29/24,06/02/24
Kuhlman Inc,France,48.864716,2.349014,Professional Services  & Consulting,Small (11-200),John Smith,03/14/24,SAAS,Customer,6,,,1472,30,04/18/24,07/01/24
"Von, Becker and Fisher",Netherlands,52.370216,4.895168,Government Administration Healthcare,Small (11-200),Michael Brown,01/10/24,SAAS,Customer,6,,,623,30,10/25/24,03/01/24
"Mertz, Casper and Klein",Belgium,51.260197,4.402771,IT & IT Services,Small (11-200),Michael Brown,03/16/24,Services,Customer,6,,,555,50,02/20/25,06/05/24
"Botsford, King and Steuber",Austria,48.210033,16.363449,IT & IT Services,Small (11-200),Laura Thompson,05/04/24,SAAS,Customer,6,,,1662,40,09/30/24,07/11/24
Funk-Hane,France,48.864716,2.349014,Telecommunications,Small (11-200),Jessica Martinez,04/09/24,Services,Customer,6,,,928,20,01/30/25,07/14/24
Hartmann-Pollich,Spain,40.416775,-3.70379,Transportation & Logistics,Small (11-200),David Wilson,04/11/24,Services,Customer,6,,,901,10,02/04/25,06/08/24
Frami-Gusikowski,Germany,52.520008,13.404954,Government Administration Healthcare,Small (11-200),Laura Thompson,03/20/24,SAAS,Customer,6,,,954,70,06/08/24,07/09/24
Lueilwitz Inc,France,48.864716,2.349014,Entertainment & Media & Hospitality,Small (11-200),Emily Johnson,02/08/24,SAAS,Customer,6,,,1328,40,03/07/24,04/01/24
Kreiger-Rice,Belgium,51.260197,4.402771,Transportation & Logistics,Small (11-200),Michael Brown,02/10/24,SAAS,Customer,6,,,1707,100,11/22/24,04/26/24
Blick Inc,Switzerland,46.204391,6.143158,IT & IT Services,Small (11-200),John Smith,01/07/24,SAAS,Customer,6,,,513,90,03/13/24,03/23/24
Bauch-Morar,France,48.864716,2.349014,Professional Services  & Consulting,Small (11-200),Laura Thompson,05/08/24,Custom solution,Customer,6,,,1563,20,08/05/24,06/05/24
"Auer, Deckow and Torp",Portugal,38.736946,-9.142685,Professional Services  & Consulting,Small (11-200),Jessica Martinez,02/29/24,SAAS,Customer,6,,,1898,40,10/24/24,05/04/24
Kuvalis-Strosin,Germany,52.520008,13.404954,Transportation & Logistics,Small (11-200),Michael Brown,03/25/24,Custom solution,Customer,6,,,480,40,04/23/24,06/04/24
Hintz-Fadel,Belgium,51.260197,4.402771,Transportation & Logistics,Small (11-200),Jessica Martinez,02/22/24,SAAS,Customer,6,,,563,40,02/15/25,05/11/24
Kiehn-Bernier,Portugal,38.736946,-9.142685,Banking and Finance,Small (11-200),Laura Thompson,01/07/24,Custom solution,Customer,6,,,583,60,11/24/24,03/20/24
Zooxo,Switzerland,46.204391,6.143158,IT & IT Services,Micro (1-10),Sarah Davis,02/14/24,Services,Customer,6,,,974,100,01/22/25,05/20/24
Jetpulse,Germany,52.520008,13.404954,IT & IT Services,Micro (1-10),John Smith,04/18/24,SAAS,Customer,6,,,595,20,01/26/25,05/19/24
InnoZ,Italy,41.902782,12.496366,Transportation & Logistics,Micro (1-10),Emily Johnson,01/20/24,SAAS,Customer,6,,,283,20,11/01/24,04/20/24
Chatterpoint,Switzerland,46.204391,6.143158,Manufacturing & Production,Micro (1-10),Michael Brown,03/10/24,SAAS,Customer,6,,,545,30,06/01/24,05/30/24
Trunyx,Spain,40.416775,-3.70379,Transportation & Logistics,Micro (1-10),David Wilson,02/24/24,Services,Customer,6,,,1024,30,08/30/24,04/02/24
"Luettgen, Franecki and Roberts",Portugal,38.736946,-9.142685,Government Administration Healthcare,Micro (1-10),Jessica Martinez,02/10/24,SAAS,Customer,6,,,308,40,11/14/24,06/02/24
"Kilback, Cremin and Bergnaum",Belgium,51.260197,4.402771,Banking and Finance,Micro (1-10),Laura Thompson,05/23/24,Services,Customer,6,,,828,60,09/18/24,07/03/24
Toy-O'Hara,Italy,41.902782,12.496366,Professional Services  & Consulting,Micro (1-10),John Smith,01/16/24,SAAS,Customer,6,,,809,20,09/10/24,03/28/24
"Lubowitz, Herman and Fisher",Italy,41.902782,12.496366,Transportation & Logistics,Micro (1-10),Laura Thompson,04/22/24,SAAS,Customer,6,,,535,20,11/19/24,06/19/24
"Schulist, Bailey and Dickens",Portugal,38.736946,-9.142685,Transportation & Logistics,Micro (1-10),Kevin Anderson,04/03/24,SAAS,Customer,6,,,1129,20,04/24/24,07/28/24
Jakubowski-Purdy,Spain,40.416775,-3.70379,Professional Services  & Consulting,Micro (1-10),Michael Brown,04/04/24,SAAS,Customer,6,,,1116,100,05/19/24,06/19/24
Hackett LLC,Austria,48.210033,16.363449,Transportation & Logistics,Micro (1-10),Michael Brown,04/02/24,Services,Customer,6,,,1039,80,10/18/24,04/09/24
Gottlieb Group,Netherlands,52.370216,4.895168,Retail & Distribution,Micro (1-10),Jessica Martinez,01/31/24,SAAS,Customer,6,,,674,30,04/13/24,01/31/24
Hermiston-Hyatt,Switzerland,46.204391,6.143158,Agriculture & Mining,Micro (1-10),Sarah Davis,05/18/24,Custom solution,Customer,6,,,1017,20,09/24/24,07/03/24
Goldner LLC,Portugal,38.736946,-9.142685,Education & Science,Micro (1-10),Laura Thompson,04/08/24,SAAS,Customer,6,,,824,20,09/16/24,05/15/24
"Deckow, Dicki and Pagac",Spain,40.416775,-3.70379,Professional Services  & Consulting,Micro (1-10),David Wilson,02/24/24,Services,Customer,6,,,302,40,05/09/24,04/15/24
Kuphal-Wuckert,Belgium,51.260197,4.402771,Transportation & Logistics,Micro (1-10),Michael Brown,05/02/24,SAAS,Customer,6,,,1076,40,06/12/24,05/31/24
Yundt-McLaughlin,Austria,48.210033,16.363449,Professional Services  & Consulting,Micro (1-10),Laura Thompson,04/17/24,SAAS,Customer,6,,,724,60,03/01/25,05/13/24
"D'Amore, Auer and Wilkinson",Italy,41.902782,12.496366,Manufacturing & Production,Micro (1-10),Laura Thompson,01/11/24,Services,Customer,6,,,406,10,04/24/24,03/06/24
Fahey-Kulas,Italy,41.902782,12.496366,IT & IT Services,Micro (1-10),Sarah Davis,01/29/24,Services,Customer,6,,,622,10,11/26/24,03/09/24
"Osinski, Langworth and Auer",Switzerland,46.204391,6.143158,Agriculture & Mining,Micro (1-10),Michael Brown,05/22/24,SAAS,Customer,6,,,717,30,05/08/25,07/20/24
"Hane, Hettinger and Denesik",Netherlands,52.370216,4.895168,Transportation & Logistics,Micro (1-10),Laura Thompson,03/17/24,Custom solution,Customer,6,,,1081,80,04/29/24,04/14/24
Rohan Inc,Portugal,38.736946,-9.142685,IT & IT Services,Micro (1-10),Laura Thompson,05/04/24,SAAS,Customer,6,,,1127,80,06/22/24,06/25/24
"Koelpin, Bahringer and Beatty",Netherlands,52.370216,4.895168,Education & Science,Micro (1-10),Laura Thompson,05/08/24,Services,Customer,6,,,667,60,02/03/25,06/03/24
Flatley-Metz,Germany,52.520008,13.404954,Transportation & Logistics,Micro (1-10),Kevin Anderson,05/20/24,Services,Customer,6,,,541,30,01/14/25,06/10/24
Reilly-Dicki,Italy,41.902782,12.496366,IT & IT Services,Micro (1-10),John Smith,01/19/24,SAAS,Customer,6,,,988,60,06/15/24,04/04/24
"Pagac, Marvin and Wilkinson",France,48.864716,2.349014,Entertainment & Media & Hospitality,Micro (1-10),Laura Thompson,01/25/24,Services,Customer,6,,,659,40,11/11/24,03/08/24
Stanton-Adams,Italy,41.902782,12.496366,Banking and Finance,Micro (1-10),Emily Johnson,02/19/24,Custom solution,Customer,6,,,214,30,10/05/24,03/12/24
"Ward, Rau and Ledner",Belgium,51.260197,4.402771,Agriculture & Mining,Micro (1-10),Laura Thompson,01/27/24,SAAS,Customer,6,,,248,30,01/13/25,04/02/24
Thiel-Ullrich,Austria,48.210033,16.363449,Recreation & Sports,Micro (1-10),Laura Thompson,03/13/24,Services,Customer,6,,,609,30,05/24/24,06/24/24
Johnson-Macejkovic,Italy,41.902782,12.496366,Transportation & Logistics,Micro (1-10),John Smith,04/22/24,Services,Customer,6,,,651,20,08/08/24,06/06/24
Koch-Lakin,Italy,41.902782,12.496366,Transportation & Logistics,Micro (1-10),Laura Thompson,03/29/24,SAAS,Customer,6,,,341,60,07/21/24,06/23/24
Bauch-Fritsch,Belgium,51.260197,4.402771,Professional Services  & Consulting,Micro (1-10),Laura Thompson,05/18/24,SAAS,Customer,6,,,1140,20,05/05/25,08/15/24
"Kihn, Swaniawski and Lebsack",Portugal,38.736946,-9.142685,Manufacturing & Production,Micro (1-10),David Wilson,02/02/24,SAAS,Customer,6,,,801,40,05/07/24,04/14/24
Barrows LLC,Netherlands,52.370216,4.895168,IT & IT Services,Micro (1-10),Kevin Anderson,05/17/24,Services,Customer,6,,,200,20,07/12/24,08/12/24
"Langworth, Lemke and Carroll",Italy,41.902782,12.496366,Government Administration Healthcare,Micro (1-10),Sarah Davis,02/21/24,Services,Customer,6,,,1048,80,10/12/24,05/25/24
"Kilback, Johns and Dicki",Portugal,38.736946,-9.142685,Recreation & Sports,Micro (1-10),Laura Thompson,02/05/24,Services,Customer,6,,,1130,40,03/25/24,02/22/24
"Labadie, Sawayn and Ruecker",Italy,41.902782,12.496366,Transportation & Logistics,Micro (1-10),Kevin Anderson,04/02/24,SAAS,Customer,6,,,237,50,11/03/24,05/21/24
Kazio,Portugal,38.736946,-9.142685,IT & IT Services,Medium (201-500),Kevin Anderson,02/25/24,SAAS,Customer,6,,,947,30,08/17/24,03/01/24
Jayo,Italy,41.902782,12.496366,Transportation & Logistics,Medium (201-500),Emily Johnson,02/16/24,SAAS,Customer,6,,,562,40,11/28/24,03/31/24
Feedspan,Germany,52.520008,13.404954,Banking and Finance,Medium (201-500),Kevin Anderson,01/20/24,Services,Customer,6,,,3729,40,04/04/24,04/19/24
Browsecat,Austria,48.210033,16.363449,IT & IT Services,Medium (201-500),Jessica Martinez,03/06/24,Services,Customer,6,,,762,20,09/02/24,06/01/24
Layo,Portugal,38.736946,-9.142685,Transportation & Logistics,Medium (201-500),Jessica Martinez,01/10/24,Custom solution,Customer,6,,,350,30,08/19/24,05/03/24
Photospace,Switzerland,46.204391,6.143158,Retail & Distribution,Medium (201-500),David Wilson,02/28/24,SAAS,Customer,6,,,3350,10,07/25/24,05/27/24
Zoovu,Italy,41.902782,12.496366,Energy & Utilities,Medium (201-500),Jessica Martinez,02/18/24,SAAS,Customer,6,,,3290,30,01/16/25,03/11/24
Topicblab,Italy,41.902782,12.496366,Manufacturing & Production,Medium (201-500),Laura Thompson,04/11/24,Services,Customer,6,,,4608,50,05/01/24,06/16/24
Kwinu,Italy,41.902782,12.496366,Entertainment & Media & Hospitality,Medium (201-500),Sarah Davis,03/11/24,Custom solution,Customer,6,,,6457,20,01/05/25,06/30/24
Block Group,Spain,40.416775,-3.70379,Banking and Finance,Medium (201-500),Jessica Martinez,05/17/24,Services,Customer,6,,,5322,100,04/23/25,08/27/24
Cummings-Johnson,Italy,41.902782,12.496366,Transportation & Logistics,Medium (201-500),Kevin Anderson,03/05/24,Services,Customer,6,,,7996,60,10/22/24,04/25/24
"Bosco, Greenholt and Langworth",Belgium,51.260197,4.402771,Banking and Finance,Medium (201-500),Laura Thompson,02/08/24,Services,Customer,6,,,4561,10,10/21/24,05/21/24
Lind-Bogisich,Switzerland,46.204391,6.143158,Transportation & Logistics,Medium (201-500),David Wilson,03/16/24,Custom solution,Customer,6,,,6800,30,12/02/24,06/20/24
"Luettgen, Kozey and Dach",France,48.864716,2.349014,Telecommunications,Medium (201-500),Michael Brown,01/25/24,Services,Customer,6,,,6490,30,10/27/24,03/24/24
Mante LLC,Belgium,51.260197,4.402771,Transportation & Logistics,Medium (201-500),Kevin Anderson,03/16/24,Services,Customer,6,,,6698,60,07/22/24,04/04/24
Considine LLC,Italy,41.902782,12.496366,Professional Services  & Consulting,Medium (201-500),Laura Thompson,02/27/24,SAAS,Customer,6,,,6609,30,09/26/24,03/08/24
Steuber Group,Italy,41.902782,12.496366,Manufacturing & Production,Medium (201-500),Laura Thompson,04/17/24,Services,Customer,6,,,2507,10,10/12/24,06/03/24
Goyette-Reynolds,France,48.864716,2.349014,Manufacturing & Production,Medium (201-500),Laura Thompson,02/24/24,Custom solution,Customer,6,,,6240,20,04/04/24,04/11/24
Lowe and Sons,Switzerland,46.204391,6.143158,IT & IT Services,Medium (201-500),Kevin Anderson,04/01/24,SAAS,Customer,6,,,6336,20,06/20/24,06/08/24
Williamson and Sons,Italy,41.902782,12.496366,Banking and Finance,Medium (201-500),Sarah Davis,02/06/24,Custom solution,Customer,6,,,7930,20,08/06/24,05/17/24
Waelchi LLC,Switzerland,46.204391,6.143158,Banking and Finance,Medium (201-500),Emily Johnson,04/11/24,SAAS,Customer,6,,,2707,30,03/18/25,04/17/24
"Ebert, Hegmann and Thiel",Spain,40.416775,-3.70379,Manufacturing & Production,Medium (201-500),Michael Brown,01/11/24,SAAS,Customer,6,,,1865,40,04/04/24,04/03/24
"Wolf, Vandervort and Von",Portugal,38.736946,-9.142685,Transportation & Logistics,Medium (201-500),Kevin Anderson,01/11/24,Services,Customer,6,,,209,50,06/15/24,05/09/24
Mohr-Gleichner,Portugal,38.736946,-9.142685,Entertainment & Media & Hospitality,Medium (201-500),David Wilson,03/03/24,SAAS,Customer,6,,,212,20,10/22/24,03/23/24
"Yost, Terry and Veum",Portugal,38.736946,-9.142685,Entertainment & Media & Hospitality,Medium (201-500),Jessica Martinez,04/11/24,SAAS,Customer,6,,,2260,20,02/03/25,08/02/24
Hartmann and Sons,Spain,40.416775,-3.70379,Construction & Engineering,Medium (201-500),Jessica Martinez,02/04/24,SAAS,Customer,6,,,4224,40,01/23/25,03/19/24
Cronin-Walker,France,48.864716,2.349014,IT & IT Services,Medium (201-500),Sarah Davis,03/31/24,SAAS,Customer,6,,,2344,100,09/03/24,07/06/24
Bayer-Okuneva,Germany,52.520008,13.404954,Retail & Distribution,Medium (201-500),John Smith,02/04/24,Custom solution,Customer,6,,,5852,60,08/15/24,05/17/24
Bernhard Inc,Italy,41.902782,12.496366,Retail & Distribution,Medium (201-500),Laura Thompson,03/27/24,Custom solution,Customer,6,,,4156,30,01/18/25,07/12/24
"O'Keefe, Witting and Emard",Belgium,51.260197,4.402771,Transportation & Logistics,Medium (201-500),Kevin Anderson,05/20/24,SAAS,Customer,6,,,422,20,03/22/25,08/22/24
"Windler, Bogan and Osinski",Germany,52.520008,13.404954,Energy & Utilities,Medium (201-500),Michael Brown,03/10/24,SAAS,Customer,6,,,2239,80,09/28/24,04/04/24
"Champlin, Brown and Miller",Germany,52.520008,13.404954,Manufacturing & Production,Medium (201-500),Laura Thompson,01/19/24,Custom solution,Customer,6,,,4156,50,08/03/24,03/23/24
Kerluke LLC,Germany,52.520008,13.404954,IT & IT Services,Medium (201-500),Laura Thompson,02/01/24,Services,Customer,6,,,1753,40,11/01/24,02/13/24
Turner-Tillman,Germany,52.520008,13.404954,Entertainment & Media & Hospitality,Medium (201-500),Emily Johnson,01/12/24,Services,Customer,6,,,4132,40,12/07/24,01/27/24
"Kunde, Kris and Wunsch",Netherlands,52.370216,4.895168,Entertainment & Media & Hospitality,Medium (201-500),Michael Brown,05/26/24,Services,Customer,6,,,7142,30,12/30/24,06/14/24
Hegmann and Sons,Netherlands,52.370216,4.895168,Agriculture & Mining,Medium (201-500),Jessica Martinez,03/10/24,Services,Customer,6,,,4343,20,06/24/24,07/03/24
Strosin LLC,Portugal,38.736946,-9.142685,Entertainment & Media & Hospitality,Medium (201-500),Laura Thompson,03/13/24,SAAS,Customer,6,,,7463,20,10/27/24,04/29/24
"Heathcote, Ernser and Smitham",Portugal,38.736946,-9.142685,Retail & Distribution,Medium (201-500),Laura Thompson,04/24/24,Custom solution,Customer,6,,,1872,40,10/31/24,05/12/24
Konopelski Inc,France,48.864716,2.349014,Banking and Finance,Medium (201-500),Michael Brown,03/19/24,SAAS,Customer,6,,,4220,40,01/21/25,04/12/24
Kerluke-Kihn,Portugal,38.736946,-9.142685,Transportation & Logistics,Medium (201-500),Laura Thompson,04/29/24,Services,Customer,6,,,2668,70,12/05/24,07/07/24
Barton and Sons,Germany,52.520008,13.404954,Government Administration Healthcare,Medium (201-500),Laura Thompson,02/12/24,Services,Customer,6,,,7766,60,08/13/24,04/09/24
Nader-Rath,Germany,52.520008,13.404954,Retail & Distribution,Medium (201-500),Sarah Davis,04/14/24,Custom solution,Customer,6,,,379,50,10/26/24,05/29/24
Hauck-Brekke,Germany,52.520008,13.404954,Government Administration Healthcare,Medium (201-500),Michael Brown,01/14/24,Services,Customer,6,,,4188,50,09/28/24,03/23/24
Kunze-Upton,Italy,41.902782,12.496366,Professional Services  & Consulting,Medium (201-500),Michael Brown,02/04/24,SAAS,Customer,6,,,875,30,12/29/24,03/25/24
Dare and Sons,France,48.864716,2.349014,Agriculture & Mining,Medium (201-500),Kevin Anderson,05/17/24,Custom solution,Customer,6,,,3220,20,02/03/25,08/16/24
Welch-Stehr,Netherlands,52.370216,4.895168,Education & Science,Medium (201-500),John Smith,03/04/24,Services,Customer,6,,,6595,40,11/24/24,06/15/24
King-Wiza,Italy,41.902782,12.496366,Banking and Finance,Medium (201-500),Michael Brown,01/31/24,SAAS,Customer,6,,,7977,100,03/25/24,05/14/24
"Maggio, Feeney and Koss",Italy,41.902782,12.496366,Telecommunications,Medium (201-500),Jessica Martinez,05/03/24,Services,Customer,6,,,1374,50,12/04/24,06/13/24
"Upton, Wilderman and Becker",Portugal,38.736946,-9.142685,Manufacturing & Production,Medium (201-500),Jessica Martinez,02/25/24,SAAS,Customer,6,,,1932,50,06/09/24,05/04/24
Larkin and Sons,Germany,52.520008,13.404954,Government Administration Healthcare,Medium (201-500),Jessica Martinez,03/12/24,Custom solution,Customer,6,,,4067,90,01/27/25,05/28/24
Johns LLC,France,48.864716,2.349014,Manufacturing & Production,Medium (201-500),Michael Brown,02/21/24,Services,Customer,6,,,7596,70,01/28/25,06/15/24
Hand-Senger,France,48.864716,2.349014,IT & IT Services,Medium (201-500),Jessica Martinez,05/14/24,Services,Customer,6,,,425,60,10/25/24,06/26/24
"Terry, Reinger and Graham",France,48.864716,2.349014,Education & Science,Medium (201-500),Michael Brown,02/12/24,SAAS,Customer,6,,,6071,10,11/27/24,03/05/24
Schaefer-Roob,Netherlands,52.370216,4.895168,Professional Services  & Consulting,Medium (201-500),Laura Thompson,04/08/24,Services,Customer,6,,,2584,30,02/07/25,04/12/24
"Deckow, Jacobs and Koelpin",Austria,48.210033,16.363449,Construction & Engineering,Medium (201-500),Kevin Anderson,04/10/24,Services,Customer,6,,,1589,10,07/15/24,05/14/24
"Metz, Kovacek and O'Reilly",Portugal,38.736946,-9.142685,Transportation & Logistics,Medium (201-500),Michael Brown,05/30/24,SAAS,Customer,6,,,2197,50,02/06/25,09/21/24
"Brown, Hilll and Kling",Italy,41.902782,12.496366,Banking and Finance,Medium (201-500),Laura Thompson,03/19/24,SAAS,Customer,6,,,3231,70,09/29/24,04/20/24
"Bednar, Casper and Spinka",Portugal,38.736946,-9.142685,Transportation & Logistics,Medium (201-500),Sarah Davis,02/16/24,Services,Customer,6,,,5655,50,02/01/25,02/23/24
Schmeler and Sons,Italy,41.902782,12.496366,Transportation & Logistics,Medium (201-500),Laura Thompson,05/02/24,SAAS,Customer,6,,,5044,20,02/16/25,06/04/24
"Stark, Friesen and Legros",Italy,41.902782,12.496366,Education & Science,Medium (201-500),Michael Brown,03/04/24,SAAS,Customer,6,,,2271,20,01/31/25,04/28/24
"Jakubowski, Corwin and Larson",Italy,41.902782,12.496366,IT & IT Services,Medium (201-500),Jessica Martinez,03/24/24,Custom solution,Customer,6,,,3884,30,07/28/24,07/11/24
Walter-Hagenes,Portugal,38.736946,-9.142685,Transportation & Logistics,Medium (201-500),Sarah Davis,04/10/24,Services,Customer,6,,,3216,30,10/02/24,04/27/24
"Zemlak, Roberts and Dach",Italy,41.902782,12.496366,Government Administration Healthcare,Medium (201-500),Laura Thompson,03/02/24,SAAS,Customer,6,,,4219,50,12/25/24,05/23/24
Wunsch-Gusikowski,Belgium,51.260197,4.402771,Government Administration Healthcare,Medium (201-500),Emily Johnson,01/08/24,Services,Customer,6,,,5815,40,06/12/24,03/09/24
"Rempel, Weber and Keebler",Italy,41.902782,12.496366,Government Administration Healthcare,Medium (201-500),Kevin Anderson,01/17/24,Services,Customer,6,,,4191,20,03/31/24,02/24/24
Douglas Group,Switzerland,46.204391,6.143158,IT & IT Services,Medium (201-500),Sarah Davis,05/09/24,SAAS,Customer,6,,,3415,20,03/06/25,05/26/24
Johnson-Schoen,Spain,40.416775,-3.70379,Telecommunications,Medium (201-500),Jessica Martinez,02/07/24,Services,Customer,6,,,2133,100,04/18/24,02/11/24
"Hickle, Nader and Baumbach",Portugal,38.736946,-9.142685,Transportation & Logistics,Large (501-1000),Jessica Martinez,02/09/24,SAAS,Customer,6,,,14918,20,06/06/24,04/20/24
Romaguera LLC,Germany,52.520008,13.404954,Professional Services  & Consulting,Large (501-1000),Laura Thompson,02/27/24,SAAS,Customer,6,,,7279,60,11/14/24,02/28/24
Murray LLC,Portugal,38.736946,-9.142685,Government Administration Healthcare,Enterprise (1001+),Laura Thompson,04/16/24,Services,Customer,6,,,5064,20,07/24/24,07/20/24
Champlin-Stokes,Switzerland,46.204391,6.143158,Banking and Finance,Enterprise (1001+),Kevin Anderson,05/06/24,Services,Customer,6,,,5325,50,10/12/24,07/15/24
"Jaskolski, Hane and Cummerata",Switzerland,46.204391,6.143158,Transportation & Logistics,Enterprise (1001+),Emily Johnson,03/07/24,Custom solution,Customer,6,,,17797,60,01/15/25,06/28/24
Jacobs LLC,Belgium,51.260197,4.402771,Banking and Finance,Enterprise (1001+),Michael Brown,03/10/24,Custom solution,Customer,6,,,19852,10,08/26/24,05/03/24
Nitzsche-Cartwright,Austria,48.210033,16.363449,Government Administration Healthcare,Enterprise (1001+),John Smith,03/19/24,Custom solution,Customer,6,,,6762,100,07/12/24,05/13/24
Kanoodle,Switzerland,46.204391,6.143158,Transportation & Logistics,Small (11-200),David Wilson,01/31/24,Services,Disqualified,3,,,1214,60,01/11/25,
Youbridge,Italy,41.902782,12.496366,Manufacturing & Production,Small (11-200),Sarah Davis,05/05/24,Services,Disqualified,3,,,1916,20,03/13/25,
Jabbercube,Portugal,38.736946,-9.142685,Banking and Finance,Small (11-200),Laura Thompson,05/30/24,Services,Disqualified,3,,,1918,20,04/05/25,
Dabfeed,Belgium,51.260197,4.402771,Recreation & Sports,Small (11-200),Emily Johnson,04/25/24,Services,Disqualified,3,,,685,60,03/27/25,
Skiba,Switzerland,46.204391,6.143158,Banking and Finance,Small (11-200),John Smith,03/13/24,Services,Disqualified,3,,,315,40,12/10/24,
Voonyx,Italy,41.902782,12.496366,Banking and Finance,Small (11-200),David Wilson,01/03/24,Custom solution,Disqualified,3,,,810,50,03/19/24,
Harber and Sons,Italy,41.902782,12.496366,IT & IT Services,Small (11-200),Laura Thompson,02/22/24,SAAS,Disqualified,3,,,717,70,04/20/24,
Gorczany-Hayes,Netherlands,52.370216,4.895168,Energy & Utilities,Small (11-200),Sarah Davis,04/21/24,Services,Disqualified,3,,,1789,20,06/24/24,
Ritchie Inc,France,48.864716,2.349014,Construction & Engineering,Small (11-200),Michael Brown,02/29/24,SAAS,Disqualified,3,,,1311,30,10/13/24,
Strosin-Romaguera,Portugal,38.736946,-9.142685,Recreation & Sports,Small (11-200),Laura Thompson,05/17/24,Services,Disqualified,3,,,1025,20,06/20/24,
Wyman-Homenick,Germany,52.520008,13.404954,IT & IT Services,Small (11-200),Jessica Martinez,03/19/24,SAAS,Disqualified,3,,,1330,30,09/14/24,
"Koelpin, Gulgowski and Boyle",Italy,41.902782,12.496366,Recreation & Sports,Small (11-200),Michael Brown,05/30/24,Services,Disqualified,3,,,924,20,04/04/25,
"Daniel, Kshlerin and VonRueden",Germany,52.520008,13.404954,Transportation & Logistics,Small (11-200),Jessica Martinez,04/21/24,Services,Disqualified,3,,,352,20,12/30/24,
Macejkovic Group,Switzerland,46.204391,6.143158,Energy & Utilities,Small (11-200),Michael Brown,03/05/24,Services,Disqualified,3,,,779,30,01/17/25,
Volkman and Sons,Portugal,38.736946,-9.142685,Banking and Finance,Small (11-200),Sarah Davis,04/18/24,SAAS,Disqualified,3,,,1369,10,05/27/24,
Russel Group,France,48.864716,2.349014,Construction & Engineering,Small (11-200),Laura Thompson,04/27/24,SAAS,Disqualified,3,,,585,50,06/09/24,
"Romaguera, Fadel and Jast",Switzerland,46.204391,6.143158,Banking and Finance,Small (11-200),John Smith,05/09/24,Services,Disqualified,3,,,372,100,04/18/25,
"Kris, Bode and Fisher",France,48.864716,2.349014,Manufacturing & Production,Small (11-200),Laura Thompson,04/27/24,Services,Disqualified,3,,,1915,30,10/21/24,
"Sawayn, Hansen and Marquardt",Germany,52.520008,13.404954,Government Administration Healthcare,Small (11-200),John Smith,02/24/24,Services,Disqualified,3,,,1932,90,09/26/24,
"Kutch, Batz and McGlynn",France,48.864716,2.349014,Government Administration Healthcare,Small (11-200),Laura Thompson,04/15/24,Services,Disqualified,3,,,1366,40,08/12/24,
Mohr-Bogisich,Italy,41.902782,12.496366,Transportation & Logistics,Small (11-200),David Wilson,05/19/24,SAAS,Disqualified,3,,,1379,60,01/05/25,
Christiansen Inc,Germany,52.520008,13.404954,Banking and Finance,Small (11-200),Laura Thompson,01/03/24,SAAS,Disqualified,3,,,689,90,11/14/24,
Adams-Koch,Austria,48.210033,16.363449,IT & IT Services,Small (11-200),David Wilson,03/24/24,SAAS,Disqualified,3,,,791,50,09/24/24,
Ebert-Howe,Austria,48.210033,16.363449,Agriculture & Mining,Small (11-200),Jessica Martinez,01/25/24,Services,Disqualified,3,,,680,20,09/24/24,
Collins Group,Italy,41.902782,12.496366,Banking and Finance,Small (11-200),David Wilson,01/28/24,Services,Disqualified,3,,,655,90,12/11/24,
"Russel, Beahan and Hoppe",Austria,48.210033,16.363449,Government Administration Healthcare,Small (11-200),Kevin Anderson,01/13/24,Services,Disqualified,3,,,1273,20,03/08/24,
"Jast, Upton and Bosco",Portugal,38.736946,-9.142685,Transportation & Logistics,Small (11-200),Jessica Martinez,05/19/24,Services,Disqualified,3,,,556,20,03/21/25,
Schimmel-Doyle,Italy,41.902782,12.496366,Education & Science,Small (11-200),Laura Thompson,02/18/24,Services,Disqualified,3,,,281,20,09/16/24,
Schneider-Lesch,Switzerland,46.204391,6.143158,Entertainment & Media & Hospitality,Small (11-200),John Smith,05/10/24,SAAS,Disqualified,3,,,598,40,12/11/24,
Harris-Boyle,Switzerland,46.204391,6.143158,Banking and Finance,Small (11-200),Emily Johnson,04/04/24,Services,Disqualified,3,,,1896,100,12/28/24,
"Wehner, Botsford and Brown",Spain,40.416775,-3.70379,Professional Services  & Consulting,Small (11-200),Emily Johnson,02/29/24,SAAS,Disqualified,3,,,1206,70,01/24/25,
Wilkinson-Jast,Spain,40.416775,-3.70379,Government Administration Healthcare,Small (11-200),Laura Thompson,03/16/24,Services,Disqualified,3,,,1915,10,02/09/25,
Littel-Cummerata,Switzerland,46.204391,6.143158,Entertainment & Media & Hospitality,Small (11-200),Laura Thompson,02/11/24,Services,Disqualified,3,,,766,30,05/29/24,
"Weber, Morissette and Douglas",Spain,40.416775,-3.70379,Banking and Finance,Small (11-200),Michael Brown,04/18/24,SAAS,Disqualified,3,,,1609,80,08/02/24,
"Ondricka, Will and Goldner",Austria,48.210033,16.363449,Energy & Utilities,Small (11-200),Jessica Martinez,03/23/24,SAAS,Disqualified,3,,,560,60,05/01/24,
Tromp-Walter,France,48.864716,2.349014,Energy & Utilities,Small (11-200),Michael Brown,01/02/24,Services,Disqualified,3,,,432,20,09/26/24,
Schumm-Dickens,Switzerland,46.204391,6.143158,Banking and Finance,Small (11-200),Emily Johnson,05/20/24,SAAS,Disqualified,3,,,625,90,06/24/24,
Hessel-Grant,Belgium,51.260197,4.402771,Telecommunications,Small (11-200),Michael Brown,04/04/24,Services,Disqualified,3,,,980,30,06/25/24,
"Mayer, Cruickshank and Spencer",Italy,41.902782,12.496366,Transportation & Logistics,Small (11-200),Sarah Davis,04/02/24,SAAS,Disqualified,3,,,1471,40,02/23/25,
"O'Reilly, Hane and Toy",Spain,40.416775,-3.70379,Telecommunications,Small (11-200),Michael Brown,04/20/24,SAAS,Disqualified,3,,,900,40,07/01/24,
"Upton, Pacocha and Keeling",Germany,52.520008,13.404954,Professional Services  & Consulting,Small (11-200),Sarah Davis,01/28/24,SAAS,Disqualified,3,,,1289,60,07/25/24,
"Leffler, Daniel and Runolfsdottir",France,48.864716,2.349014,Construction & Engineering,Small (11-200),John Smith,05/31/24,Custom solution,Disqualified,3,,,250,20,01/02/25,
Nienow Inc,France,48.864716,2.349014,IT & IT Services,Small (11-200),David Wilson,02/05/24,Services,Disqualified,3,,,657,40,04/23/24,
Ernser-Franecki,Germany,52.520008,13.404954,Professional Services  & Consulting,Small (11-200),Sarah Davis,01/18/24,Services,Disqualified,3,,,1258,60,06/01/24,
Stroman Inc,Portugal,38.736946,-9.142685,Education & Science,Small (11-200),Jessica Martinez,05/03/24,Services,Disqualified,3,,,360,30,06/22/24,
"Cartwright, Medhurst and Harris",France,48.864716,2.349014,Entertainment & Media & Hospitality,Small (11-200),Michael Brown,04/18/24,SAAS,Disqualified,3,,,1626,50,08/14/24,
Torp and Sons,Italy,41.902782,12.496366,Recreation & Sports,Small (11-200),Jessica Martinez,02/15/24,SAAS,Disqualified,3,,,472,50,10/06/24,
"Russel, Upton and Kuhn",Austria,48.210033,16.363449,Transportation & Logistics,Small (11-200),Emily Johnson,05/08/24,Services,Disqualified,3,,,727,40,10/20/24,
"Huels, Gottlieb and Hoppe",Switzerland,46.204391,6.143158,Government Administration Healthcare,Small (11-200),Jessica Martinez,01/29/24,Custom solution,Disqualified,3,,,1801,90,07/03/24,
Podcat,Switzerland,46.204391,6.143158,Manufacturing & Production,Micro (1-10),Laura Thompson,03/19/24,SAAS,Disqualified,3,,,926,30,02/25/25,
Bubblemix,Italy,41.902782,12.496366,Telecommunications,Micro (1-10),Laura Thompson,03/04/24,Services,Disqualified,3,,,438,30,08/01/24,
Aibox,Italy,41.902782,12.496366,Recreation & Sports,Micro (1-10),Jessica Martinez,01/05/24,Services,Disqualified,3,,,577,30,06/29/24,
Topdrive,Germany,52.520008,13.404954,Professional Services  & Consulting,Micro (1-10),Michael Brown,03/18/24,Services,Disqualified,3,,,530,40,01/27/25,
Shuffledrive,Austria,48.210033,16.363449,Telecommunications,Micro (1-10),Michael Brown,01/02/24,SAAS,Disqualified,3,,,696,60,12/18/24,
Abatz,Belgium,51.260197,4.402771,Banking and Finance,Micro (1-10),Laura Thompson,04/29/24,SAAS,Disqualified,3,,,214,20,05/21/24,
Demivee,Italy,41.902782,12.496366,Agriculture & Mining,Micro (1-10),Sarah Davis,04/16/24,SAAS,Disqualified,3,,,744,30,12/22/24,
Oyoloo,Belgium,51.260197,4.402771,Energy & Utilities,Micro (1-10),Jessica Martinez,02/14/24,Services,Disqualified,3,,,368,50,07/23/24,
"Reichel, Hamill and Hand",Netherlands,52.370216,4.895168,Banking and Finance,Micro (1-10),Kevin Anderson,04/15/24,Services,Disqualified,3,,,963,30,11/20/24,
Johns-Blanda,Germany,52.520008,13.404954,Transportation & Logistics,Micro (1-10),Laura Thompson,05/08/24,Services,Disqualified,3,,,960,50,02/12/25,
Carroll-Collier,France,48.864716,2.349014,Entertainment & Media & Hospitality,Micro (1-10),Michael Brown,04/20/24,SAAS,Disqualified,3,,,1053,10,08/29/24,
McKenzie and Sons,Switzerland,46.204391,6.143158,Manufacturing & Production,Micro (1-10),Sarah Davis,05/13/24,SAAS,Disqualified,3,,,1035,50,01/05/25,
Abbott-Schumm,France,48.864716,2.349014,Recreation & Sports,Micro (1-10),David Wilson,04/03/24,SAAS,Disqualified,3,,,951,50,03/02/25,
Watsica LLC,Switzerland,46.204391,6.143158,Government Administration Healthcare,Micro (1-10),Laura Thompson,05/05/24,SAAS,Disqualified,3,,,788,20,03/02/25,
"Bradtke, Kuhic and Wiza",France,48.864716,2.349014,Banking and Finance,Micro (1-10),Laura Thompson,01/23/24,Custom solution,Disqualified,3,,,674,50,06/05/24,
Kilback LLC,France,48.864716,2.349014,Construction & Engineering,Micro (1-10),John Smith,01/28/24,Services,Disqualified,3,,,1140,20,03/07/24,
"Treutel, Tillman and Wuckert",Switzerland,46.204391,6.143158,Telecommunications,Micro (1-10),Kevin Anderson,04/22/24,Services,Disqualified,3,,,1087,90,11/02/24,
"Erdman, Ward and Aufderhar",Italy,41.902782,12.496366,Education & Science,Micro (1-10),Michael Brown,05/03/24,Services,Disqualified,3,,,1110,30,12/30/24,
Smith LLC,France,48.864716,2.349014,Transportation & Logistics,Micro (1-10),Kevin Anderson,02/07/24,SAAS,Disqualified,3,,,885,70,04/24/24,
O'Kon-Watsica,France,48.864716,2.349014,Transportation & Logistics,Micro (1-10),Michael Brown,01/23/24,SAAS,Disqualified,3,,,1174,60,01/03/25,
Beer-Carter,France,48.864716,2.349014,IT & IT Services,Micro (1-10),David Wilson,02/08/24,SAAS,Disqualified,3,,,350,50,05/25/24,
Hilll Inc,Italy,41.902782,12.496366,Construction & Engineering,Micro (1-10),Jessica Martinez,04/03/24,Services,Disqualified,3,,,552,30,01/10/25,
Maggio LLC,Portugal,38.736946,-9.142685,Professional Services  & Consulting,Micro (1-10),David Wilson,05/19/24,Custom solution,Disqualified,3,,,595,40,12/23/24,
Connelly-Thompson,Italy,41.902782,12.496366,Transportation & Logistics,Micro (1-10),Michael Brown,05/14/24,SAAS,Disqualified,3,,,341,90,03/24/25,
"Lind, Mueller and O'Conner",Switzerland,46.204391,6.143158,Education & Science,Micro (1-10),Sarah Davis,03/06/24,SAAS,Disqualified,3,,,586,100,03/03/25,
Torphy and Sons,Italy,41.902782,12.496366,Manufacturing & Production,Micro (1-10),Sarah Davis,01/18/24,Services,Disqualified,3,,,798,20,12/26/24,
Williamson-Nicolas,Switzerland,46.204391,6.143158,Construction & Engineering,Micro (1-10),Sarah Davis,04/15/24,SAAS,Disqualified,3,,,1038,50,03/03/25,
Howe and Sons,France,48.864716,2.349014,Recreation & Sports,Micro (1-10),Laura Thompson,02/14/24,Custom solution,Disqualified,3,,,461,40,08/16/24,
Wisoky and Sons,Austria,48.210033,16.363449,Recreation & Sports,Micro (1-10),Jessica Martinez,04/28/24,SAAS,Disqualified,3,,,726,40,06/18/24,
"Johnston, Ankunding and Raynor",Italy,41.902782,12.496366,IT & IT Services,Micro (1-10),Michael Brown,03/17/24,SAAS,Disqualified,3,,,830,60,09/02/24,
Daniel-Hackett,Germany,52.520008,13.404954,Telecommunications,Micro (1-10),Michael Brown,01/13/24,SAAS,Disqualified,3,,,278,50,12/09/24,
Wilkinson-Wolff,Germany,52.520008,13.404954,Entertainment & Media & Hospitality,Micro (1-10),Laura Thompson,04/21/24,Services,Disqualified,3,,,958,70,01/28/25,
"Cummerata, Tillman and Konopelski",Portugal,38.736946,-9.142685,Telecommunications,Micro (1-10),Jessica Martinez,03/25/24,SAAS,Disqualified,3,,,926,20,01/09/25,
"Pfeffer, Terry and Kiehn",Portugal,38.736946,-9.142685,Education & Science,Micro (1-10),David Wilson,01/07/24,SAAS,Disqualified,3,,,620,70,08/04/24,
Cremin Inc,Austria,48.210033,16.363449,Professional Services  & Consulting,Micro (1-10),Laura Thompson,04/10/24,SAAS,Disqualified,3,,,636,60,04/03/25,
"Hauck, Hermiston and Hodkiewicz",Austria,48.210033,16.363449,Professional Services  & Consulting,Micro (1-10),Michael Brown,01/22/24,Services,Disqualified,3,,,982,50,10/12/24,
Wyman Group,Austria,48.210033,16.363449,Banking and Finance,Micro (1-10),Laura Thompson,01/24/24,Services,Disqualified,3,,,982,60,08/14/24,
"Marvin, Maggio and Herman",Germany,52.520008,13.404954,Entertainment & Media & Hospitality,Micro (1-10),John Smith,03/08/24,Services,Disqualified,3,,,367,100,12/28/24,
Aufderhar-Daugherty,Italy,41.902782,12.496366,Banking and Finance,Micro (1-10),Laura Thompson,01/06/24,SAAS,Disqualified,3,,,1098,40,04/24/24,
Brown-Erdman,Germany,52.520008,13.404954,Transportation & Logistics,Micro (1-10),David Wilson,04/22/24,Custom solution,Disqualified,3,,,664,20,12/29/24,
Kub and Sons,Portugal,38.736946,-9.142685,Energy & Utilities,Micro (1-10),David Wilson,05/22/24,Services,Disqualified,3,,,990,70,01/03/25,
"Towne, Jacobs and Runte",France,48.864716,2.349014,Transportation & Logistics,Micro (1-10),Michael Brown,01/21/24,Custom solution,Disqualified,3,,,1162,40,04/18/24,
Jatri,Switzerland,46.204391,6.143158,Professional Services  & Consulting,Medium (201-500),Laura Thompson,02/21/24,SAAS,Disqualified,3,,,3506,40,02/16/25,
Yodo,Italy,41.902782,12.496366,Professional Services  & Consulting,Medium (201-500),John Smith,05/08/24,SAAS,Disqualified,3,,,289,40,08/13/24,
Skalith,Switzerland,46.204391,6.143158,Agriculture & Mining,Medium (201-500),Laura Thompson,05/14/24,Services,Disqualified,3,,,6754,30,06/05/24,
Vinder,Italy,41.902782,12.496366,Education & Science,Medium (201-500),Sarah Davis,03/12/24,Services,Disqualified,3,,,6897,40,01/13/25,
Photojam,Portugal,38.736946,-9.142685,Agriculture & Mining,Medium (201-500),David Wilson,05/03/24,SAAS,Disqualified,3,,,1437,50,03/20/25,
Voonix,Spain,40.416775,-3.70379,Recreation & Sports,Medium (201-500),David Wilson,04/24/24,Services,Disqualified,3,,,3994,30,02/13/25,
Dynabox,Italy,41.902782,12.496366,Retail & Distribution,Medium (201-500),Emily Johnson,01/24/24,Custom solution,Disqualified,3,,,5221,40,10/06/24,
Riffpath,Spain,40.416775,-3.70379,Professional Services  & Consulting,Medium (201-500),David Wilson,05/16/24,Services,Disqualified,3,,,3292,60,04/01/25,
Tambee,Austria,48.210033,16.363449,Banking and Finance,Medium (201-500),John Smith,03/19/24,SAAS,Disqualified,3,,,5877,50,12/05/24,
Feedmix,Portugal,38.736946,-9.142685,IT & IT Services,Medium (201-500),Jessica Martinez,04/18/24,Services,Disqualified,3,,,7026,40,11/07/24,
Babbleset,Belgium,51.260197,4.402771,Banking and Finance,Medium (201-500),Emily Johnson,02/06/24,Services,Disqualified,3,,,692,20,04/24/24,
Flashdog,Belgium,51.260197,4.402771,Government Administration Healthcare,Medium (201-500),Michael Brown,05/16/24,SAAS,Disqualified,3,,,5158,40,08/09/24,
Myworks,Belgium,51.260197,4.402771,Energy & Utilities,Medium (201-500),David Wilson,05/08/24,SAAS,Disqualified,3,,,1485,60,11/03/24,
Feedfire,Switzerland,46.204391,6.143158,Government Administration Healthcare,Medium (201-500),Michael Brown,03/08/24,SAAS,Disqualified,3,,,3139,90,11/13/24,
Cogilith,Portugal,38.736946,-9.142685,Transportation & Logistics,Medium (201-500),Jessica Martinez,04/18/24,Custom solution,Disqualified,3,,,7646,10,11/22/24,
Vinte,Belgium,51.260197,4.402771,Transportation & Logistics,Medium (201-500),Sarah Davis,02/05/24,Services,Disqualified,3,,,7893,30,04/30/24,
Flashpoint,Italy,41.902782,12.496366,IT & IT Services,Medium (201-500),Jessica Martinez,01/19/24,Services,Disqualified,3,,,2490,30,03/03/24,
Meembee,Portugal,38.736946,-9.142685,Education & Science,Medium (201-500),Michael Brown,05/24/24,SAAS,Disqualified,3,,,6309,40,09/05/24,
Brightdog,Italy,41.902782,12.496366,Telecommunications,Medium (201-500),Michael Brown,05/28/24,Services,Disqualified,3,,,7162,40,07/21/24,
Edgepulse,Switzerland,46.204391,6.143158,Retail & Distribution,Medium (201-500),Emily Johnson,05/14/24,Services,Disqualified,3,,,6188,80,01/05/25,
Wunsch Inc,Italy,41.902782,12.496366,Entertainment & Media & Hospitality,Medium (201-500),David Wilson,03/08/24,Services,Disqualified,3,,,3823,70,04/05/24,
Wisoky-Schneider,Italy,41.902782,12.496366,IT & IT Services,Medium (201-500),Jessica Martinez,03/27/24,Custom solution,Disqualified,3,,,6203,90,09/16/24,
Gutmann-Williamson,Spain,40.416775,-3.70379,IT & IT Services,Medium (201-500),Emily Johnson,03/10/24,Custom solution,Disqualified,3,,,7516,40,07/28/24,
Breitenberg Inc,Portugal,38.736946,-9.142685,Agriculture & Mining,Medium (201-500),Sarah Davis,01/10/24,Custom solution,Disqualified,3,,,7850,50,05/18/24,
Koelpin and Sons,France,48.864716,2.349014,IT & IT Services,Medium (201-500),Kevin Anderson,04/24/24,Services,Disqualified,3,,,7065,80,04/16/25,
"Bernhard, Lindgren and Harvey",Portugal,38.736946,-9.142685,Recreation & Sports,Medium (201-500),Sarah Davis,05/19/24,Services,Disqualified,3,,,2090,40,05/14/25,
Stoltenberg-Weimann,Italy,41.902782,12.496366,Telecommunications,Medium (201-500),Michael Brown,04/12/24,SAAS,Disqualified,3,,,7110,50,02/22/25,
Wilderman-Romaguera,Switzerland,46.204391,6.143158,Retail & Distribution,Medium (201-500),David Wilson,03/19/24,Services,Disqualified,3,,,7626,30,02/26/25,
Luettgen-Gorczany,Netherlands,52.370216,4.895168,Professional Services  & Consulting,Medium (201-500),Michael Brown,04/03/24,Custom solution,Disqualified,3,,,6993,20,11/07/24,
Gleason Group,Portugal,38.736946,-9.142685,Energy & Utilities,Medium (201-500),Laura Thompson,04/15/24,Services,Disqualified,3,,,423,60,04/09/25,
Yost-Stiedemann,Germany,52.520008,13.404954,Banking and Finance,Medium (201-500),Michael Brown,01/27/24,Custom solution,Disqualified,3,,,4590,40,07/20/24,
Pagac LLC,Belgium,51.260197,4.402771,Entertainment & Media & Hospitality,Medium (201-500),John Smith,02/23/24,Services,Disqualified,3,,,3253,20,08/24/24,
Turcotte-Abshire,France,48.864716,2.349014,Banking and Finance,Medium (201-500),Michael Brown,03/16/24,SAAS,Disqualified,3,,,7482,40,06/25/24,
Goodwin-Bernier,France,48.864716,2.349014,IT & IT Services,Medium (201-500),John Smith,01/17/24,SAAS,Disqualified,3,,,4776,30,05/22/24,
Shields and Sons,Austria,48.210033,16.363449,Banking and Finance,Medium (201-500),John Smith,02/28/24,Custom solution,Disqualified,3,,,4750,40,06/15/24,
Gulgowski Group,France,48.864716,2.349014,IT & IT Services,Medium (201-500),Laura Thompson,02/25/24,SAAS,Disqualified,3,,,6320,50,11/06/24,
Paucek-Hodkiewicz,Belgium,51.260197,4.402771,Transportation & Logistics,Medium (201-500),Laura Thompson,05/08/24,Services,Disqualified,3,,,3005,20,03/05/25,
Kreiger Inc,Portugal,38.736946,-9.142685,Energy & Utilities,Medium (201-500),Michael Brown,03/10/24,SAAS,Disqualified,3,,,6130,30,10/02/24,
Schinner Group,Portugal,38.736946,-9.142685,Education & Science,Medium (201-500),Jessica Martinez,03/18/24,SAAS,Disqualified,3,,,6360,60,10/18/24,
Haag Inc,Italy,41.902782,12.496366,Manufacturing & Production,Medium (201-500),Michael Brown,02/13/24,SAAS,Disqualified,3,,,3613,30,01/24/25,
"Ratke, Runolfsson and Pollich",Austria,48.210033,16.363449,IT & IT Services,Medium (201-500),Jessica Martinez,02/05/24,SAAS,Disqualified,3,,,3494,10,08/11/24,
"Hodkiewicz, Stanton and Howell",Italy,41.902782,12.496366,Recreation & Sports,Medium (201-500),Michael Brown,01/11/24,Services,Disqualified,3,,,7581,50,12/04/24,
"Koepp, Walsh and Kovacek",France,48.864716,2.349014,Professional Services  & Consulting,Medium (201-500),John Smith,04/23/24,SAAS,Disqualified,3,,,5827,30,03/21/25,
McLaughlin-Baumbach,Portugal,38.736946,-9.142685,Manufacturing & Production,Medium (201-500),Laura Thompson,04/24/24,Services,Disqualified,3,,,7754,50,01/25/25,
"Koepp, Kihn and Yost",Netherlands,52.370216,4.895168,Banking and Finance,Medium (201-500),Jessica Martinez,04/19/24,Services,Disqualified,3,,,542,10,06/05/24,
Aufderhar-Donnelly,France,48.864716,2.349014,Banking and Finance,Medium (201-500),Michael Brown,05/12/24,SAAS,Disqualified,3,,,5161,40,09/16/24,
Cassin LLC,Italy,41.902782,12.496366,Professional Services  & Consulting,Medium (201-500),John Smith,04/26/24,Services,Disqualified,3,,,860,30,04/03/25,
Hoppe-Price,Switzerland,46.204391,6.143158,Energy & Utilities,Medium (201-500),Sarah Davis,04/02/24,Services,Disqualified,3,,,2664,30,08/01/24,
Stracke-West,France,48.864716,2.349014,IT & IT Services,Medium (201-500),Laura Thompson,04/30/24,Services,Disqualified,3,,,7808,20,11/04/24,
Hessel-Miller,France,48.864716,2.349014,Entertainment & Media & Hospitality,Medium (201-500),Emily Johnson,05/22/24,Services,Disqualified,3,,,5821,30,06/13/24,
Murazik-Towne,France,48.864716,2.349014,IT & IT Services,Medium (201-500),Kevin Anderson,04/16/24,SAAS,Disqualified,3,,,6404,40,07/22/24,
"Prohaska, Hahn and Klocko",Belgium,51.260197,4.402771,Agriculture & Mining,Medium (201-500),Laura Thompson,05/31/24,Services,Disqualified,3,,,1872,20,03/06/25,
"Schaefer, Feest and Watsica",Austria,48.210033,16.363449,Education & Science,Medium (201-500),Michael Brown,03/15/24,SAAS,Disqualified,3,,,7798,40,02/28/25,
Lind and Sons,Germany,52.520008,13.404954,Manufacturing & Production,Medium (201-500),Michael Brown,03/02/24,SAAS,Disqualified,3,,,2725,50,07/01/24,
Swaniawski-Quigley,France,48.864716,2.349014,Construction & Engineering,Medium (201-500),Emily Johnson,03/10/24,SAAS,Disqualified,3,,,653,40,07/20/24,
Effertz-Pfannerstill,Netherlands,52.370216,4.895168,Recreation & Sports,Medium (201-500),Kevin Anderson,05/31/24,Services,Disqualified,3,,,3845,50,12/22/24,
Becker LLC,Portugal,38.736946,-9.142685,Transportation & Logistics,Medium (201-500),Emily Johnson,03/27/24,Services,Disqualified,3,,,2862,70,06/03/24,
Thompson-Schaefer,Austria,48.210033,16.363449,Transportation & Logistics,Medium (201-500),Emily Johnson,01/03/24,SAAS,Disqualified,3,,,6413,30,09/16/24,
Jones LLC,France,48.864716,2.349014,Government Administration Healthcare,Medium (201-500),Emily Johnson,02/04/24,Services,Disqualified,3,,,5296,30,03/18/24,
Spencer-Beahan,Switzerland,46.204391,6.143158,Telecommunications,Medium (201-500),Jessica Martinez,01/10/24,Services,Disqualified,3,,,2269,30,12/16/24,
Hessel-Conn,Spain,40.416775,-3.70379,IT & IT Services,Medium (201-500),Jessica Martinez,02/11/24,SAAS,Disqualified,3,,,5129,30,04/04/24,
"Skiles, Sawayn and Bradtke",Switzerland,46.204391,6.143158,Agriculture & Mining,Medium (201-500),John Smith,01/14/24,SAAS,Disqualified,3,,,3756,20,06/13/24,
"Okuneva, Dooley and Schaden",Belgium,51.260197,4.402771,Construction & Engineering,Medium (201-500),Laura Thompson,04/03/24,SAAS,Disqualified,3,,,7165,40,12/02/24,
"Kub, Aufderhar and Ward",Switzerland,46.204391,6.143158,Transportation & Logistics,Medium (201-500),Emily Johnson,01/20/24,Custom solution,Disqualified,3,,,1241,40,09/09/24,
Orn-Kassulke,Switzerland,46.204391,6.143158,Transportation & Logistics,Medium (201-500),John Smith,03/17/24,SAAS,Disqualified,3,,,4487,40,02/02/25,
"Mills, Ortiz and McGlynn",Netherlands,52.370216,4.895168,Retail & Distribution,Medium (201-500),Kevin Anderson,02/21/24,SAAS,Disqualified,3,,,1725,60,06/11/24,
Gleason-Price,France,48.864716,2.349014,Construction & Engineering,Medium (201-500),Laura Thompson,05/02/24,Services,Disqualified,3,,,2081,70,05/24/24,
Schaden and Sons,Spain,40.416775,-3.70379,IT & IT Services,Medium (201-500),Emily Johnson,01/08/24,Services,Disqualified,3,,,4044,60,08/12/24,
Von and Sons,Switzerland,46.204391,6.143158,Transportation & Logistics,Medium (201-500),Jessica Martinez,02/20/24,Services,Disqualified,3,,,741,60,05/19/24,
Bartell-Kirlin,Switzerland,46.204391,6.143158,Transportation & Logistics,Medium (201-500),Emily Johnson,04/26/24,Services,Disqualified,3,,,5826,40,12/18/24,
Gutkowski-Baumbach,Switzerland,46.204391,6.143158,Banking and Finance,Medium (201-500),Jessica Martinez,01/27/24,SAAS,Disqualified,3,,,6543,20,04/13/24,
"Osinski, Wisoky and Schimmel",Spain,40.416775,-3.70379,IT & IT Services,Medium (201-500),John Smith,04/24/24,Services,Disqualified,3,,,1554,50,02/24/25,
Schneider-Schuppe,Switzerland,46.204391,6.143158,Transportation & Logistics,Medium (201-500),Laura Thompson,05/10/24,Services,Disqualified,3,,,3931,10,10/08/24,
"Crist, Okuneva and Veum",Belgium,51.260197,4.402771,Transportation & Logistics,Medium (201-500),Michael Brown,04/16/24,Custom solution,Disqualified,3,,,5437,90,10/06/24,
Rosenbaum-Upton,Spain,40.416775,-3.70379,Banking and Finance,Medium (201-500),Jessica Martinez,04/10/24,Services,Disqualified,3,,,3858,90,03/08/25,
Wolf Group,Belgium,51.260197,4.402771,Manufacturing & Production,Medium (201-500),David Wilson,04/28/24,SAAS,Disqualified,3,,,5767,20,06/10/24,
"Nolan, D'Amore and Wyman",Spain,40.416775,-3.70379,Transportation & Logistics,Medium (201-500),Emily Johnson,03/15/24,Services,Disqualified,3,,,1713,50,10/29/24,
"Kunde, Reinger and Jerde",Switzerland,46.204391,6.143158,Government Administration Healthcare,Medium (201-500),Kevin Anderson,04/17/24,SAAS,Disqualified,3,,,2750,30,12/09/24,
Edgeclub,Germany,52.520008,13.404954,Banking and Finance,Large (501-1000),Laura Thompson,03/13/24,SAAS,Disqualified,3,,,5353,30,07/19/24,
Schmidt-Beier,Italy,41.902782,12.496366,Banking and Finance,Large (501-1000),Laura Thompson,03/28/24,Custom solution,Disqualified,3,,,19224,30,05/21/24,
Smitham and Sons,Germany,52.520008,13.404954,IT & IT Services,Large (501-1000),Michael Brown,03/26/24,Services,Disqualified,3,,,5474,50,05/22/24,
"Spencer, Langworth and Hackett",Austria,48.210033,16.363449,Recreation & Sports,Enterprise (1001+),John Smith,02/10/24,SAAS,Disqualified,3,,,13724,20,09/10/24,
Lebsack LLC,Italy,41.902782,12.496366,Manufacturing & Production,Enterprise (1001+),Michael Brown,05/22/24,Custom solution,Disqualified,3,,,11121,20,12/24/24,
Muller Inc,Germany,52.520008,13.404954,Transportation & Logistics,Enterprise (1001+),John Smith,01/29/24,Custom solution,Disqualified,3,,,14687,70,12/31/24,
Oberbrunner-Metz,Italy,41.902782,12.496366,Education & Science,Enterprise (1001+),John Smith,04/14/24,SAAS,Disqualified,3,,,4281,60,09/12/24,
Schamberger-Rutherford,Italy,41.902782,12.496366,Banking and Finance,Enterprise (1001+),Kevin Anderson,05/02/24,Custom solution,Disqualified,3,,,3063,100,02/13/25,
Trilia,Italy,41.902782,12.496366,Transportation & Logistics,Small (11-200),Emily Johnson,01/02/24,SAAS,New,1,,,478,50,10/31/24,
Yotz,Belgium,51.260197,4.402771,IT & IT Services,Small (11-200),Laura Thompson,05/10/24,Custom solution,New,1,,,1380,80,11/06/24,
Teklist,Germany,52.520008,13.404954,Transportation & Logistics,Small (11-200),Laura Thompson,01/26/24,Services,New,1,,,396,60,11/03/24,
Tagopia,France,48.864716,2.349014,Telecommunications,Small (11-200),Emily Johnson,01/06/24,SAAS,New,1,,,1087,30,05/17/24,
Skyvu,Austria,48.210033,16.363449,Transportation & Logistics,Small (11-200),Laura Thompson,03/23/24,SAAS,New,1,,,590,30,03/22/25,
Divanoodle,Portugal,38.736946,-9.142685,Banking and Finance,Small (11-200),John Smith,05/15/24,Custom solution,New,1,,,1668,90,07/17/24,
Meeveo,Spain,40.416775,-3.70379,Agriculture & Mining,Small (11-200),John Smith,02/25/24,SAAS,New,1,,,680,30,01/14/25,
Avamm,Switzerland,46.204391,6.143158,Professional Services  & Consulting,Small (11-200),Jessica Martinez,05/25/24,SAAS,New,1,,,474,40,03/25/25,
Edgetag,Italy,41.902782,12.496366,Professional Services  & Consulting,Small (11-200),Jessica Martinez,03/04/24,Services,New,1,,,1850,20,10/05/24,
Photolist,Portugal,38.736946,-9.142685,IT & IT Services,Small (11-200),Kevin Anderson,02/03/24,Custom solution,New,1,,,1007,90,11/27/24,
Tavu,Italy,41.902782,12.496366,Professional Services  & Consulting,Small (11-200),Kevin Anderson,04/11/24,Services,New,1,,,1345,90,05/22/24,
Jetwire,Germany,52.520008,13.404954,Manufacturing & Production,Small (11-200),Jessica Martinez,05/27/24,Services,New,1,,,1038,50,12/14/24,
Ntag,Portugal,38.736946,-9.142685,Education & Science,Small (11-200),David Wilson,04/03/24,SAAS,New,1,,,458,20,09/14/24,
Twinte,Italy,41.902782,12.496366,Transportation & Logistics,Small (11-200),Laura Thompson,05/12/24,Services,New,1,,,442,30,12/24/24,
Livepath,Switzerland,46.204391,6.143158,Transportation & Logistics,Small (11-200),Laura Thompson,04/27/24,SAAS,New,1,,,1997,50,04/11/25,
Meetz,Austria,48.210033,16.363449,Education & Science,Small (11-200),David Wilson,03/28/24,Custom solution,New,1,,,1717,20,05/23/24,
Gigaclub,Germany,52.520008,13.404954,Energy & Utilities,Small (11-200),David Wilson,01/03/24,SAAS,New,1,,,1640,30,11/30/24,
Yadel,Italy,41.902782,12.496366,Manufacturing & Production,Small (11-200),Emily Johnson,05/01/24,Services,New,1,,,855,70,02/23/25,
Eabox,France,48.864716,2.349014,Recreation & Sports,Small (11-200),Jessica Martinez,03/12/24,Services,New,1,,,1056,100,03/10/25,
Dabjam,Netherlands,52.370216,4.895168,Manufacturing & Production,Small (11-200),John Smith,02/27/24,Custom solution,New,1,,,966,10,06/13/24,
Blogpad,Switzerland,46.204391,6.143158,Professional Services  & Consulting,Small (11-200),Jessica Martinez,02/27/24,Custom solution,New,1,,,344,40,10/11/24,
Topiczoom,Belgium,51.260197,4.402771,Recreation & Sports,Small (11-200),Michael Brown,05/29/24,Services,New,1,,,407,70,04/13/25,
Rhyloo,Portugal,38.736946,-9.142685,Energy & Utilities,Small (11-200),Kevin Anderson,01/21/24,Services,New,1,,,1965,40,01/17/25,
Mydo,Austria,48.210033,16.363449,Energy & Utilities,Small (11-200),Laura Thompson,01/07/24,Custom solution,New,1,,,1494,20,06/14/24,
Thoughtstorm,Germany,52.520008,13.404954,Energy & Utilities,Small (11-200),David Wilson,03/13/24,Custom solution,New,1,,,1837,10,04/06/24,
Topicware,Germany,52.520008,13.404954,Construction & Engineering,Small (11-200),John Smith,03/31/24,Services,New,1,,,1175,20,01/10/25,
Tekfly,France,48.864716,2.349014,Telecommunications,Small (11-200),David Wilson,03/09/24,Services,New,1,,,617,40,06/10/24,
Wikivu,Italy,41.902782,12.496366,Transportation & Logistics,Small (11-200),David Wilson,01/28/24,Services,New,1,,,1538,50,10/14/24,
"Schroeder, Reichert and Hettinger",Netherlands,52.370216,4.895168,Banking and Finance,Small (11-200),Kevin Anderson,01/06/24,SAAS,New,1,,,434,50,10/21/24,
"Gorczany, Kuphal and Mayert",Netherlands,52.370216,4.895168,Professional Services  & Consulting,Small (11-200),Laura Thompson,02/27/24,Custom solution,New,1,,,870,60,01/20/25,
"Dietrich, Boehm and Corkery",Italy,41.902782,12.496366,Education & Science,Small (11-200),Kevin Anderson,05/30/24,SAAS,New,1,,,1225,30,09/26/24,
"Murphy, Schuster and Kub",Switzerland,46.204391,6.143158,Government Administration Healthcare,Small (11-200),Laura Thompson,01/04/24,SAAS,New,1,,,1804,50,03/04/24,
Pouros-Schneider,Portugal,38.736946,-9.142685,Construction & Engineering,Small (11-200),Jessica Martinez,01/17/24,Custom solution,New,1,,,1063,60,02/25/24,
"Crist, Price and Johns",Austria,48.210033,16.363449,Government Administration Healthcare,Small (11-200),David Wilson,03/03/24,SAAS,New,1,,,341,10,02/18/25,
Littel LLC,Switzerland,46.204391,6.143158,Agriculture & Mining,Small (11-200),John Smith,03/14/24,Services,New,1,,,1454,20,05/13/24,
Wisozk-Thompson,France,48.864716,2.349014,Banking and Finance,Small (11-200),Laura Thompson,04/06/24,SAAS,New,1,,,263,80,09/26/24,
D'Amore Group,France,48.864716,2.349014,IT & IT Services,Small (11-200),Jessica Martinez,05/25/24,Custom solution,New,1,,,976,100,11/07/24,
Mitchell Group,Belgium,51.260197,4.402771,Government Administration Healthcare,Small (11-200),Sarah Davis,01/08/24,SAAS,New,1,,,1977,60,08/14/24,
Lowe-Grimes,France,48.864716,2.349014,Professional Services  & Consulting,Small (11-200),Sarah Davis,02/14/24,Services,New,1,,,1940,50,10/06/24,
"O'Reilly, Harvey and Cassin",France,48.864716,2.349014,Telecommunications,Small (11-200),Sarah Davis,04/23/24,Custom solution,New,1,,,945,60,07/10/24,
"Hilll, Reynolds and Stamm",Italy,41.902782,12.496366,Recreation & Sports,Small (11-200),Jessica Martinez,01/11/24,SAAS,New,1,,,741,10,10/15/24,
"Schinner, Turcotte and Borer",France,48.864716,2.349014,Banking and Finance,Small (11-200),Jessica Martinez,03/21/24,Services,New,1,,,1130,30,02/26/25,
Bahringer Inc,Switzerland,46.204391,6.143158,Government Administration Healthcare,Small (11-200),Sarah Davis,02/14/24,Services,New,1,,,1047,20,01/28/25,
Green-Kunze,Austria,48.210033,16.363449,Transportation & Logistics,Small (11-200),John Smith,02/04/24,SAAS,New,1,,,1473,50,02/24/24,
"Huels, Cruickshank and Hayes",Germany,52.520008,13.404954,Manufacturing & Production,Small (11-200),Jessica Martinez,03/01/24,Services,New,1,,,1084,60,02/25/25,
Reynolds-Wiza,Portugal,38.736946,-9.142685,Telecommunications,Small (11-200),John Smith,04/10/24,Services,New,1,,,379,20,05/29/24,
McGlynn Group,Portugal,38.736946,-9.142685,Government Administration Healthcare,Small (11-200),Kevin Anderson,04/28/24,Services,New,1,,,351,20,11/24/24,
Gorczany-Legros,France,48.864716,2.349014,Professional Services  & Consulting,Small (11-200),Emily Johnson,05/12/24,SAAS,New,1,,,1978,50,10/07/24,
"Gulgowski, Kub and Miller",Spain,40.416775,-3.70379,Banking and Finance,Small (11-200),John Smith,04/14/24,Services,New,1,,,754,40,04/03/25,
"Metz, Kub and Fahey",France,48.864716,2.349014,IT & IT Services,Small (11-200),Michael Brown,05/02/24,Services,New,1,,,1487,40,06/14/24,
Abshire LLC,Switzerland,46.204391,6.143158,Government Administration Healthcare,Small (11-200),Sarah Davis,05/08/24,Services,New,1,,,1932,60,07/30/24,
Lockman-Littel,Austria,48.210033,16.363449,Energy & Utilities,Small (11-200),Michael Brown,05/03/24,Services,New,1,,,1315,60,01/04/25,
Bradtke Inc,France,48.864716,2.349014,Telecommunications,Small (11-200),Laura Thompson,05/25/24,SAAS,New,1,,,1339,40,03/28/25,
Cartwright-Orn,France,48.864716,2.349014,Education & Science,Small (11-200),Laura Thompson,04/05/24,SAAS,New,1,,,244,50,06/30/24,
Littel-Hilpert,Netherlands,52.370216,4.895168,Banking and Finance,Small (11-200),Michael Brown,03/03/24,SAAS,New,1,,,229,40,05/08/24,
Franecki LLC,Portugal,38.736946,-9.142685,Transportation & Logistics,Small (11-200),Laura Thompson,01/05/24,SAAS,New,1,,,740,60,06/04/24,
Mayert-Renner,France,48.864716,2.349014,IT & IT Services,Small (11-200),Jessica Martinez,05/05/24,SAAS,New,1,,,433,30,02/09/25,
Emmerich-Padberg,Switzerland,46.204391,6.143158,Transportation & Logistics,Small (11-200),Laura Thompson,02/22/24,Custom solution,New,1,,,1073,30,12/25/24,
Grimes-Marvin,France,48.864716,2.349014,Retail & Distribution,Small (11-200),Emily Johnson,02/05/24,SAAS,New,1,,,242,30,06/21/24,
"Maggio, Wilderman and Mueller",Austria,48.210033,16.363449,IT & IT Services,Small (11-200),Laura Thompson,04/25/24,Custom solution,New,1,,,1884,20,10/18/24,
"Toy, Gottlieb and Veum",Germany,52.520008,13.404954,Government Administration Healthcare,Small (11-200),Laura Thompson,03/24/24,SAAS,New,1,,,223,90,04/28/24,
"Hoeger, Hyatt and Glover",Switzerland,46.204391,6.143158,Education & Science,Small (11-200),Laura Thompson,04/28/24,SAAS,New,1,,,1772,10,03/11/25,
"Ferry, Denesik and Satterfield",Italy,41.902782,12.496366,IT & IT Services,Small (11-200),Michael Brown,03/20/24,SAAS,New,1,,,820,30,12/23/24,
"Bruen, Quigley and Kling",Netherlands,52.370216,4.895168,Recreation & Sports,Small (11-200),Laura Thompson,01/15/24,SAAS,New,1,,,1241,60,12/24/24,
Gibson and Sons,Belgium,51.260197,4.402771,Banking and Finance,Small (11-200),Kevin Anderson,04/29/24,Custom solution,New,1,,,519,20,11/05/24,
Little and Sons,Netherlands,52.370216,4.895168,Banking and Finance,Small (11-200),Kevin Anderson,05/21/24,Services,New,1,,,706,40,05/16/25,
"O'Conner, Stracke and White",Portugal,38.736946,-9.142685,Telecommunications,Small (11-200),John Smith,04/28/24,Services,New,1,,,1461,40,12/11/24,
Smitham LLC,Switzerland,46.204391,6.143158,Energy & Utilities,Small (11-200),Sarah Davis,04/17/24,Services,New,1,,,1913,100,07/10/24,
"Dickinson, Jacobi and McKenzie",Italy,41.902782,12.496366,Telecommunications,Small (11-200),Laura Thompson,05/13/24,SAAS,New,1,,,1539,20,06/30/24,
Feest-Schoen,Portugal,38.736946,-9.142685,Energy & Utilities,Small (11-200),Laura Thompson,04/10/24,SAAS,New,1,,,1212,30,06/14/24,
"Hane, Kassulke and Hermiston",Portugal,38.736946,-9.142685,Professional Services  & Consulting,Small (11-200),Michael Brown,03/13/24,Services,New,1,,,1832,20,07/18/24,
"Lesch, Hauck and Bogan",Germany,52.520008,13.404954,Transportation & Logistics,Small (11-200),Jessica Martinez,03/18/24,Custom solution,New,1,,,1553,20,08/04/24,
Johnson-McDermott,France,48.864716,2.349014,Entertainment & Media & Hospitality,Small (11-200),John Smith,04/20/24,Services,New,1,,,322,40,01/04/25,
"Dare, Lesch and Gorczany",France,48.864716,2.349014,Transportation & Logistics,Small (11-200),John Smith,01/10/24,Custom solution,New,1,,,1185,90,07/22/24,
Reilly Inc,Netherlands,52.370216,4.895168,Banking and Finance,Small (11-200),Jessica Martinez,05/20/24,Services,New,1,,,1747,20,07/16/24,
Hyatt Group,Germany,52.520008,13.404954,Government Administration Healthcare,Small (11-200),Michael Brown,03/22/24,SAAS,New,1,,,1286,20,02/12/25,
Waters Inc,Belgium,51.260197,4.402771,Manufacturing & Production,Small (11-200),Laura Thompson,01/04/24,Services,New,1,,,1735,90,02/09/24,
Balistreri-Berge,Portugal,38.736946,-9.142685,Transportation & Logistics,Small (11-200),David Wilson,05/04/24,SAAS,New,1,,,1184,50,01/30/25,
"Champlin, Altenwerth and Reichel",Switzerland,46.204391,6.143158,Education & Science,Small (11-200),Laura Thompson,02/18/24,SAAS,New,1,,,352,40,10/24/24,
Johnston-Bahringer,Italy,41.902782,12.496366,Telecommunications,Small (11-200),John Smith,01/11/24,Custom solution,New,1,,,1581,50,03/06/24,
Rath and Sons,Italy,41.902782,12.496366,Government Administration Healthcare,Small (11-200),David Wilson,05/24/24,SAAS,New,1,,,1367,40,03/29/25,
Langosh-Oberbrunner,Spain,40.416775,-3.70379,Banking and Finance,Small (11-200),Sarah Davis,03/05/24,Services,New,1,,,490,10,07/08/24,
Dickinson LLC,France,48.864716,2.349014,IT & IT Services,Small (11-200),Laura Thompson,01/23/24,SAAS,New,1,,,1627,40,03/11/24,
"Heathcote, Barrows and Doyle",Portugal,38.736946,-9.142685,IT & IT Services,Small (11-200),Laura Thompson,01/31/24,Custom solution,New,1,,,716,50,08/16/24,
"Cummerata, Wyman and Conn",Switzerland,46.204391,6.143158,Banking and Finance,Small (11-200),John Smith,02/14/24,Services,New,1,,,1139,30,05/28/24,
"O'Reilly, Torphy and Jakubowski",Switzerland,46.204391,6.143158,Banking and Finance,Small (11-200),Jessica Martinez,04/16/24,Custom solution,New,1,,,427,40,09/15/24,
Boyer LLC,Austria,48.210033,16.363449,Transportation & Logistics,Small (11-200),Michael Brown,04/18/24,Services,New,1,,,857,50,12/03/24,
"Bradtke, Predovic and Monahan",Portugal,38.736946,-9.142685,Telecommunications,Small (11-200),Laura Thompson,03/17/24,SAAS,New,1,,,1442,10,02/10/25,
Schuppe Inc,France,48.864716,2.349014,Banking and Finance,Small (11-200),David Wilson,03/07/24,Services,New,1,,,839,60,10/18/24,
Hand-Heller,Germany,52.520008,13.404954,Retail & Distribution,Small (11-200),Jessica Martinez,01/23/24,Custom solution,New,1,,,1660,80,12/02/24,
Prohaska-Jenkins,Portugal,38.736946,-9.142685,Banking and Finance,Small (11-200),David Wilson,05/01/24,SAAS,New,1,,,576,80,02/25/25,
"Johnston, Hettinger and Luettgen",Austria,48.210033,16.363449,Recreation & Sports,Small (11-200),Laura Thompson,03/23/24,SAAS,New,1,,,1351,40,06/12/24,
"Rodriguez, Miller and Bradtke",Belgium,51.260197,4.402771,Transportation & Logistics,Small (11-200),Jessica Martinez,02/07/24,Custom solution,New,1,,,1579,70,01/03/25,
"Batz, Schamberger and Feeney",Italy,41.902782,12.496366,Retail & Distribution,Small (11-200),Sarah Davis,05/07/24,SAAS,New,1,,,731,20,10/05/24,
Ortiz-Christiansen,Portugal,38.736946,-9.142685,Government Administration Healthcare,Small (11-200),John Smith,05/18/24,SAAS,New,1,,,931,30,04/04/25,
Toy-Friesen,Austria,48.210033,16.363449,IT & IT Services,Small (11-200),Laura Thompson,01/23/24,SAAS,New,1,,,1237,30,07/17/24,
Sawayn and Sons,Italy,41.902782,12.496366,Government Administration Healthcare,Small (11-200),Kevin Anderson,04/23/24,SAAS,New,1,,,1716,20,11/17/24,
Turcotte-Hand,Portugal,38.736946,-9.142685,IT & IT Services,Small (11-200),Jessica Martinez,01/17/24,Services,New,1,,,1382,30,11/26/24,
Bayer Group,Portugal,38.736946,-9.142685,Agriculture & Mining,Small (11-200),Jessica Martinez,05/09/24,Services,New,1,,,1194,100,12/02/24,
Leffler-Okuneva,Belgium,51.260197,4.402771,Banking and Finance,Small (11-200),Kevin Anderson,01/10/24,Services,New,1,,,1073,20,04/06/24,
"Little, Deckow and Kunde",Spain,40.416775,-3.70379,Government Administration Healthcare,Small (11-200),Michael Brown,05/11/24,Services,New,1,,,1102,20,07/07/24,
"Ortiz, Cartwright and Leffler",Italy,41.902782,12.496366,IT & IT Services,Small (11-200),Jessica Martinez,02/21/24,Services,New,1,,,1252,50,11/08/24,
Bernier and Sons,Belgium,51.260197,4.402771,Retail & Distribution,Small (11-200),Michael Brown,01/30/24,SAAS,New,1,,,786,70,11/27/24,
Rempel-Towne,Belgium,51.260197,4.402771,Professional Services  & Consulting,Small (11-200),Sarah Davis,03/20/24,Services,New,1,,,1292,80,02/14/25,
Sauer-Heaney,Italy,41.902782,12.496366,Banking and Finance,Small (11-200),Laura Thompson,01/09/24,Services,New,1,,,317,60,07/13/24,
Funk and Sons,Switzerland,46.204391,6.143158,Transportation & Logistics,Small (11-200),Laura Thompson,02/21/24,SAAS,New,1,,,958,30,09/04/24,
"Cruickshank, Cormier and Willms",Italy,41.902782,12.496366,Banking and Finance,Small (11-200),Sarah Davis,05/23/24,Services,New,1,,,1364,50,09/06/24,
"Roberts, Boehm and Swift",Switzerland,46.204391,6.143158,Transportation & Logistics,Small (11-200),Jessica Martinez,04/03/24,Services,New,1,,,1348,20,05/14/24,
"Gerlach, Kiehn and Weber",Switzerland,46.204391,6.143158,Banking and Finance,Small (11-200),Jessica Martinez,02/10/24,Custom solution,New,1,,,1811,10,11/09/24,
"Sawayn, Sanford and Skiles",Germany,52.520008,13.404954,IT & IT Services,Small (11-200),Sarah Davis,02/19/24,SAAS,New,1,,,1607,10,01/12/25,
"Harris, Schmidt and Kautzer",Italy,41.902782,12.496366,Transportation & Logistics,Small (11-200),Laura Thompson,04/05/24,Services,New,1,,,1139,30,07/25/24,
Stamm-Rath,Italy,41.902782,12.496366,IT & IT Services,Small (11-200),Michael Brown,01/26/24,Services,New,1,,,487,50,09/13/24,
"Hamill, Koepp and Quigley",Italy,41.902782,12.496366,Manufacturing & Production,Small (11-200),Sarah Davis,04/17/24,Services,New,1,,,495,60,05/28/24,
Hodkiewicz-Powlowski,Portugal,38.736946,-9.142685,IT & IT Services,Small (11-200),Laura Thompson,02/08/24,Services,New,1,,,344,40,04/01/24,
Moore Group,France,48.864716,2.349014,Education & Science,Small (11-200),Laura Thompson,04/11/24,SAAS,New,1,,,443,30,08/07/24,
Schumm-Auer,Spain,40.416775,-3.70379,Education & Science,Small (11-200),Emily Johnson,03/11/24,SAAS,New,1,,,718,40,02/03/25,
"Ward, Daugherty and Homenick",Austria,48.210033,16.363449,IT & IT Services,Small (11-200),Jessica Martinez,05/30/24,Custom solution,New,1,,,1917,90,10/25/24,
"Pollich, Robel and Friesen",Germany,52.520008,13.404954,Government Administration Healthcare,Small (11-200),Emily Johnson,01/23/24,Custom solution,New,1,,,1729,50,06/28/24,
"Weimann, Pacocha and McCullough",Italy,41.902782,12.496366,Construction & Engineering,Small (11-200),Jessica Martinez,05/04/24,Custom solution,New,1,,,1345,10,08/15/24,
"Champlin, Borer and Purdy",Portugal,38.736946,-9.142685,Transportation & Logistics,Small (11-200),Michael Brown,04/21/24,Services,New,1,,,1626,60,04/19/25,
"Erdman, Medhurst and Rowe",Italy,41.902782,12.496366,Telecommunications,Small (11-200),Michael Brown,05/22/24,SAAS,New,1,,,1592,50,07/23/24,
Gutmann-Hoppe,Belgium,51.260197,4.402771,Energy & Utilities,Small (11-200),Jessica Martinez,02/07/24,Custom solution,New,1,,,819,30,02/28/24,
Lakin-Bradtke,Italy,41.902782,12.496366,Entertainment & Media & Hospitality,Small (11-200),Laura Thompson,02/28/24,SAAS,New,1,,,766,50,02/15/25,
"Ziemann, Bergstrom and Harber",Italy,41.902782,12.496366,Banking and Finance,Small (11-200),Jessica Martinez,01/09/24,Services,New,1,,,834,40,12/30/24,
Mitchell-Hauck,Italy,41.902782,12.496366,Transportation & Logistics,Small (11-200),Sarah Davis,03/29/24,SAAS,New,1,,,1662,30,03/23/25,
Labadie-Keeling,Germany,52.520008,13.404954,Recreation & Sports,Small (11-200),Michael Brown,01/13/24,SAAS,New,1,,,1819,60,08/28/24,
Borer Group,Austria,48.210033,16.363449,Agriculture & Mining,Small (11-200),Jessica Martinez,05/21/24,Services,New,1,,,1142,20,06/26/24,
"Goldner, Grant and Krajcik",Austria,48.210033,16.363449,Entertainment & Media & Hospitality,Small (11-200),Laura Thompson,02/21/24,Custom solution,New,1,,,1340,30,08/16/24,
Schinner and Sons,Belgium,51.260197,4.402771,Transportation & Logistics,Small (11-200),Emily Johnson,01/23/24,Services,New,1,,,797,40,06/12/24,
Kihn Inc,Germany,52.520008,13.404954,Transportation & Logistics,Small (11-200),Laura Thompson,05/09/24,SAAS,New,1,,,644,40,01/25/25,
Abbott-Wisoky,Netherlands,52.370216,4.895168,Banking and Finance,Small (11-200),Sarah Davis,05/19/24,Services,New,1,,,355,30,02/26/25,
"Strosin, Bahringer and Reilly",Germany,52.520008,13.404954,IT & IT Services,Small (11-200),John Smith,05/28/24,Custom solution,New,1,,,1741,50,10/18/24,
"McKenzie, Jerde and Altenwerth",Netherlands,52.370216,4.895168,Banking and Finance,Small (11-200),Laura Thompson,01/31/24,SAAS,New,1,,,441,30,10/17/24,
"Runolfsdottir, Mills and Jacobi",Germany,52.520008,13.404954,Transportation & Logistics,Small (11-200),Michael Brown,05/10/24,SAAS,New,1,,,1239,40,03/02/25,
"Tremblay, Thompson and Robel",Belgium,51.260197,4.402771,IT & IT Services,Small (11-200),Laura Thompson,05/11/24,SAAS,New,1,,,467,40,02/15/25,
Rutherford LLC,Germany,52.520008,13.404954,Transportation & Logistics,Small (11-200),Jessica Martinez,02/10/24,SAAS,New,1,,,403,50,06/19/24,
Rice-Bayer,Austria,48.210033,16.363449,Energy & Utilities,Small (11-200),Jessica Martinez,03/20/24,SAAS,New,1,,,677,20,12/29/24,
"Blanda, Gibson and Mills",Switzerland,46.204391,6.143158,IT & IT Services,Small (11-200),Michael Brown,03/29/24,SAAS,New,1,,,690,10,11/27/24,
"Deckow, Dickens and Koss",Switzerland,46.204391,6.143158,Transportation & Logistics,Small (11-200),Jessica Martinez,05/25/24,SAAS,New,1,,,404,30,08/08/24,
Sporer-Beer,France,48.864716,2.349014,IT & IT Services,Small (11-200),Michael Brown,02/12/24,SAAS,New,1,,,1126,80,04/11/24,
Hudson Group,Germany,52.520008,13.404954,Telecommunications,Small (11-200),Laura Thompson,01/30/24,SAAS,New,1,,,1675,40,07/13/24,
Gutmann-Friesen,Italy,41.902782,12.496366,Banking and Finance,Small (11-200),John Smith,05/13/24,Services,New,1,,,1910,20,03/18/25,
"Schmidt, Konopelski and Larson",Austria,48.210033,16.363449,Banking and Finance,Small (11-200),Laura Thompson,02/04/24,Custom solution,New,1,,,857,30,11/21/24,
O'Connell Group,Portugal,38.736946,-9.142685,Government Administration Healthcare,Small (11-200),Jessica Martinez,03/14/24,Services,New,1,,,1561,40,01/04/25,
Willms-Hagenes,Portugal,38.736946,-9.142685,Transportation & Logistics,Small (11-200),Michael Brown,05/27/24,Custom solution,New,1,,,872,50,10/04/24,
Metz-Kuvalis,Germany,52.520008,13.404954,Banking and Finance,Small (11-200),Jessica Martinez,01/07/24,Services,New,1,,,757,30,08/12/24,
Jakubowski Group,Germany,52.520008,13.404954,Retail & Distribution,Small (11-200),Laura Thompson,03/17/24,SAAS,New,1,,,1521,70,03/17/25,
Volkman Inc,France,48.864716,2.349014,Manufacturing & Production,Small (11-200),Michael Brown,04/20/24,SAAS,New,1,,,1010,80,02/14/25,
"Haley, Ritchie and Anderson",Italy,41.902782,12.496366,IT & IT Services,Small (11-200),Kevin Anderson,02/16/24,Services,New,1,,,1175,30,07/05/24,
Hoeger Inc,Italy,41.902782,12.496366,Professional Services  & Consulting,Small (11-200),Laura Thompson,01/26/24,SAAS,New,1,,,1058,80,11/02/24,
Monahan-Quitzon,Austria,48.210033,16.363449,Energy & Utilities,Small (11-200),Michael Brown,03/22/24,SAAS,New,1,,,1546,10,04/30/24,
"Crona, Keeling and Daniel",Switzerland,46.204391,6.143158,Transportation & Logistics,Small (11-200),Michael Brown,05/05/24,SAAS,New,1,,,1029,90,09/19/24,
"Bergnaum, Hyatt and Purdy",France,48.864716,2.349014,Energy & Utilities,Small (11-200),David Wilson,04/02/24,SAAS,New,1,,,1736,40,10/04/24,
Schiller-Stehr,Belgium,51.260197,4.402771,Banking and Finance,Small (11-200),Sarah Davis,01/02/24,Services,New,1,,,1035,60,08/04/24,
Kuhlman Group,Germany,52.520008,13.404954,IT & IT Services,Small (11-200),David Wilson,03/14/24,SAAS,New,1,,,1077,20,10/10/24,
Bogan Inc,Germany,52.520008,13.404954,IT & IT Services,Small (11-200),Laura Thompson,02/01/24,Services,New,1,,,1462,60,09/05/24,
Yundt Inc,France,48.864716,2.349014,Transportation & Logistics,Small (11-200),Jessica Martinez,01/09/24,SAAS,New,1,,,1849,80,12/16/24,
Sawayn-Bogan,Italy,41.902782,12.496366,Transportation & Logistics,Small (11-200),Emily Johnson,05/13/24,SAAS,New,1,,,294,40,02/03/25,
"Spinka, Johns and Tromp",Germany,52.520008,13.404954,Banking and Finance,Small (11-200),Laura Thompson,01/03/24,SAAS,New,1,,,1632,30,11/16/24,
Zieme-Cronin,Italy,41.902782,12.496366,Banking and Finance,Small (11-200),Laura Thompson,02/05/24,SAAS,New,1,,,457,30,08/29/24,
Gleichner-Kohler,France,48.864716,2.349014,Agriculture & Mining,Small (11-200),Emily Johnson,01/17/24,Custom solution,New,1,,,852,40,12/21/24,
Morar-Goyette,Austria,48.210033,16.363449,Banking and Finance,Small (11-200),Laura Thompson,04/01/24,Services,New,1,,,220,30,03/17/25,
Howell and Sons,Italy,41.902782,12.496366,Energy & Utilities,Small (11-200),David Wilson,04/28/24,SAAS,New,1,,,733,60,11/02/24,
Metz LLC,Belgium,51.260197,4.402771,Banking and Finance,Small (11-200),Michael Brown,03/13/24,SAAS,New,1,,,1736,30,09/03/24,
Schamberger Group,France,48.864716,2.349014,Education & Science,Small (11-200),Laura Thompson,01/20/24,SAAS,New,1,,,1064,20,04/17/24,
"Dickinson, King and Jenkins",Germany,52.520008,13.404954,Retail & Distribution,Small (11-200),John Smith,03/07/24,SAAS,New,1,,,1152,40,04/25/24,
Jakubowski LLC,Germany,52.520008,13.404954,Professional Services  & Consulting,Small (11-200),Sarah Davis,05/10/24,SAAS,New,1,,,227,40,02/17/25,
King-Rohan,Austria,48.210033,16.363449,Recreation & Sports,Small (11-200),David Wilson,03/11/24,SAAS,New,1,,,1409,30,12/21/24,
Rowe and Sons,Switzerland,46.204391,6.143158,Transportation & Logistics,Small (11-200),Michael Brown,03/28/24,Services,New,1,,,1853,40,05/28/24,
Barrows Group,Germany,52.520008,13.404954,Education & Science,Small (11-200),Laura Thompson,03/01/24,SAAS,New,1,,,601,30,09/29/24,
Kertzmann-Kris,Switzerland,46.204391,6.143158,IT & IT Services,Small (11-200),Jessica Martinez,03/16/24,Services,New,1,,,637,40,07/11/24,
"Hettinger, Trantow and Altenwerth",France,48.864716,2.349014,Agriculture & Mining,Small (11-200),Sarah Davis,01/12/24,SAAS,New,1,,,1011,80,09/20/24,
"Doyle, Krajcik and Wintheiser",France,48.864716,2.349014,Agriculture & Mining,Small (11-200),David Wilson,05/14/24,Services,New,1,,,1368,40,04/07/25,
Koss-Mertz,France,48.864716,2.349014,Professional Services  & Consulting,Small (11-200),Emily Johnson,05/23/24,SAAS,New,1,,,706,60,11/18/24,
Shanahan-Hodkiewicz,Austria,48.210033,16.363449,Transportation & Logistics,Small (11-200),Sarah Davis,03/26/24,Custom solution,New,1,,,1324,50,02/26/25,
Kunde and Sons,Portugal,38.736946,-9.142685,Banking and Finance,Small (11-200),Laura Thompson,03/01/24,Services,New,1,,,1916,90,04/13/24,
"Kassulke, McClure and Greenfelder",Italy,41.902782,12.496366,Recreation & Sports,Small (11-200),Kevin Anderson,01/16/24,SAAS,New,1,,,1838,30,02/17/24,
Konopelski and Sons,Germany,52.520008,13.404954,IT & IT Services,Small (11-200),Sarah Davis,01/18/24,SAAS,New,1,,,621,20,04/25/24,
Thoughtbeat,Italy,41.902782,12.496366,Agriculture & Mining,Micro (1-10),John Smith,01/28/24,SAAS,New,1,,,450,40,05/12/24,
Pixope,Switzerland,46.204391,6.143158,Government Administration Healthcare,Micro (1-10),Kevin Anderson,02/17/24,SAAS,New,1,,,904,80,07/23/24,
Leexo,France,48.864716,2.349014,Manufacturing & Production,Micro (1-10),Kevin Anderson,02/16/24,SAAS,New,1,,,299,60,05/03/24,
Divavu,Italy,41.902782,12.496366,Transportation & Logistics,Micro (1-10),Emily Johnson,04/26/24,Services,New,1,,,935,80,03/16/25,
Zava,Germany,52.520008,13.404954,Government Administration Healthcare,Micro (1-10),Laura Thompson,01/24/24,SAAS,New,1,,,828,100,10/08/24,
Lajo,Belgium,51.260197,4.402771,Education & Science,Micro (1-10),Jessica Martinez,02/20/24,Services,New,1,,,1035,50,08/28/24,
Ainyx,Germany,52.520008,13.404954,IT & IT Services,Micro (1-10),Sarah Davis,03/23/24,SAAS,New,1,,,749,20,03/18/25,
Gigazoom,Italy,41.902782,12.496366,Government Administration Healthcare,Micro (1-10),Kevin Anderson,03/04/24,SAAS,New,1,,,866,40,12/25/24,
Trilith,France,48.864716,2.349014,IT & IT Services,Micro (1-10),Kevin Anderson,04/25/24,Services,New,1,,,315,40,10/20/24,
Eazzy,Italy,41.902782,12.496366,Professional Services  & Consulting,Micro (1-10),Kevin Anderson,05/24/24,SAAS,New,1,,,376,50,05/05/25,
Pixoboo,Italy,41.902782,12.496366,Energy & Utilities,Micro (1-10),Laura Thompson,02/18/24,SAAS,New,1,,,625,30,07/20/24,
Muxo,Austria,48.210033,16.363449,Banking and Finance,Micro (1-10),Jessica Martinez,04/27/24,SAAS,New,1,,,859,20,04/15/25,
"Koss, Walter and Murray",Italy,41.902782,12.496366,Retail & Distribution,Micro (1-10),Jessica Martinez,02/04/24,SAAS,New,1,,,1139,30,07/07/24,
"Goyette, Gottlieb and Cummings",France,48.864716,2.349014,Professional Services  & Consulting,Micro (1-10),Michael Brown,03/20/24,Services,New,1,,,458,30,08/16/24,
"Buckridge, Schinner and Walker",Netherlands,52.370216,4.895168,Retail & Distribution,Micro (1-10),David Wilson,01/21/24,Services,New,1,,,737,40,01/20/25,
Reichel-Kutch,France,48.864716,2.349014,Retail & Distribution,Micro (1-10),Jessica Martinez,03/25/24,Custom solution,New,1,,,1096,40,03/12/25,
Schoen-Waelchi,Germany,52.520008,13.404954,Construction & Engineering,Micro (1-10),Jessica Martinez,03/06/24,Services,New,1,,,491,90,02/26/25,
"Stracke, Hodkiewicz and Leuschke",Italy,41.902782,12.496366,IT & IT Services,Micro (1-10),Laura Thompson,03/20/24,SAAS,New,1,,,1107,40,11/29/24,
"Mohr, Adams and Emmerich",Spain,40.416775,-3.70379,Transportation & Logistics,Micro (1-10),Kevin Anderson,03/29/24,SAAS,New,1,,,261,30,08/13/24,
Turner Inc,Austria,48.210033,16.363449,Education & Science,Micro (1-10),Laura Thompson,04/14/24,SAAS,New,1,,,873,30,09/15/24,
"Blick, Kessler and Gislason",Switzerland,46.204391,6.143158,Education & Science,Micro (1-10),Laura Thompson,03/16/24,Custom solution,New,1,,,455,20,01/22/25,
Koss-Maggio,Switzerland,46.204391,6.143158,Retail & Distribution,Micro (1-10),Jessica Martinez,04/17/24,Services,New,1,,,600,40,09/15/24,
Predovic and Sons,Italy,41.902782,12.496366,IT & IT Services,Micro (1-10),Sarah Davis,02/19/24,Services,New,1,,,467,40,04/29/24,
"Pacocha, Wuckert and Kerluke",Switzerland,46.204391,6.143158,Energy & Utilities,Micro (1-10),Emily Johnson,05/19/24,SAAS,New,1,,,477,40,09/20/24,
Macejkovic-Legros,France,48.864716,2.349014,Government Administration Healthcare,Micro (1-10),Jessica Martinez,03/02/24,SAAS,New,1,,,1014,40,06/19/24,
Harber-Murray,Switzerland,46.204391,6.143158,Entertainment & Media & Hospitality,Micro (1-10),Sarah Davis,04/06/24,Services,New,1,,,226,40,01/31/25,
"Krajcik, Hammes and Feil",Austria,48.210033,16.363449,Construction & Engineering,Micro (1-10),Kevin Anderson,01/17/24,Custom solution,New,1,,,688,20,07/22/24,
Kshlerin Group,Germany,52.520008,13.404954,Professional Services  & Consulting,Micro (1-10),Emily Johnson,01/07/24,Services,New,1,,,814,40,11/04/24,
Balistreri-Kub,Switzerland,46.204391,6.143158,Transportation & Logistics,Micro (1-10),Emily Johnson,02/25/24,SAAS,New,1,,,648,50,04/12/24,
Rippin-Franecki,France,48.864716,2.349014,Banking and Finance,Micro (1-10),Jessica Martinez,03/22/24,Services,New,1,,,880,30,12/09/24,
"Wehner, Kshlerin and King",Italy,41.902782,12.496366,Entertainment & Media & Hospitality,Micro (1-10),Michael Brown,03/24/24,SAAS,New,1,,,936,80,02/13/25,
Predovic LLC,France,48.864716,2.349014,Manufacturing & Production,Micro (1-10),Laura Thompson,04/29/24,Services,New,1,,,796,70,08/18/24,
Dare Inc,Germany,52.520008,13.404954,Energy & Utilities,Micro (1-10),Laura Thompson,01/02/24,Services,New,1,,,973,30,04/22/24,
Roob-DuBuque,Italy,41.902782,12.496366,Agriculture & Mining,Micro (1-10),Michael Brown,05/31/24,SAAS,New,1,,,1097,60,05/17/25,
"Smitham, Stamm and Howe",France,48.864716,2.349014,Transportation & Logistics,Micro (1-10),David Wilson,05/06/24,SAAS,New,1,,,1020,20,04/14/25,
Ward-Cruickshank,Switzerland,46.204391,6.143158,IT & IT Services,Micro (1-10),Sarah Davis,03/23/24,Custom solution,New,1,,,1067,20,08/03/24,
Strosin-Runte,Switzerland,46.204391,6.143158,Energy & Utilities,Micro (1-10),Jessica Martinez,02/01/24,Services,New,1,,,1063,50,08/08/24,
Zulauf-Schmidt,Portugal,38.736946,-9.142685,Professional Services  & Consulting,Micro (1-10),Kevin Anderson,03/10/24,SAAS,New,1,,,738,20,10/11/24,
Leffler-Hirthe,Italy,41.902782,12.496366,Entertainment & Media & Hospitality,Micro (1-10),Laura Thompson,05/12/24,SAAS,New,1,,,425,60,06/21/24,
McLaughlin LLC,France,48.864716,2.349014,Agriculture & Mining,Micro (1-10),Sarah Davis,01/09/24,SAAS,New,1,,,854,40,06/03/24,
Sanford-Doyle,Italy,41.902782,12.496366,Retail & Distribution,Micro (1-10),Jessica Martinez,02/15/24,Services,New,1,,,627,20,09/16/24,
Deckow and Sons,Austria,48.210033,16.363449,Banking and Finance,Micro (1-10),Emily Johnson,04/29/24,Custom solution,New,1,,,365,100,08/03/24,
Price Inc,Italy,41.902782,12.496366,Transportation & Logistics,Micro (1-10),Kevin Anderson,04/21/24,Services,New,1,,,852,70,02/20/25,
"Hammes, Romaguera and Emmerich",Italy,41.902782,12.496366,Transportation & Logistics,Micro (1-10),Laura Thompson,04/20/24,Services,New,1,,,1139,80,06/30/24,
"Schinner, Mraz and Friesen",France,48.864716,2.349014,Banking and Finance,Micro (1-10),Michael Brown,03/14/24,Services,New,1,,,286,40,12/16/24,
"Morissette, Heathcote and Bayer",France,48.864716,2.349014,IT & IT Services,Micro (1-10),Laura Thompson,02/26/24,Services,New,1,,,563,30,05/05/24,
Kirlin LLC,Germany,52.520008,13.404954,IT & IT Services,Micro (1-10),David Wilson,03/24/24,Services,New,1,,,1130,30,02/23/25,
Fritsch-Anderson,Netherlands,52.370216,4.895168,Energy & Utilities,Micro (1-10),David Wilson,04/01/24,Custom solution,New,1,,,850,30,05/16/24,
"Hegmann, Vandervort and Grimes",Switzerland,46.204391,6.143158,Manufacturing & Production,Micro (1-10),Michael Brown,02/25/24,SAAS,New,1,,,866,20,02/17/25,
Nicolas LLC,France,48.864716,2.349014,Government Administration Healthcare,Micro (1-10),John Smith,02/20/24,Services,New,1,,,940,50,11/29/24,
Green-Wuckert,Portugal,38.736946,-9.142685,Banking and Finance,Micro (1-10),John Smith,01/23/24,Custom solution,New,1,,,1024,30,03/30/24,
"Walsh, Walter and Kuhic",Germany,52.520008,13.404954,Transportation & Logistics,Micro (1-10),Emily Johnson,04/15/24,SAAS,New,1,,,1068,20,12/25/24,
Hauck Inc,Italy,41.902782,12.496366,Manufacturing & Production,Micro (1-10),John Smith,02/06/24,Services,New,1,,,902,20,09/14/24,
Keeling-Gerhold,Italy,41.902782,12.496366,Government Administration Healthcare,Micro (1-10),Emily Johnson,04/17/24,Custom solution,New,1,,,922,50,10/10/24,
Bailey and Sons,Italy,41.902782,12.496366,Government Administration Healthcare,Micro (1-10),David Wilson,02/08/24,SAAS,New,1,,,780,50,10/11/24,
Thompson-Schuster,Netherlands,52.370216,4.895168,IT & IT Services,Micro (1-10),Jessica Martinez,02/20/24,Services,New,1,,,387,30,02/03/25,
"Bechtelar, Bechtelar and Kub",Switzerland,46.204391,6.143158,Government Administration Healthcare,Micro (1-10),John Smith,03/06/24,Services,New,1,,,905,50,01/15/25,
Krajcik and Sons,Portugal,38.736946,-9.142685,Recreation & Sports,Micro (1-10),Michael Brown,01/29/24,SAAS,New,1,,,678,20,06/07/24,
"Macejkovic, Goodwin and Towne",Portugal,38.736946,-9.142685,Manufacturing & Production,Micro (1-10),Jessica Martinez,04/17/24,SAAS,New,1,,,883,70,12/10/24,
O'Reilly LLC,Portugal,38.736946,-9.142685,Government Administration Healthcare,Micro (1-10),Michael Brown,05/25/24,SAAS,New,1,,,1175,90,01/16/25,
Kiehn Group,France,48.864716,2.349014,Retail & Distribution,Micro (1-10),Laura Thompson,05/06/24,SAAS,New,1,,,493,20,06/08/24,
Williamson-O'Conner,Spain,40.416775,-3.70379,Transportation & Logistics,Micro (1-10),Jessica Martinez,05/16/24,SAAS,New,1,,,995,30,06/10/24,
Runolfsdottir-Huels,Germany,52.520008,13.404954,Transportation & Logistics,Micro (1-10),John Smith,05/23/24,Services,New,1,,,236,100,02/06/25,
Walter Group,Italy,41.902782,12.496366,Transportation & Logistics,Micro (1-10),John Smith,04/17/24,Services,New,1,,,762,20,09/29/24,
Oberbrunner LLC,Italy,41.902782,12.496366,Banking and Finance,Micro (1-10),David Wilson,03/13/24,Services,New,1,,,463,40,02/19/25,
"Howell, Kozey and Pfannerstill",Italy,41.902782,12.496366,Transportation & Logistics,Micro (1-10),Michael Brown,04/07/24,Custom solution,New,1,,,421,40,03/11/25,
Jacobson LLC,Netherlands,52.370216,4.895168,Banking and Finance,Micro (1-10),Michael Brown,01/29/24,SAAS,New,1,,,1089,30,12/02/24,
Grant Inc,Austria,48.210033,16.363449,Banking and Finance,Micro (1-10),Laura Thompson,05/03/24,SAAS,New,1,,,655,80,09/17/24,
"Davis, Yundt and Cartwright",Switzerland,46.204391,6.143158,Transportation & Logistics,Micro (1-10),John Smith,02/22/24,Services,New,1,,,453,10,05/27/24,
"Schuster, Altenwerth and Hettinger",Switzerland,46.204391,6.143158,Government Administration Healthcare,Micro (1-10),Jessica Martinez,04/14/24,SAAS,New,1,,,777,40,08/05/24,
Wuckert-Mayert,France,48.864716,2.349014,IT & IT Services,Micro (1-10),Laura Thompson,02/10/24,Services,New,1,,,719,80,07/08/24,
"Heller, Cassin and Douglas",Portugal,38.736946,-9.142685,IT & IT Services,Micro (1-10),Emily Johnson,05/06/24,Services,New,1,,,657,20,01/31/25,
"Schroeder, Jacobson and Gottlieb",Switzerland,46.204391,6.143158,Transportation & Logistics,Micro (1-10),Laura Thompson,01/09/24,Services,New,1,,,226,20,07/26/24,
Klocko-Effertz,Germany,52.520008,13.404954,Entertainment & Media & Hospitality,Micro (1-10),Laura Thompson,01/26/24,Services,New,1,,,439,30,07/06/24,
"Rohan, Lueilwitz and Barrows",Switzerland,46.204391,6.143158,Agriculture & Mining,Micro (1-10),Emily Johnson,02/22/24,Custom solution,New,1,,,311,20,07/28/24,
Kunde Inc,Austria,48.210033,16.363449,IT & IT Services,Micro (1-10),Jessica Martinez,02/10/24,SAAS,New,1,,,1160,60,09/16/24,
"DuBuque, Smith and Price",Spain,40.416775,-3.70379,Recreation & Sports,Micro (1-10),Michael Brown,05/01/24,SAAS,New,1,,,696,10,07/20/24,
Jerde LLC,Spain,40.416775,-3.70379,Entertainment & Media & Hospitality,Micro (1-10),Laura Thompson,04/20/24,Custom solution,New,1,,,696,50,06/11/24,
O'Reilly-Kling,Germany,52.520008,13.404954,Banking and Finance,Micro (1-10),Emily Johnson,04/04/24,Custom solution,New,1,,,633,50,08/20/24,
"Gutkowski, Cassin and Conn",Austria,48.210033,16.363449,Retail & Distribution,Micro (1-10),Laura Thompson,05/30/24,Services,New,1,,,683,20,10/02/24,
Gusikowski-Murray,Belgium,51.260197,4.402771,Retail & Distribution,Micro (1-10),Laura Thompson,04/14/24,SAAS,New,1,,,433,70,12/21/24,
Haag-Murazik,Germany,52.520008,13.404954,Banking and Finance,Micro (1-10),Michael Brown,02/12/24,SAAS,New,1,,,456,100,10/19/24,
Doyle-Shields,Portugal,38.736946,-9.142685,Government Administration Healthcare,Micro (1-10),Sarah Davis,05/11/24,SAAS,New,1,,,211,30,09/11/24,
"Windler, Gutmann and Von",France,48.864716,2.349014,Education & Science,Micro (1-10),David Wilson,04/14/24,Services,New,1,,,345,40,01/22/25,
"Larkin, Nikolaus and Zboncak",Spain,40.416775,-3.70379,Retail & Distribution,Micro (1-10),Jessica Martinez,03/12/24,SAAS,New,1,,,496,70,06/23/24,
O'Keefe-Simonis,Portugal,38.736946,-9.142685,Banking and Finance,Micro (1-10),Laura Thompson,05/14/24,SAAS,New,1,,,897,50,08/11/24,
Torphy LLC,Italy,41.902782,12.496366,Construction & Engineering,Micro (1-10),David Wilson,04/28/24,Custom solution,New,1,,,244,100,04/20/25,
"Wolff, Stehr and Gutmann",Netherlands,52.370216,4.895168,Manufacturing & Production,Micro (1-10),John Smith,04/29/24,SAAS,New,1,,,1181,20,06/13/24,
"Murphy, Pfeffer and Hodkiewicz",Switzerland,46.204391,6.143158,Transportation & Logistics,Micro (1-10),Sarah Davis,02/12/24,Services,New,1,,,447,90,08/15/24,
Moore-Bailey,Portugal,38.736946,-9.142685,Professional Services  & Consulting,Micro (1-10),Laura Thompson,05/08/24,Services,New,1,,,679,80,01/19/25,
"Dach, Gottlieb and Denesik",Switzerland,46.204391,6.143158,Transportation & Logistics,Micro (1-10),Jessica Martinez,04/15/24,Custom solution,New,1,,,705,50,07/07/24,
"Sipes, Weimann and Veum",Netherlands,52.370216,4.895168,Retail & Distribution,Micro (1-10),Michael Brown,05/23/24,Services,New,1,,,1155,70,08/09/24,
Dooley Inc,Netherlands,52.370216,4.895168,Professional Services  & Consulting,Micro (1-10),Jessica Martinez,02/22/24,SAAS,New,1,,,856,20,10/08/24,
Beier Inc,Portugal,38.736946,-9.142685,Energy & Utilities,Micro (1-10),Emily Johnson,02/15/24,SAAS,New,1,,,1100,40,01/07/25,
"Schumm, Leuschke and Pfeffer",Portugal,38.736946,-9.142685,Government Administration Healthcare,Micro (1-10),David Wilson,01/26/24,Services,New,1,,,277,30,11/24/24,
"Huels, Rippin and MacGyver",Portugal,38.736946,-9.142685,Construction & Engineering,Micro (1-10),Michael Brown,04/07/24,Services,New,1,,,597,90,06/27/24,
Konopelski-Fritsch,Austria,48.210033,16.363449,Agriculture & Mining,Micro (1-10),Jessica Martinez,05/22/24,Services,New,1,,,618,90,07/14/24,
"Fisher, Ebert and Rodriguez",Belgium,51.260197,4.402771,Telecommunications,Micro (1-10),Laura Thompson,05/09/24,SAAS,New,1,,,960,20,04/23/25,
Schoen and Sons,Netherlands,52.370216,4.895168,Government Administration Healthcare,Micro (1-10),Jessica Martinez,02/02/24,SAAS,New,1,,,944,30,01/11/25,
Osinski-Jones,Italy,41.902782,12.496366,Professional Services  & Consulting,Micro (1-10),Laura Thompson,03/02/24,SAAS,New,1,,,343,100,05/13/24,
"Pfannerstill, Bernhard and Schuster",Switzerland,46.204391,6.143158,Telecommunications,Micro (1-10),Jessica Martinez,01/06/24,SAAS,New,1,,,272,100,12/04/24,
Kozey and Sons,France,48.864716,2.349014,Banking and Finance,Micro (1-10),Jessica Martinez,02/07/24,SAAS,New,1,,,946,30,12/04/24,
"Stiedemann, Cruickshank and Wintheiser",Portugal,38.736946,-9.142685,Manufacturing & Production,Micro (1-10),Michael Brown,03/09/24,Services,New,1,,,720,40,10/05/24,
"Smitham, Fadel and Wisoky",Belgium,51.260197,4.402771,Professional Services  & Consulting,Micro (1-10),Michael Brown,02/07/24,Services,New,1,,,1196,50,04/30/24,
Schuppe-Hauck,Portugal,38.736946,-9.142685,Agriculture & Mining,Micro (1-10),Jessica Martinez,03/29/24,Custom solution,New,1,,,429,20,02/08/25,
Leenti,Belgium,51.260197,4.402771,IT & IT Services,Medium (201-500),Michael Brown,02/17/24,SAAS,New,1,,,2023,40,09/24/24,
Centidel,Germany,52.520008,13.404954,Government Administration Healthcare,Medium (201-500),Michael Brown,04/06/24,Services,New,1,,,7694,60,08/08/24,
Yabox,Netherlands,52.370216,4.895168,Agriculture & Mining,Medium (201-500),Emily Johnson,04/12/24,Services,New,1,,,3165,20,06/07/24,
Brainsphere,Austria,48.210033,16.363449,Entertainment & Media & Hospitality,Medium (201-500),John Smith,02/12/24,SAAS,New,1,,,7131,40,11/12/24,
Voolia,Italy,41.902782,12.496366,IT & IT Services,Medium (201-500),Laura Thompson,03/24/24,Services,New,1,,,648,60,06/24/24,
Yodoo,Germany,52.520008,13.404954,Recreation & Sports,Medium (201-500),Michael Brown,02/18/24,Services,New,1,,,3927,60,04/14/24,
Lazz,Switzerland,46.204391,6.143158,IT & IT Services,Medium (201-500),Michael Brown,03/23/24,SAAS,New,1,,,4421,30,12/30/24,
Centizu,Spain,40.416775,-3.70379,Banking and Finance,Medium (201-500),Michael Brown,05/15/24,Services,New,1,,,290,20,01/23/25,
Skinix,Switzerland,46.204391,6.143158,Transportation & Logistics,Medium (201-500),Jessica Martinez,03/11/24,SAAS,New,1,,,2699,80,04/19/24,
Photobug,Switzerland,46.204391,6.143158,Banking and Finance,Medium (201-500),David Wilson,01/06/24,SAAS,New,1,,,3195,100,02/17/24,
Zoombeat,Spain,40.416775,-3.70379,Retail & Distribution,Medium (201-500),Michael Brown,03/05/24,Services,New,1,,,1765,50,04/14/24,
Buzzbean,Germany,52.520008,13.404954,Agriculture & Mining,Medium (201-500),Kevin Anderson,04/08/24,SAAS,New,1,,,7602,30,02/09/25,
Trupe,Italy,41.902782,12.496366,Education & Science,Medium (201-500),David Wilson,02/25/24,SAAS,New,1,,,3872,20,06/24/24,
Shuffletag,France,48.864716,2.349014,Banking and Finance,Medium (201-500),Michael Brown,05/31/24,Services,New,1,,,6817,20,08/27/24,
Skibox,Germany,52.520008,13.404954,Transportation & Logistics,Medium (201-500),Jessica Martinez,03/19/24,SAAS,New,1,,,686,60,02/07/25,
Riffwire,France,48.864716,2.349014,Entertainment & Media & Hospitality,Medium (201-500),Michael Brown,05/07/24,Services,New,1,,,7489,40,07/28/24,
Tagpad,France,48.864716,2.349014,Professional Services  & Consulting,Medium (201-500),Laura Thompson,02/01/24,Services,New,1,,,361,20,08/02/24,
Browsezoom,France,48.864716,2.349014,Transportation & Logistics,Medium (201-500),David Wilson,01/29/24,SAAS,New,1,,,6737,80,07/23/24,
Shufflebeat,Switzerland,46.204391,6.143158,Education & Science,Medium (201-500),Laura Thompson,01/08/24,Custom solution,New,1,,,3058,10,03/25/24,
Skinte,Austria,48.210033,16.363449,Recreation & Sports,Medium (201-500),Emily Johnson,04/22/24,SAAS,New,1,,,6586,40,02/03/25,
Innotype,Italy,41.902782,12.496366,Telecommunications,Medium (201-500),Laura Thompson,05/18/24,Services,New,1,,,3108,40,04/24/25,
Twitterwire,Austria,48.210033,16.363449,Energy & Utilities,Medium (201-500),Jessica Martinez,05/19/24,SAAS,New,1,,,2864,20,11/05/24,
Block and Sons,Belgium,51.260197,4.402771,IT & IT Services,Medium (201-500),Kevin Anderson,04/07/24,Services,New,1,,,2513,20,11/08/24,
Ernser-Rolfson,Italy,41.902782,12.496366,Transportation & Logistics,Medium (201-500),Jessica Martinez,01/10/24,SAAS,New,1,,,2504,30,07/01/24,
Leannon Inc,Austria,48.210033,16.363449,Transportation & Logistics,Medium (201-500),Sarah Davis,01/15/24,Services,New,1,,,3666,40,12/29/24,
Bins LLC,France,48.864716,2.349014,Recreation & Sports,Medium (201-500),Laura Thompson,05/09/24,Services,New,1,,,5438,60,11/11/24,
Farrell Group,Netherlands,52.370216,4.895168,Transportation & Logistics,Medium (201-500),Laura Thompson,05/22/24,Services,New,1,,,1631,20,12/09/24,
Jacobs-Rice,France,48.864716,2.349014,Education & Science,Medium (201-500),David Wilson,01/24/24,SAAS,New,1,,,926,20,04/18/24,
Rosenbaum Inc,France,48.864716,2.349014,Retail & Distribution,Medium (201-500),Jessica Martinez,01/13/24,SAAS,New,1,,,4198,90,02/19/24,
Schoen-Kovacek,France,48.864716,2.349014,Retail & Distribution,Medium (201-500),Jessica Martinez,05/03/24,Custom solution,New,1,,,6604,50,03/14/25,
"Fritsch, Kemmer and Littel",Portugal,38.736946,-9.142685,Transportation & Logistics,Medium (201-500),Jessica Martinez,03/06/24,SAAS,New,1,,,959,50,03/01/25,
"Crona, Morissette and Pouros",Netherlands,52.370216,4.895168,Energy & Utilities,Medium (201-500),Emily Johnson,01/12/24,SAAS,New,1,,,2332,20,03/16/24,
"Bayer, Altenwerth and Kozey",Germany,52.520008,13.404954,Transportation & Logistics,Medium (201-500),Laura Thompson,01/20/24,Services,New,1,,,5288,40,07/03/24,
Langworth Inc,Italy,41.902782,12.496366,Banking and Finance,Medium (201-500),Laura Thompson,03/08/24,Custom solution,New,1,,,2839,30,01/23/25,
"Schroeder, Stiedemann and Frami",Switzerland,46.204391,6.143158,Education & Science,Medium (201-500),Michael Brown,04/13/24,SAAS,New,1,,,3677,70,05/25/24,
Predovic Group,Netherlands,52.370216,4.895168,Entertainment & Media & Hospitality,Medium (201-500),Laura Thompson,02/16/24,Custom solution,New,1,,,6388,90,06/27/24,
"Lockman, Rath and Lynch",Germany,52.520008,13.404954,Construction & Engineering,Medium (201-500),Sarah Davis,01/27/24,Services,New,1,,,4941,40,04/03/24,
Waters-Swift,Portugal,38.736946,-9.142685,Agriculture & Mining,Medium (201-500),Jessica Martinez,03/14/24,Services,New,1,,,1652,40,02/26/25,
"Wisoky, Collins and Kling",Netherlands,52.370216,4.895168,Government Administration Healthcare,Medium (201-500),Michael Brown,04/16/24,Services,New,1,,,1813,50,09/11/24,
Koch and Sons,France,48.864716,2.349014,Recreation & Sports,Medium (201-500),Jessica Martinez,03/27/24,Services,New,1,,,4568,20,08/24/24,
Swaniawski-Schneider,Spain,40.416775,-3.70379,IT & IT Services,Medium (201-500),Michael Brown,02/20/24,Custom solution,New,1,,,761,40,02/01/25,
"Jaskolski, Auer and Morissette",Austria,48.210033,16.363449,Banking and Finance,Medium (201-500),Laura Thompson,05/05/24,Custom solution,New,1,,,6194,50,03/11/25,
Sauer Inc,Austria,48.210033,16.363449,Energy & Utilities,Medium (201-500),Kevin Anderson,02/17/24,SAAS,New,1,,,1538,30,05/31/24,
Osinski-Schultz,Switzerland,46.204391,6.143158,Agriculture & Mining,Medium (201-500),Laura Thompson,03/26/24,Services,New,1,,,5141,80,07/06/24,
Pouros-Gottlieb,France,48.864716,2.349014,IT & IT Services,Medium (201-500),Laura Thompson,04/21/24,Services,New,1,,,4067,50,11/04/24,
Lueilwitz and Sons,Austria,48.210033,16.363449,Professional Services  & Consulting,Medium (201-500),Sarah Davis,05/28/24,Services,New,1,,,2214,60,09/20/24,
Kirlin Inc,France,48.864716,2.349014,Construction & Engineering,Medium (201-500),Laura Thompson,04/03/24,SAAS,New,1,,,7441,20,09/22/24,
Stokes-Gulgowski,Austria,48.210033,16.363449,Banking and Finance,Medium (201-500),Kevin Anderson,02/03/24,Custom solution,New,1,,,2263,20,06/04/24,
Heller-Streich,Netherlands,52.370216,4.895168,Banking and Finance,Medium (201-500),David Wilson,01/14/24,SAAS,New,1,,,4085,50,05/29/24,
"Pollich, Cole and Morar",Italy,41.902782,12.496366,Manufacturing & Production,Medium (201-500),Kevin Anderson,04/19/24,SAAS,New,1,,,6749,20,08/14/24,
"Cummings, Mosciski and Bayer",Austria,48.210033,16.363449,Professional Services  & Consulting,Medium (201-500),Michael Brown,01/16/24,SAAS,New,1,,,422,40,03/21/24,
Fay LLC,Italy,41.902782,12.496366,Energy & Utilities,Medium (201-500),Jessica Martinez,05/30/24,Custom solution,New,1,,,3211,30,02/25/25,
Kassulke Inc,Germany,52.520008,13.404954,Transportation & Logistics,Medium (201-500),Jessica Martinez,01/13/24,SAAS,New,1,,,1894,20,05/07/24,
Osinski Group,Belgium,51.260197,4.402771,Government Administration Healthcare,Medium (201-500),Emily Johnson,03/25/24,Services,New,1,,,6133,30,07/05/24,
"Blanda, Schuster and Schulist",France,48.864716,2.349014,Transportation & Logistics,Medium (201-500),Emily Johnson,02/01/24,Services,New,1,,,3536,50,04/05/24,
Reinger-Rutherford,Italy,41.902782,12.496366,Banking and Finance,Medium (201-500),Sarah Davis,05/31/24,Custom solution,New,1,,,6276,20,02/12/25,
Hintz-Franecki,France,48.864716,2.349014,Agriculture & Mining,Medium (201-500),Laura Thompson,05/11/24,Services,New,1,,,5423,50,12/23/24,
"Emmerich, Hammes and Jacobs",Germany,52.520008,13.404954,Manufacturing & Production,Medium (201-500),Jessica Martinez,04/20/24,Services,New,1,,,1217,20,02/24/25,
Blick Group,Germany,52.520008,13.404954,Government Administration Healthcare,Medium (201-500),Michael Brown,01/31/24,Services,New,1,,,4737,80,05/22/24,
"Rutherford, Christiansen and Marquardt",Switzerland,46.204391,6.143158,Transportation & Logistics,Medium (201-500),John Smith,04/29/24,SAAS,New,1,,,5200,20,04/24/25,
Littel-Ritchie,Italy,41.902782,12.496366,IT & IT Services,Medium (201-500),Kevin Anderson,01/10/24,Custom solution,New,1,,,6127,60,07/02/24,
"Carroll, Boehm and Zemlak",Switzerland,46.204391,6.143158,Recreation & Sports,Medium (201-500),Laura Thompson,01/03/24,Custom solution,New,1,,,1449,10,07/23/24,
Lockman and Sons,France,48.864716,2.349014,Agriculture & Mining,Medium (201-500),David Wilson,03/20/24,Services,New,1,,,4897,40,12/18/24,
"Dickinson, Hessel and Luettgen",Portugal,38.736946,-9.142685,Entertainment & Media & Hospitality,Medium (201-500),Jessica Martinez,03/15/24,SAAS,New,1,,,2131,20,05/24/24,
Macejkovic Inc,France,48.864716,2.349014,Transportation & Logistics,Medium (201-500),Laura Thompson,02/20/24,SAAS,New,1,,,3412,50,01/08/25,
Botsford-Reichel,Switzerland,46.204391,6.143158,IT & IT Services,Medium (201-500),Emily Johnson,01/04/24,Custom solution,New,1,,,6066,40,05/18/24,
"Schumm, Quigley and Goldner",Austria,48.210033,16.363449,Energy & Utilities,Medium (201-500),Jessica Martinez,02/12/24,Services,New,1,,,7000,40,04/14/24,
Hahn Group,Belgium,51.260197,4.402771,Manufacturing & Production,Medium (201-500),Laura Thompson,02/12/24,Custom solution,New,1,,,5247,50,01/28/25,
Crooks and Sons,France,48.864716,2.349014,Recreation & Sports,Medium (201-500),Laura Thompson,04/10/24,Services,New,1,,,6449,10,02/12/25,
Wehner and Sons,Portugal,38.736946,-9.142685,Banking and Finance,Medium (201-500),Kevin Anderson,05/29/24,SAAS,New,1,,,774,70,05/08/25,
"Botsford, Ebert and Keebler",France,48.864716,2.349014,Government Administration Healthcare,Medium (201-500),Jessica Martinez,03/31/24,Services,New,1,,,3600,70,05/20/24,
Runte and Sons,Italy,41.902782,12.496366,Retail & Distribution,Medium (201-500),David Wilson,03/11/24,Services,New,1,,,478,20,02/02/25,
Dach Group,Italy,41.902782,12.496366,Transportation & Logistics,Medium (201-500),Laura Thompson,05/19/24,Services,New,1,,,6164,40,02/06/25,
Ernser-Ebert,Belgium,51.260197,4.402771,Professional Services  & Consulting,Medium (201-500),Sarah Davis,04/02/24,SAAS,New,1,,,1794,50,05/29/24,
Koss Group,Italy,41.902782,12.496366,IT & IT Services,Medium (201-500),Sarah Davis,01/02/24,Custom solution,New,1,,,6881,20,08/09/24,
"Von, Torp and Deckow",Italy,41.902782,12.496366,Professional Services  & Consulting,Medium (201-500),Michael Brown,04/22/24,Custom solution,New,1,,,1580,10,04/12/25,
"Morar, Runolfsdottir and Kris",Italy,41.902782,12.496366,Education & Science,Medium (201-500),Michael Brown,03/09/24,SAAS,New,1,,,4840,10,10/22/24,
"Fahey, Paucek and Barrows",Spain,40.416775,-3.70379,Construction & Engineering,Medium (201-500),Laura Thompson,01/31/24,Services,New,1,,,5943,30,07/10/24,
Stanton-Quitzon,Switzerland,46.204391,6.143158,Banking and Finance,Medium (201-500),Laura Thompson,01/31/24,SAAS,New,1,,,4116,90,11/06/24,
"Fay, Stroman and O'Keefe",Italy,41.902782,12.496366,Government Administration Healthcare,Medium (201-500),Laura Thompson,05/06/24,SAAS,New,1,,,4588,30,03/06/25,
"Morar, Nolan and Hoeger",Germany,52.520008,13.404954,Banking and Finance,Medium (201-500),Michael Brown,01/30/24,SAAS,New,1,,,7420,80,09/17/24,
Herzog Group,Portugal,38.736946,-9.142685,IT & IT Services,Medium (201-500),Michael Brown,03/06/24,SAAS,New,1,,,1956,40,08/10/24,
Kreiger and Sons,Switzerland,46.204391,6.143158,Banking and Finance,Medium (201-500),Sarah Davis,05/16/24,SAAS,New,1,,,3137,30,06/05/24,
Walsh-Weber,Spain,40.416775,-3.70379,Transportation & Logistics,Medium (201-500),Laura Thompson,03/31/24,Services,New,1,,,3915,20,05/03/24,
Heaney-Schneider,Switzerland,46.204391,6.143158,Agriculture & Mining,Medium (201-500),Sarah Davis,05/22/24,SAAS,New,1,,,764,90,11/23/24,
Bernhard-McCullough,Germany,52.520008,13.404954,Telecommunications,Medium (201-500),Laura Thompson,04/20/24,Services,New,1,,,3298,20,11/09/24,
Weissnat-D'Amore,Netherlands,52.370216,4.895168,Transportation & Logistics,Medium (201-500),John Smith,05/28/24,Services,New,1,,,5766,20,07/23/24,
"Bruen, Daugherty and Strosin",Austria,48.210033,16.363449,Transportation & Logistics,Medium (201-500),Michael Brown,05/03/24,Services,New,1,,,1937,30,06/26/24,
"Bailey, Heaney and Champlin",Netherlands,52.370216,4.895168,IT & IT Services,Medium (201-500),Emily Johnson,02/11/24,Services,New,1,,,6782,60,04/01/24,
Bartoletti and Sons,Netherlands,52.370216,4.895168,Telecommunications,Medium (201-500),Emily Johnson,03/17/24,Services,New,1,,,2270,10,09/18/24,
Green-Leuschke,Germany,52.520008,13.404954,Manufacturing & Production,Medium (201-500),Michael Brown,03/29/24,Services,New,1,,,7722,80,09/09/24,
Pouros LLC,Belgium,51.260197,4.402771,Transportation & Logistics,Medium (201-500),Kevin Anderson,05/18/24,Services,New,1,,,3419,90,02/19/25,
Rau-Erdman,Germany,52.520008,13.404954,Education & Science,Medium (201-500),Sarah Davis,02/29/24,SAAS,New,1,,,7103,50,01/04/25,
Gutkowski-Williamson,Italy,41.902782,12.496366,IT & IT Services,Medium (201-500),Laura Thompson,03/20/24,Services,New,1,,,7155,40,02/15/25,
"Daugherty, Torphy and Goldner",Switzerland,46.204391,6.143158,Construction & Engineering,Medium (201-500),Emily Johnson,01/02/24,SAAS,New,1,,,7505,50,08/25/24,
Hoppe LLC,Italy,41.902782,12.496366,Banking and Finance,Medium (201-500),Emily Johnson,05/06/24,SAAS,New,1,,,1076,20,08/04/24,
McLaughlin-Glover,Germany,52.520008,13.404954,Transportation & Logistics,Medium (201-500),Laura Thompson,02/18/24,SAAS,New,1,,,3880,20,05/09/24,
Graham LLC,France,48.864716,2.349014,Telecommunications,Medium (201-500),Michael Brown,02/27/24,Custom solution,New,1,,,1854,20,09/11/24,
"Davis, Herzog and Hudson",Portugal,38.736946,-9.142685,Recreation & Sports,Medium (201-500),Kevin Anderson,04/08/24,Services,New,1,,,6316,40,12/23/24,
Gleichner-Kuhic,Italy,41.902782,12.496366,Banking and Finance,Medium (201-500),Laura Thompson,05/10/24,Services,New,1,,,7557,90,02/08/25,
Miller-Dibbert,Belgium,51.260197,4.402771,Banking and Finance,Medium (201-500),David Wilson,03/29/24,Services,New,1,,,5533,60,12/30/24,
"Hane, Wolf and Gleichner",France,48.864716,2.349014,Energy & Utilities,Medium (201-500),Sarah Davis,03/12/24,Services,New,1,,,3045,20,04/29/24,
Bauch-Strosin,Germany,52.520008,13.404954,IT & IT Services,Medium (201-500),Jessica Martinez,03/01/24,Services,New,1,,,6633,100,10/21/24,
"Walter, Sporer and Fisher",Portugal,38.736946,-9.142685,Transportation & Logistics,Medium (201-500),Emily Johnson,02/09/24,Custom solution,New,1,,,707,30,02/29/24,
"Parker, Terry and Upton",Italy,41.902782,12.496366,Transportation & Logistics,Medium (201-500),Laura Thompson,02/25/24,SAAS,New,1,,,2422,30,12/19/24,
Leannon-Crooks,Belgium,51.260197,4.402771,Transportation & Logistics,Medium (201-500),Laura Thompson,02/23/24,Services,New,1,,,4070,60,04/04/24,
McCullough-West,Netherlands,52.370216,4.895168,Banking and Finance,Medium (201-500),Laura Thompson,01/17/24,Services,New,1,,,2596,20,06/05/24,
"Doyle, Moore and Streich",Germany,52.520008,13.404954,Transportation & Logistics,Medium (201-500),David Wilson,02/15/24,SAAS,New,1,,,4915,40,11/29/24,
"Champlin, Murphy and Kassulke",Italy,41.902782,12.496366,Government Administration Healthcare,Medium (201-500),Jessica Martinez,03/24/24,Custom solution,New,1,,,7272,60,02/25/25,
McClure Inc,Italy,41.902782,12.496366,Transportation & Logistics,Medium (201-500),David Wilson,03/28/24,Services,New,1,,,2908,40,10/09/24,
Ruecker and Sons,Switzerland,46.204391,6.143158,Banking and Finance,Medium (201-500),Laura Thompson,05/04/24,SAAS,New,1,,,1508,50,10/13/24,
Kris-Ankunding,France,48.864716,2.349014,Recreation & Sports,Medium (201-500),Laura Thompson,03/12/24,SAAS,New,1,,,349,60,02/12/25,
Weimann Inc,France,48.864716,2.349014,Banking and Finance,Medium (201-500),Michael Brown,03/01/24,Services,New,1,,,6829,40,08/14/24,
Auer Inc,Italy,41.902782,12.496366,Manufacturing & Production,Medium (201-500),Emily Johnson,03/20/24,Services,New,1,,,1866,20,10/13/24,
"Dare, Feest and Rosenbaum",Germany,52.520008,13.404954,Professional Services  & Consulting,Medium (201-500),Michael Brown,03/20/24,Services,New,1,,,2334,60,07/23/24,
"Kshlerin, Ledner and Flatley",Belgium,51.260197,4.402771,Retail & Distribution,Medium (201-500),Kevin Anderson,02/08/24,Services,New,1,,,612,30,06/23/24,
Price-Breitenberg,Portugal,38.736946,-9.142685,Retail & Distribution,Medium (201-500),Michael Brown,05/11/24,SAAS,New,1,,,1780,40,10/04/24,
"Grant, Hayes and Jast",Germany,52.520008,13.404954,Professional Services  & Consulting,Medium (201-500),David Wilson,03/24/24,Services,New,1,,,1157,30,07/29/24,
"Donnelly, Hettinger and Pacocha",Italy,41.902782,12.496366,Banking and Finance,Medium (201-500),Laura Thompson,03/07/24,Services,New,1,,,7851,30,10/11/24,
Goodwin Group,France,48.864716,2.349014,Professional Services  & Consulting,Medium (201-500),Sarah Davis,01/21/24,Services,New,1,,,1721,50,08/09/24,
"Murphy, Hahn and Heaney",Switzerland,46.204391,6.143158,Entertainment & Media & Hospitality,Medium (201-500),David Wilson,03/02/24,SAAS,New,1,,,3474,40,04/14/24,
Rippin Group,Germany,52.520008,13.404954,Energy & Utilities,Medium (201-500),Kevin Anderson,04/13/24,Services,New,1,,,1249,30,01/14/25,
Renner and Sons,Spain,40.416775,-3.70379,Agriculture & Mining,Medium (201-500),Emily Johnson,03/27/24,SAAS,New,1,,,2734,40,01/30/25,
"Bogan, Walsh and Powlowski",Belgium,51.260197,4.402771,Transportation & Logistics,Medium (201-500),Kevin Anderson,05/06/24,Services,New,1,,,6083,40,07/16/24,
Bins Inc,Belgium,51.260197,4.402771,Transportation & Logistics,Medium (201-500),Laura Thompson,01/05/24,Services,New,1,,,2744,70,12/30/24,
"Watsica, Spencer and Carter",Portugal,38.736946,-9.142685,Retail & Distribution,Medium (201-500),David Wilson,01/15/24,SAAS,New,1,,,2259,80,07/30/24,
Kohler and Sons,Switzerland,46.204391,6.143158,Banking and Finance,Medium (201-500),Jessica Martinez,05/20/24,SAAS,New,1,,,1092,40,04/23/25,
"Walter, Schowalter and Denesik",Portugal,38.736946,-9.142685,Transportation & Logistics,Medium (201-500),Michael Brown,02/06/24,SAAS,New,1,,,6678,100,09/06/24,
Schmitt and Sons,France,48.864716,2.349014,IT & IT Services,Medium (201-500),Michael Brown,04/05/24,Custom solution,New,1,,,2005,30,07/19/24,
Erdman and Sons,Spain,40.416775,-3.70379,Government Administration Healthcare,Medium (201-500),David Wilson,02/08/24,Custom solution,New,1,,,7677,10,07/20/24,
"MacGyver, Halvorson and Dietrich",Switzerland,46.204391,6.143158,Transportation & Logistics,Medium (201-500),Kevin Anderson,03/13/24,Services,New,1,,,6331,80,07/30/24,
Stark-Gislason,Portugal,38.736946,-9.142685,Recreation & Sports,Medium (201-500),Kevin Anderson,01/27/24,Services,New,1,,,3130,20,03/28/24,
Prosacco-Kub,Italy,41.902782,12.496366,Recreation & Sports,Medium (201-500),Sarah Davis,02/06/24,SAAS,New,1,,,7247,60,05/28/24,
Green-Kuhlman,Germany,52.520008,13.404954,Professional Services  & Consulting,Medium (201-500),Laura Thompson,04/19/24,Services,New,1,,,5609,90,03/27/25,
Runolfsson-Konopelski,Italy,41.902782,12.496366,Transportation & Logistics,Medium (201-500),Emily Johnson,04/18/24,Services,New,1,,,4369,50,03/13/25,
Witting-Harvey,Switzerland,46.204391,6.143158,Transportation & Logistics,Medium (201-500),Jessica Martinez,03/27/24,Custom solution,New,1,,,4214,50,08/04/24,
Kozey LLC,Switzerland,46.204391,6.143158,Education & Science,Medium (201-500),Jessica Martinez,05/31/24,SAAS,New,1,,,824,80,05/20/25,
"Kunde, Trantow and Smitham",Austria,48.210033,16.363449,Banking and Finance,Medium (201-500),Laura Thompson,04/13/24,SAAS,New,1,,,639,40,10/15/24,
Hills LLC,Belgium,51.260197,4.402771,Banking and Finance,Medium (201-500),David Wilson,05/08/24,Services,New,1,,,2686,20,02/19/25,
"Frami, Homenick and Okuneva",Netherlands,52.370216,4.895168,Agriculture & Mining,Medium (201-500),Kevin Anderson,05/01/24,SAAS,New,1,,,465,20,12/28/24,
Lind Inc,Austria,48.210033,16.363449,Agriculture & Mining,Medium (201-500),Sarah Davis,01/21/24,Services,New,1,,,2049,90,09/08/24,
O'Conner Inc,Italy,41.902782,12.496366,Retail & Distribution,Medium (201-500),Sarah Davis,04/18/24,Services,New,1,,,5160,20,08/09/24,
Ondricka-Leuschke,Netherlands,52.370216,4.895168,IT & IT Services,Medium (201-500),Michael Brown,01/06/24,Services,New,1,,,2783,60,03/22/24,
"Leuschke, Will and Wuckert",France,48.864716,2.349014,Agriculture & Mining,Medium (201-500),Emily Johnson,01/15/24,Services,New,1,,,727,40,11/12/24,
Bartell LLC,Austria,48.210033,16.363449,Government Administration Healthcare,Medium (201-500),Laura Thompson,03/01/24,SAAS,New,1,,,6977,40,08/15/24,
"Paucek, Borer and Dooley",Italy,41.902782,12.496366,Manufacturing & Production,Medium (201-500),David Wilson,05/28/24,Services,New,1,,,5086,60,02/19/25,
Gislason LLC,Switzerland,46.204391,6.143158,Professional Services  & Consulting,Medium (201-500),Michael Brown,01/27/24,Custom solution,New,1,,,7919,90,01/11/25,
Wilderman-Waters,Belgium,51.260197,4.402771,Transportation & Logistics,Medium (201-500),David Wilson,02/14/24,Custom solution,New,1,,,7875,10,10/15/24,
"Shields, Beatty and DuBuque",Belgium,51.260197,4.402771,Construction & Engineering,Medium (201-500),Emily Johnson,05/13/24,SAAS,New,1,,,3763,20,10/10/24,
Hand-Lindgren,Germany,52.520008,13.404954,Telecommunications,Medium (201-500),Jessica Martinez,01/02/24,SAAS,New,1,,,6783,20,03/04/24,
"Nikolaus, Koelpin and Kilback",Netherlands,52.370216,4.895168,Professional Services  & Consulting,Medium (201-500),Laura Thompson,03/05/24,Custom solution,New,1,,,5323,50,10/21/24,
"Hessel, Ullrich and O'Keefe",Spain,40.416775,-3.70379,Banking and Finance,Medium (201-500),Emily Johnson,03/25/24,Services,New,1,,,6797,40,06/14/24,
"Auer, Reichert and Conn",Italy,41.902782,12.496366,Transportation & Logistics,Medium (201-500),Laura Thompson,04/19/24,Services,New,1,,,5063,20,07/05/24,
"Klocko, Brekke and O'Connell",Germany,52.520008,13.404954,Manufacturing & Production,Medium (201-500),Laura Thompson,05/07/24,SAAS,New,1,,,7039,20,11/16/24,
Mueller-Doyle,Belgium,51.260197,4.402771,Banking and Finance,Medium (201-500),David Wilson,02/14/24,SAAS,New,1,,,4498,90,07/02/24,
Hauck-McDermott,Belgium,51.260197,4.402771,IT & IT Services,Medium (201-500),Sarah Davis,01/15/24,SAAS,New,1,,,6073,70,03/03/24,
Bahringer-Rohan,Italy,41.902782,12.496366,Banking and Finance,Medium (201-500),David Wilson,04/21/24,SAAS,New,1,,,4800,20,03/18/25,
O'Hara-Russel,France,48.864716,2.349014,Banking and Finance,Medium (201-500),Sarah Davis,01/05/24,Custom solution,New,1,,,3325,30,11/01/24,
"MacGyver, Morar and Bosco",France,48.864716,2.349014,Banking and Finance,Medium (201-500),John Smith,03/15/24,SAAS,New,1,,,1199,100,12/23/24,
Rice-Steuber,France,48.864716,2.349014,IT & IT Services,Medium (201-500),Sarah Davis,04/01/24,Services,New,1,,,5621,40,02/06/25,
"Wisoky, Vandervort and Beahan",Switzerland,46.204391,6.143158,Government Administration Healthcare,Medium (201-500),Jessica Martinez,01/23/24,SAAS,New,1,,,2549,60,10/31/24,
"Reynolds, Parisian and Steuber",Portugal,38.736946,-9.142685,Government Administration Healthcare,Medium (201-500),Jessica Martinez,04/10/24,Services,New,1,,,3219,40,08/25/24,
Smith Group,Germany,52.520008,13.404954,Professional Services  & Consulting,Medium (201-500),David Wilson,03/19/24,Services,New,1,,,2160,50,07/27/24,
Swaniawski Inc,Netherlands,52.370216,4.895168,IT & IT Services,Medium (201-500),John Smith,02/11/24,SAAS,New,1,,,1545,20,03/22/24,
"VonRueden, Hodkiewicz and Schmeler",Portugal,38.736946,-9.142685,Entertainment & Media & Hospitality,Medium (201-500),Jessica Martinez,04/27/24,SAAS,New,1,,,229,50,01/08/25,
Dare LLC,Spain,40.416775,-3.70379,Telecommunications,Medium (201-500),Michael Brown,03/27/24,Services,New,1,,,285,20,12/14/24,
Hand Group,Portugal,38.736946,-9.142685,Construction & Engineering,Medium (201-500),Emily Johnson,05/26/24,Custom solution,New,1,,,6838,90,02/06/25,
"Simonis, Adams and Homenick",Germany,52.520008,13.404954,Transportation & Logistics,Medium (201-500),David Wilson,01/18/24,SAAS,New,1,,,4339,30,09/27/24,
"Greenfelder, Miller and Sauer",Spain,40.416775,-3.70379,IT & IT Services,Medium (201-500),Laura Thompson,01/27/24,Services,New,1,,,3405,10,06/12/24,
"Deckow, Wunsch and Gerlach",Portugal,38.736946,-9.142685,Banking and Finance,Medium (201-500),Michael Brown,05/11/24,SAAS,New,1,,,2221,90,06/26/24,
McDermott LLC,Germany,52.520008,13.404954,Transportation & Logistics,Medium (201-500),Michael Brown,03/11/24,SAAS,New,1,,,4404,20,10/14/24,
VonRueden-Borer,France,48.864716,2.349014,Entertainment & Media & Hospitality,Medium (201-500),Kevin Anderson,04/18/24,Custom solution,New,1,,,6369,30,06/20/24,
Maggio-Skiles,Germany,52.520008,13.404954,Banking and Finance,Medium (201-500),Sarah Davis,01/05/24,SAAS,New,1,,,799,30,03/20/24,
Littel-Rau,Spain,40.416775,-3.70379,Agriculture & Mining,Medium (201-500),Sarah Davis,01/12/24,SAAS,New,1,,,2740,80,05/18/24,
"Bartoletti, Morar and Senger",Spain,40.416775,-3.70379,Education & Science,Medium (201-500),Jessica Martinez,03/09/24,SAAS,New,1,,,4124,40,05/26/24,
Schimmel-Rath,Belgium,51.260197,4.402771,Transportation & Logistics,Medium (201-500),Laura Thompson,03/14/24,Services,New,1,,,3431,20,04/17/24,
"Abbott, Skiles and Hermiston",Italy,41.902782,12.496366,Banking and Finance,Medium (201-500),Laura Thompson,04/26/24,SAAS,New,1,,,4306,60,11/19/24,
"Feil, Hayes and Johnston",Switzerland,46.204391,6.143158,Telecommunications,Medium (201-500),Michael Brown,02/08/24,Services,New,1,,,2988,50,11/28/24,
Macejkovic-Nitzsche,Portugal,38.736946,-9.142685,IT & IT Services,Medium (201-500),Jessica Martinez,03/27/24,SAAS,New,1,,,1307,30,07/17/24,
"Funk, Collier and Kilback",Austria,48.210033,16.363449,IT & IT Services,Medium (201-500),Laura Thompson,01/25/24,Services,New,1,,,4757,30,06/01/24,
Hagenes-Price,Portugal,38.736946,-9.142685,Professional Services  & Consulting,Medium (201-500),David Wilson,05/14/24,SAAS,New,1,,,3458,40,10/01/24,
"Parisian, Wyman and Wolf",France,48.864716,2.349014,Education & Science,Medium (201-500),Laura Thompson,05/02/24,Services,New,1,,,5921,40,07/13/24,
"Roberts, Dietrich and Lind",Switzerland,46.204391,6.143158,Telecommunications,Medium (201-500),John Smith,05/22/24,SAAS,New,1,,,2305,40,03/18/25,
West Group,Italy,41.902782,12.496366,Government Administration Healthcare,Medium (201-500),Emily Johnson,01/21/24,Custom solution,New,1,,,2764,30,04/09/24,
"Collins, Luettgen and Dooley",Germany,52.520008,13.404954,Banking and Finance,Medium (201-500),Laura Thompson,05/23/24,Services,New,1,,,7311,10,09/03/24,
"Hansen, Halvorson and Cremin",Portugal,38.736946,-9.142685,Recreation & Sports,Medium (201-500),Jessica Martinez,04/13/24,SAAS,New,1,,,1828,80,05/21/24,
"Brekke, Stark and Cummings",Germany,52.520008,13.404954,IT & IT Services,Medium (201-500),John Smith,03/20/24,SAAS,New,1,,,1846,30,10/27/24,
Lakin-Glover,Italy,41.902782,12.496366,Recreation & Sports,Medium (201-500),Sarah Davis,02/20/24,Custom solution,New,1,,,6929,20,07/19/24,
Wehner-Littel,Switzerland,46.204391,6.143158,Transportation & Logistics,Medium (201-500),Jessica Martinez,05/08/24,Services,New,1,,,1720,60,06/01/24,
Franecki-Green,Italy,41.902782,12.496366,Education & Science,Medium (201-500),Laura Thompson,03/08/24,SAAS,New,1,,,6119,30,10/25/24,
Anderson-Senger,Italy,41.902782,12.496366,Transportation & Logistics,Medium (201-500),Kevin Anderson,04/14/24,Services,New,1,,,1087,40,06/17/24,
Leannon and Sons,Switzerland,46.204391,6.143158,Transportation & Logistics,Medium (201-500),Michael Brown,02/07/24,Services,New,1,,,1358,30,12/30/24,
"Bernhard, Lockman and Nolan",Switzerland,46.204391,6.143158,Professional Services  & Consulting,Medium (201-500),Laura Thompson,01/11/24,Services,New,1,,,3463,20,09/01/24,
"Goyette, Corwin and Jast",Germany,52.520008,13.404954,Banking and Finance,Medium (201-500),David Wilson,02/25/24,SAAS,New,1,,,2395,30,04/03/24,
Kuvalis and Sons,Portugal,38.736946,-9.142685,Government Administration Healthcare,Medium (201-500),John Smith,04/18/24,Services,New,1,,,2547,40,06/23/24,
Emard-Hand,Switzerland,46.204391,6.143158,Recreation & Sports,Medium (201-500),Emily Johnson,03/24/24,SAAS,New,1,,,1557,20,07/08/24,
"Pagac, Lindgren and Kling",Belgium,51.260197,4.402771,Manufacturing & Production,Medium (201-500),Jessica Martinez,03/24/24,SAAS,New,1,,,6040,40,05/15/24,
Denesik Group,Portugal,38.736946,-9.142685,Banking and Finance,Medium (201-500),Sarah Davis,04/10/24,SAAS,New,1,,,2867,80,06/26/24,
"Weber, Harvey and Hilpert",Austria,48.210033,16.363449,Retail & Distribution,Medium (201-500),Michael Brown,01/12/24,SAAS,New,1,,,5894,30,04/09/24,
Hahn-Tillman,Portugal,38.736946,-9.142685,Transportation & Logistics,Medium (201-500),Jessica Martinez,01/11/24,Services,New,1,,,1595,30,05/09/24,
Rippin LLC,France,48.864716,2.349014,Retail & Distribution,Medium (201-500),Michael Brown,05/24/24,SAAS,New,1,,,4690,100,10/21/24,
Stark LLC,Germany,52.520008,13.404954,Transportation & Logistics,Medium (201-500),Sarah Davis,04/11/24,Services,New,1,,,6578,30,12/10/24,
Monahan-Hilpert,Portugal,38.736946,-9.142685,Transportation & Logistics,Medium (201-500),Laura Thompson,04/13/24,Services,New,1,,,6308,20,10/15/24,
Midel,Italy,41.902782,12.496366,Recreation & Sports,Large (501-1000),Laura Thompson,01/02/24,Services,New,1,,,5166,30,01/26/24,
Davis LLC,Germany,52.520008,13.404954,Recreation & Sports,Large (501-1000),Kevin Anderson,03/26/24,Services,New,1,,,14523,30,08/05/24,
"Quitzon, Windler and Labadie",Germany,52.520008,13.404954,Transportation & Logistics,Large (501-1000),John Smith,04/01/24,Custom solution,New,1,,,5375,20,02/03/25,
"Mueller, Runolfsson and Jacobson",Switzerland,46.204391,6.143158,Banking and Finance,Large (501-1000),Michael Brown,03/19/24,SAAS,New,1,,,13128,60,03/18/25,
Sipes and Sons,France,48.864716,2.349014,Transportation & Logistics,Large (501-1000),Laura Thompson,05/15/24,SAAS,New,1,,,18904,30,06/27/24,
Romaguera-Douglas,Netherlands,52.370216,4.895168,Transportation & Logistics,Large (501-1000),Emily Johnson,05/04/24,SAAS,New,1,,,11566,40,06/06/24,
Koepp Inc,Italy,41.902782,12.496366,Government Administration Healthcare,Large (501-1000),Jessica Martinez,01/10/24,Custom solution,New,1,,,7949,20,12/18/24,
Farrell LLC,Austria,48.210033,16.363449,Telecommunications,Large (501-1000),Laura Thompson,04/01/24,Custom solution,New,1,,,6542,40,10/05/24,
Ankunding LLC,Switzerland,46.204391,6.143158,IT & IT Services,Large (501-1000),Jessica Martinez,03/01/24,Services,New,1,,,16150,40,05/29/24,
"Wuckert, Swift and Becker",Germany,52.520008,13.404954,Professional Services  & Consulting,Large (501-1000),Sarah Davis,01/06/24,SAAS,New,1,,,12331,40,12/01/24,
Yakidoo,Portugal,38.736946,-9.142685,Energy & Utilities,Enterprise (1001+),Michael Brown,04/08/24,Services,New,1,,,5559,50,07/22/24,
Meemm,France,48.864716,2.349014,Agriculture & Mining,Enterprise (1001+),Michael Brown,03/28/24,Services,New,1,,,17695,80,03/05/25,
Rhybox,Italy,41.902782,12.496366,Telecommunications,Enterprise (1001+),Emily Johnson,03/27/24,Custom solution,New,1,,,18405,70,09/11/24,
Gleason LLC,Spain,40.416775,-3.70379,Telecommunications,Enterprise (1001+),Laura Thompson,02/27/24,Custom solution,New,1,,,17424,40,11/04/24,
Wolf-Wolff,Spain,40.416775,-3.70379,Telecommunications,Enterprise (1001+),Laura Thompson,01/18/24,Services,New,1,,,4132,60,06/22/24,
Armstrong LLC,Switzerland,46.204391,6.143158,Professional Services  & Consulting,Enterprise (1001+),Laura Thompson,03/06/24,Custom solution,New,1,,,3394,50,12/22/24,
Hauck-Erdman,Switzerland,46.204391,6.143158,IT & IT Services,Enterprise (1001+),Emily Johnson,02/15/24,Custom solution,New,1,,,9437,20,08/21/24,
"Murphy, Mohr and Hermiston",Austria,48.210033,16.363449,Transportation & Logistics,Enterprise (1001+),Laura Thompson,03/02/24,Custom solution,New,1,,,5064,80,04/08/24,
Schmitt-Stoltenberg,Portugal,38.736946,-9.142685,Entertainment & Media & Hospitality,Enterprise (1001+),Laura Thompson,05/26/24,Services,New,1,,,19446,30,08/22/24,
Rutherford-Bins,Germany,52.520008,13.404954,Recreation & Sports,Enterprise (1001+),Emily Johnson,05/06/24,Services,New,1,,,18343,30,09/04/24,
"Bradtke, Johnston and Shanahan",Portugal,38.736946,-9.142685,Education & Science,Enterprise (1001+),Jessica Martinez,05/11/24,Custom solution,New,1,,,6617,100,12/22/24,
Schinner-Dickinson,Italy,41.902782,12.496366,Agriculture & Mining,Enterprise (1001+),Kevin Anderson,05/26/24,Services,New,1,,,18700,20,02/27/25,
Jast-Legros,France,48.864716,2.349014,Manufacturing & Production,Enterprise (1001+),Emily Johnson,01/05/24,Services,New,1,,,8157,20,06/17/24,
Schumm-Kihn,Germany,52.520008,13.404954,Transportation & Logistics,Enterprise (1001+),Michael Brown,04/14/24,Services,New,1,,,14502,20,11/12/24,
Lemke LLC,France,48.864716,2.349014,Construction & Engineering,Enterprise (1001+),Jessica Martinez,02/13/24,Services,New,1,,,14344,100,03/30/24,
"Johnston, Ritchie and Mitchell",Switzerland,46.204391,6.143158,Transportation & Logistics,Enterprise (1001+),Emily Johnson,04/15/24,SAAS,New,1,,,19863,40,11/04/24,
Harris and Sons,France,48.864716,2.349014,IT & IT Services,Enterprise (1001+),Michael Brown,02/29/24,Services,New,1,,,14666,60,09/29/24,
Flipopia,Belgium,51.260197,4.402771,Education & Science,Small (11-200),Jessica Martinez,03/15/24,Services,Opportunity,5,Initial contact,2,1136,90,04/06/24,
Abata,Germany,52.520008,13.404954,Banking and Finance,Small (11-200),Sarah Davis,03/28/24,SAAS,Opportunity,5,Initial contact,2,402,20,12/18/24,
Ntags,France,48.864716,2.349014,Energy & Utilities,Small (11-200),Jessica Martinez,02/28/24,Custom solution,Opportunity,5,Initial contact,2,1210,30,11/28/24,
Skippad,Italy,41.902782,12.496366,Transportation & Logistics,Small (11-200),Kevin Anderson,05/03/24,Services,Opportunity,5,Initial contact,2,1626,40,10/03/24,
Aivee,Switzerland,46.204391,6.143158,Transportation & Logistics,Small (11-200),John Smith,01/04/24,Services,Opportunity,5,Initial contact,2,785,60,02/21/24,
Youspan,France,48.864716,2.349014,Entertainment & Media & Hospitality,Small (11-200),Laura Thompson,01/08/24,Services,Opportunity,5,Initial contact,2,1380,30,12/15/24,
Realfire,Spain,40.416775,-3.70379,Retail & Distribution,Small (11-200),Jessica Martinez,05/03/24,Services,Opportunity,5,Initial contact,2,1885,70,10/15/24,
Quinu,Switzerland,46.204391,6.143158,IT & IT Services,Small (11-200),Laura Thompson,01/29/24,Services,Opportunity,5,Initial contact,2,1320,70,02/20/24,
Devpulse,Portugal,38.736946,-9.142685,Transportation & Logistics,Small (11-200),Michael Brown,03/03/24,Services,Opportunity,5,Initial contact,2,683,100,11/29/24,
Skiptube,Switzerland,46.204391,6.143158,Transportation & Logistics,Small (11-200),Laura Thompson,03/24/24,Services,Opportunity,5,Initial contact,2,909,40,04/29/24,
Skyndu,Germany,52.520008,13.404954,Banking and Finance,Small (11-200),Jessica Martinez,01/24/24,SAAS,Opportunity,5,Initial contact,2,673,60,12/21/24,
Steuber-Lowe,Belgium,51.260197,4.402771,Government Administration Healthcare,Small (11-200),John Smith,04/06/24,Custom solution,Opportunity,5,Initial contact,2,1498,60,07/23/24,
"Towne, Daugherty and Bogan",France,48.864716,2.349014,IT & IT Services,Small (11-200),Michael Brown,04/14/24,Services,Opportunity,5,Initial contact,2,1710,10,11/23/24,
Bradtke Group,Italy,41.902782,12.496366,Construction & Engineering,Small (11-200),Laura Thompson,02/05/24,SAAS,Opportunity,5,Initial contact,2,1963,50,12/29/24,
"Bahringer, Durgan and Pfannerstill",Austria,48.210033,16.363449,Retail & Distribution,Small (11-200),John Smith,05/09/24,Custom solution,Opportunity,5,Initial contact,2,1053,60,04/11/25,
"Kshlerin, Schneider and Boyer",Netherlands,52.370216,4.895168,Professional Services  & Consulting,Small (11-200),Laura Thompson,04/11/24,Services,Opportunity,5,Initial contact,2,927,100,12/20/24,
"Ondricka, Windler and Jacobs",Germany,52.520008,13.404954,Education & Science,Small (11-200),Jessica Martinez,02/13/24,SAAS,Opportunity,5,Initial contact,2,345,20,11/01/24,
Simonis Group,Germany,52.520008,13.404954,Government Administration Healthcare,Small (11-200),John Smith,03/01/24,Services,Opportunity,5,Initial contact,2,1553,40,06/26/24,
"Wolf, Dibbert and Kuhic",Austria,48.210033,16.363449,Banking and Finance,Small (11-200),Emily Johnson,01/12/24,SAAS,Opportunity,5,Initial contact,2,955,50,03/17/24,
Douglas-Zemlak,Germany,52.520008,13.404954,Retail & Distribution,Small (11-200),Laura Thompson,02/15/24,Services,Opportunity,5,Initial contact,2,630,30,10/28/24,
"Kshlerin, Huel and Ratke",Germany,52.520008,13.404954,Telecommunications,Small (11-200),Laura Thompson,05/31/24,Custom solution,Opportunity,5,Initial contact,2,1832,30,11/03/24,
"Hintz, Schinner and Kshlerin",Portugal,38.736946,-9.142685,IT & IT Services,Small (11-200),Jessica Martinez,02/07/24,Services,Opportunity,5,Initial contact,2,649,30,04/09/24,
Kuhn LLC,Portugal,38.736946,-9.142685,Retail & Distribution,Small (11-200),Laura Thompson,04/03/24,SAAS,Opportunity,5,Initial contact,2,448,20,12/17/24,
"McKenzie, Reichel and Champlin",Spain,40.416775,-3.70379,IT & IT Services,Small (11-200),John Smith,02/18/24,SAAS,Opportunity,5,Initial contact,2,550,50,03/18/24,
Kiehn-Windler,Portugal,38.736946,-9.142685,Government Administration Healthcare,Small (11-200),Laura Thompson,05/12/24,Services,Opportunity,5,Initial contact,2,1238,40,10/18/24,
"Leffler, Ebert and Wilkinson",Austria,48.210033,16.363449,IT & IT Services,Small (11-200),Laura Thompson,01/20/24,Services,Opportunity,5,Initial contact,2,1646,40,09/10/24,
"Heidenreich, Langosh and Conn",Italy,41.902782,12.496366,Government Administration Healthcare,Small (11-200),Laura Thompson,04/06/24,Services,Opportunity,5,Initial contact,2,1054,50,12/20/24,
Balistreri-Turcotte,Switzerland,46.204391,6.143158,Entertainment & Media & Hospitality,Small (11-200),Jessica Martinez,04/21/24,SAAS,Opportunity,5,Initial contact,2,288,60,06/21/24,
"Spinka, Jacobi and Hickle",France,48.864716,2.349014,Transportation & Logistics,Small (11-200),Laura Thompson,04/03/24,SAAS,Opportunity,5,Initial contact,2,1824,70,05/29/24,
Satterfield and Sons,Portugal,38.736946,-9.142685,IT & IT Services,Small (11-200),Jessica Martinez,04/22/24,Services,Opportunity,5,Initial contact,2,1987,30,09/01/24,
Block-Kozey,Belgium,51.260197,4.402771,Government Administration Healthcare,Small (11-200),Michael Brown,02/28/24,Custom solution,Opportunity,5,Initial contact,2,1202,20,01/17/25,
Oberbrunner-Oberbrunner,Germany,52.520008,13.404954,Manufacturing & Production,Small (11-200),Laura Thompson,01/25/24,SAAS,Opportunity,5,Initial contact,2,565,10,12/30/24,
Ruecker LLC,Switzerland,46.204391,6.143158,Construction & Engineering,Small (11-200),Michael Brown,04/06/24,Custom solution,Opportunity,5,Initial contact,2,893,20,10/11/24,
Hessel and Sons,France,48.864716,2.349014,Manufacturing & Production,Small (11-200),Michael Brown,04/21/24,Services,Opportunity,5,Initial contact,2,724,30,12/16/24,
Morissette and Sons,Austria,48.210033,16.363449,Recreation & Sports,Small (11-200),Michael Brown,05/17/24,SAAS,Opportunity,5,Initial contact,2,558,70,03/24/25,
Schoen-O'Conner,Italy,41.902782,12.496366,IT & IT Services,Small (11-200),Sarah Davis,03/28/24,SAAS,Opportunity,5,Initial contact,2,453,80,11/11/24,
Spinka-Carroll,Germany,52.520008,13.404954,Banking and Finance,Small (11-200),Laura Thompson,04/29/24,Services,Opportunity,5,Initial contact,2,1881,70,08/10/24,
Robel-Huels,Austria,48.210033,16.363449,Transportation & Logistics,Small (11-200),David Wilson,02/23/24,SAAS,Opportunity,5,Initial contact,2,1735,40,02/15/25,
Dicki and Sons,Switzerland,46.204391,6.143158,Transportation & Logistics,Small (11-200),Laura Thompson,05/13/24,SAAS,Opportunity,5,Initial contact,2,1418,40,11/20/24,
Predovic-Mueller,Portugal,38.736946,-9.142685,Transportation & Logistics,Small (11-200),Michael Brown,01/13/24,Services,Opportunity,5,Initial contact,2,585,70,07/29/24,
"Koss, McLaughlin and Moen",France,48.864716,2.349014,Construction & Engineering,Small (11-200),Jessica Martinez,01/07/24,Services,Opportunity,5,Initial contact,2,334,30,06/07/24,
"Gorczany, Buckridge and Robel",Austria,48.210033,16.363449,Manufacturing & Production,Small (11-200),Kevin Anderson,05/18/24,Custom solution,Opportunity,5,Initial contact,2,1959,50,06/07/24,
Howell-Lubowitz,Portugal,38.736946,-9.142685,Recreation & Sports,Small (11-200),John Smith,01/14/24,SAAS,Opportunity,5,Initial contact,2,623,40,10/25/24,
Mills Inc,Italy,41.902782,12.496366,Banking and Finance,Small (11-200),David Wilson,04/29/24,SAAS,Opportunity,5,Initial contact,2,307,20,04/25/25,
Kerluke Group,Italy,41.902782,12.496366,Education & Science,Small (11-200),Michael Brown,02/03/24,Services,Opportunity,5,Initial contact,2,349,40,01/10/25,
Fadel-Gorczany,Portugal,38.736946,-9.142685,IT & IT Services,Small (11-200),Kevin Anderson,01/27/24,SAAS,Opportunity,5,Initial contact,2,460,70,10/22/24,
"Dooley, Roob and Quitzon",France,48.864716,2.349014,Entertainment & Media & Hospitality,Small (11-200),Sarah Davis,03/22/24,SAAS,Opportunity,5,Initial contact,2,992,90,05/28/24,
Pacocha-Gislason,Italy,41.902782,12.496366,Recreation & Sports,Small (11-200),David Wilson,04/15/24,Services,Opportunity,5,Initial contact,2,1369,50,12/31/24,
Hickle-Champlin,Netherlands,52.370216,4.895168,Telecommunications,Small (11-200),Emily Johnson,05/24/24,SAAS,Opportunity,5,Initial contact,2,638,40,08/21/24,
Little LLC,Switzerland,46.204391,6.143158,Agriculture & Mining,Small (11-200),David Wilson,05/15/24,Custom solution,Opportunity,5,Initial contact,2,1269,40,01/28/25,
Jerde and Sons,Italy,41.902782,12.496366,Energy & Utilities,Small (11-200),Jessica Martinez,02/24/24,Services,Opportunity,5,Initial contact,2,1875,20,08/25/24,
"Cole, Morissette and Gorczany",Spain,40.416775,-3.70379,Education & Science,Small (11-200),Jessica Martinez,01/03/24,SAAS,Opportunity,5,Initial contact,2,218,30,09/01/24,
Schuster-Yost,Italy,41.902782,12.496366,IT & IT Services,Small (11-200),John Smith,05/27/24,SAAS,Opportunity,5,Initial contact,2,628,60,04/11/25,
Thompson-Daniel,France,48.864716,2.349014,IT & IT Services,Small (11-200),Emily Johnson,04/24/24,SAAS,Opportunity,5,Initial contact,2,889,20,04/12/25,
Wuckert Group,Austria,48.210033,16.363449,IT & IT Services,Small (11-200),Michael Brown,03/14/24,SAAS,Opportunity,5,Initial contact,2,1694,50,11/10/24,
Hauck-Mayer,Belgium,51.260197,4.402771,IT & IT Services,Small (11-200),Emily Johnson,03/16/24,Custom solution,Opportunity,5,Initial contact,2,1902,40,08/26/24,
Rau Group,Spain,40.416775,-3.70379,Professional Services  & Consulting,Small (11-200),Jessica Martinez,05/22/24,Services,Opportunity,5,Initial contact,2,1897,60,03/31/25,
Kreiger-Rodriguez,Netherlands,52.370216,4.895168,Government Administration Healthcare,Small (11-200),Michael Brown,04/28/24,Custom solution,Opportunity,5,Initial contact,2,1568,40,12/16/24,
Schuster-Schiller,Austria,48.210033,16.363449,Government Administration Healthcare,Small (11-200),John Smith,04/21/24,SAAS,Opportunity,5,Initial contact,2,357,40,09/22/24,
Casper Group,Italy,41.902782,12.496366,Banking and Finance,Small (11-200),Michael Brown,03/23/24,SAAS,Opportunity,5,Initial contact,2,468,20,12/30/24,
Cole and Sons,Portugal,38.736946,-9.142685,Entertainment & Media & Hospitality,Small (11-200),John Smith,05/25/24,Custom solution,Opportunity,5,Initial contact,2,1704,40,11/18/24,
Bosco-Boyer,Switzerland,46.204391,6.143158,Entertainment & Media & Hospitality,Small (11-200),Jessica Martinez,04/15/24,SAAS,Opportunity,5,Initial contact,2,939,80,11/25/24,
Gulgowski-Volkman,Switzerland,46.204391,6.143158,IT & IT Services,Small (11-200),Sarah Davis,05/28/24,Services,Opportunity,5,Initial contact,2,1225,10,01/23/25,
"Gulgowski, Funk and Schultz",Switzerland,46.204391,6.143158,Education & Science,Small (11-200),Jessica Martinez,02/07/24,SAAS,Opportunity,5,Initial contact,2,788,80,05/30/24,
Watsica-Wisoky,Austria,48.210033,16.363449,Entertainment & Media & Hospitality,Small (11-200),David Wilson,03/12/24,Services,Opportunity,5,Initial contact,2,1004,20,01/29/25,
Erdman-Breitenberg,Germany,52.520008,13.404954,IT & IT Services,Small (11-200),Laura Thompson,01/25/24,SAAS,Opportunity,5,Initial contact,2,586,40,09/06/24,
Kshlerin and Sons,Italy,41.902782,12.496366,Government Administration Healthcare,Small (11-200),Jessica Martinez,05/22/24,SAAS,Opportunity,5,Initial contact,2,1990,40,08/28/24,
Schaden LLC,Germany,52.520008,13.404954,Banking and Finance,Small (11-200),Emily Johnson,01/30/24,Custom solution,Opportunity,5,Initial contact,2,1567,40,05/12/24,
"Funk, Mosciski and Doyle",Portugal,38.736946,-9.142685,Banking and Finance,Small (11-200),Laura Thompson,04/02/24,Custom solution,Opportunity,5,Initial contact,2,1256,50,03/28/25,
Haag and Sons,Italy,41.902782,12.496366,Banking and Finance,Small (11-200),Michael Brown,05/22/24,SAAS,Opportunity,5,Initial contact,2,1279,70,09/04/24,
Davis Group,Portugal,38.736946,-9.142685,Telecommunications,Small (11-200),Kevin Anderson,03/03/24,SAAS,Opportunity,5,Initial contact,2,1850,60,11/30/24,
"Denesik, Lynch and Deckow",Spain,40.416775,-3.70379,Entertainment & Media & Hospitality,Small (11-200),David Wilson,05/26/24,SAAS,Opportunity,5,Initial contact,2,1738,90,03/16/25,
"Schiller, Fahey and Ferry",Italy,41.902782,12.496366,IT & IT Services,Small (11-200),John Smith,01/03/24,Services,Opportunity,5,Initial contact,2,219,60,11/03/24,
"Wiza, Sporer and Rempel",Switzerland,46.204391,6.143158,Telecommunications,Small (11-200),Michael Brown,01/14/24,SAAS,Opportunity,5,Initial contact,2,487,30,09/21/24,
Feeney Inc,Spain,40.416775,-3.70379,Education & Science,Small (11-200),Sarah Davis,02/07/24,Services,Opportunity,5,Initial contact,2,1790,80,05/13/24,
"Reynolds, Larson and Marquardt",Germany,52.520008,13.404954,IT & IT Services,Small (11-200),Michael Brown,01/11/24,Custom solution,Opportunity,5,Initial contact,2,713,30,03/25/24,
"Medhurst, Moen and Olson",Belgium,51.260197,4.402771,Energy & Utilities,Small (11-200),Kevin Anderson,01/29/24,SAAS,Opportunity,5,Initial contact,2,474,30,08/15/24,
"Weissnat, Schaden and Runolfsson",France,48.864716,2.349014,Telecommunications,Small (11-200),Michael Brown,02/02/24,Custom solution,Opportunity,5,Initial contact,2,662,40,02/23/24,
"Streich, Mann and Mante",Spain,40.416775,-3.70379,Transportation & Logistics,Small (11-200),Jessica Martinez,03/14/24,Custom solution,Opportunity,5,Initial contact,2,251,60,02/15/25,
Zulauf-Kassulke,Italy,41.902782,12.496366,Banking and Finance,Small (11-200),Laura Thompson,03/09/24,Services,Opportunity,5,Initial contact,2,406,60,07/16/24,
Kilback-Swaniawski,Belgium,51.260197,4.402771,Education & Science,Small (11-200),David Wilson,01/14/24,SAAS,Opportunity,5,Initial contact,2,427,10,11/15/24,
"Cronin, Schneider and Cormier",Netherlands,52.370216,4.895168,Entertainment & Media & Hospitality,Small (11-200),Kevin Anderson,04/03/24,Services,Opportunity,5,Initial contact,2,1398,70,07/18/24,
Lindgren LLC,Portugal,38.736946,-9.142685,Telecommunications,Small (11-200),John Smith,03/28/24,Services,Opportunity,5,Initial contact,2,1936,20,08/14/24,
"Schinner, Rice and Mills",Italy,41.902782,12.496366,IT & IT Services,Small (11-200),David Wilson,02/16/24,Services,Opportunity,5,Initial contact,2,1601,30,11/06/24,
Bailey-Morissette,France,48.864716,2.349014,Energy & Utilities,Small (11-200),Michael Brown,04/08/24,SAAS,Opportunity,5,Initial contact,2,677,40,11/28/24,
"Corwin, Borer and Hoppe",Italy,41.902782,12.496366,Education & Science,Small (11-200),Emily Johnson,01/26/24,Custom solution,Opportunity,5,Initial contact,2,1071,40,08/18/24,
Kassulke-Kertzmann,France,48.864716,2.349014,Retail & Distribution,Small (11-200),Laura Thompson,05/22/24,SAAS,Opportunity,5,Initial contact,2,321,50,12/27/24,
Stark-Farrell,Italy,41.902782,12.496366,Energy & Utilities,Small (11-200),Jessica Martinez,04/12/24,Custom solution,Opportunity,5,Initial contact,2,1248,90,07/30/24,
"Larkin, Gleichner and Lockman",France,48.864716,2.349014,Banking and Finance,Small (11-200),Michael Brown,04/02/24,SAAS,Opportunity,5,Initial contact,2,631,20,03/14/25,
"Casper, Block and Harvey",Switzerland,46.204391,6.143158,Professional Services  & Consulting,Small (11-200),Laura Thompson,02/29/24,SAAS,Opportunity,5,Initial contact,2,1194,20,07/13/24,
"Bins, Stamm and Reichert",Germany,52.520008,13.404954,Transportation & Logistics,Small (11-200),Sarah Davis,01/02/24,SAAS,Opportunity,5,Initial contact,2,1441,50,03/27/24,
"Kutch, Pfeffer and Mosciski",Spain,40.416775,-3.70379,Banking and Finance,Small (11-200),John Smith,02/07/24,Services,Opportunity,5,Initial contact,2,275,40,09/21/24,
"Kshlerin, Walter and Kuhic",Belgium,51.260197,4.402771,Transportation & Logistics,Small (11-200),Michael Brown,05/17/24,SAAS,Opportunity,5,Initial contact,2,1734,100,10/11/24,
"Aufderhar, Smitham and Schmitt",Italy,41.902782,12.496366,IT & IT Services,Small (11-200),Jessica Martinez,03/16/24,SAAS,Opportunity,5,Initial contact,2,863,30,01/06/25,
"Gulgowski, Grady and Koss",Belgium,51.260197,4.402771,Entertainment & Media & Hospitality,Small (11-200),Michael Brown,02/26/24,Custom solution,Opportunity,5,Initial contact,2,723,30,01/28/25,
Kwilith,Belgium,51.260197,4.402771,Energy & Utilities,Micro (1-10),Emily Johnson,05/26/24,SAAS,Opportunity,5,Initial contact,2,897,20,09/16/24,
Jaxspan,Switzerland,46.204391,6.143158,Agriculture & Mining,Micro (1-10),Emily Johnson,05/10/24,Services,Opportunity,5,Initial contact,2,669,20,03/14/25,
Quatz,France,48.864716,2.349014,Transportation & Logistics,Micro (1-10),Jessica Martinez,02/26/24,SAAS,Opportunity,5,Initial contact,2,759,30,12/27/24,
Dabshots,Portugal,38.736946,-9.142685,Transportation & Logistics,Micro (1-10),Laura Thompson,04/28/24,SAAS,Opportunity,5,Initial contact,2,767,50,08/28/24,
Npath,Switzerland,46.204391,6.143158,Banking and Finance,Micro (1-10),John Smith,02/06/24,SAAS,Opportunity,5,Initial contact,2,697,90,07/05/24,
Tagfeed,Italy,41.902782,12.496366,Telecommunications,Micro (1-10),Kevin Anderson,02/12/24,SAAS,Opportunity,5,Initial contact,2,208,40,11/22/24,
Lakin and Sons,Germany,52.520008,13.404954,Entertainment & Media & Hospitality,Micro (1-10),Sarah Davis,03/11/24,SAAS,Opportunity,5,Initial contact,2,1193,40,07/30/24,
"Sporer, Kovacek and Pacocha",France,48.864716,2.349014,Professional Services  & Consulting,Micro (1-10),Laura Thompson,01/02/24,SAAS,Opportunity,5,Initial contact,2,488,40,12/23/24,
Wyman-Fadel,France,48.864716,2.349014,Government Administration Healthcare,Micro (1-10),David Wilson,04/05/24,SAAS,Opportunity,5,Initial contact,2,216,30,09/28/24,
"Skiles, Conn and Stark",Germany,52.520008,13.404954,IT & IT Services,Micro (1-10),Kevin Anderson,03/29/24,Services,Opportunity,5,Initial contact,2,619,20,03/14/25,
"Bartoletti, Kunze and Koelpin",Italy,41.902782,12.496366,Recreation & Sports,Micro (1-10),Jessica Martinez,02/08/24,SAAS,Opportunity,5,Initial contact,2,945,20,10/03/24,
Lockman-Moore,Switzerland,46.204391,6.143158,Government Administration Healthcare,Micro (1-10),Jessica Martinez,04/30/24,Services,Opportunity,5,Initial contact,2,461,40,11/20/24,
Jerde-Donnelly,Portugal,38.736946,-9.142685,Banking and Finance,Micro (1-10),Kevin Anderson,05/17/24,SAAS,Opportunity,5,Initial contact,2,552,40,09/08/24,
"Walker, Connelly and Thiel",France,48.864716,2.349014,Transportation & Logistics,Micro (1-10),Emily Johnson,03/02/24,SAAS,Opportunity,5,Initial contact,2,893,100,05/13/24,
Mitchell and Sons,Switzerland,46.204391,6.143158,Professional Services  & Consulting,Micro (1-10),Michael Brown,01/27/24,SAAS,Opportunity,5,Initial contact,2,233,90,07/04/24,
"Tillman, Kautzer and Heidenreich",Portugal,38.736946,-9.142685,Government Administration Healthcare,Micro (1-10),Laura Thompson,04/05/24,Services,Opportunity,5,Initial contact,2,213,30,03/23/25,
"Gorczany, Witting and Ritchie",Netherlands,52.370216,4.895168,Retail & Distribution,Micro (1-10),Sarah Davis,05/16/24,SAAS,Opportunity,5,Initial contact,2,364,40,09/19/24,
"Kreiger, Homenick and Baumbach",France,48.864716,2.349014,Telecommunications,Micro (1-10),Sarah Davis,01/21/24,SAAS,Opportunity,5,Initial contact,2,946,70,06/11/24,
Nitzsche Group,Belgium,51.260197,4.402771,Telecommunications,Micro (1-10),David Wilson,02/25/24,SAAS,Opportunity,5,Initial contact,2,618,30,02/20/25,
"Toy, Schneider and Ullrich",France,48.864716,2.349014,Transportation & Logistics,Micro (1-10),Laura Thompson,01/09/24,Services,Opportunity,5,Initial contact,2,825,30,07/15/24,
Zboncak Group,Switzerland,46.204391,6.143158,Telecommunications,Micro (1-10),Sarah Davis,05/07/24,Services,Opportunity,5,Initial contact,2,1188,40,12/13/24,
DuBuque Inc,France,48.864716,2.349014,IT & IT Services,Micro (1-10),David Wilson,04/24/24,Services,Opportunity,5,Initial contact,2,1084,40,10/24/24,
Kiehn-Jerde,Spain,40.416775,-3.70379,Transportation & Logistics,Micro (1-10),Laura Thompson,03/24/24,Custom solution,Opportunity,5,Initial contact,2,900,20,08/27/24,
Halvorson-Casper,Germany,52.520008,13.404954,Construction & Engineering,Micro (1-10),Sarah Davis,03/15/24,SAAS,Opportunity,5,Initial contact,2,744,40,08/14/24,
"Harvey, Powlowski and Jast",France,48.864716,2.349014,Agriculture & Mining,Micro (1-10),Kevin Anderson,03/24/24,SAAS,Opportunity,5,Initial contact,2,1139,20,06/01/24,
Gusikowski Inc,Italy,41.902782,12.496366,Energy & Utilities,Micro (1-10),David Wilson,05/13/24,SAAS,Opportunity,5,Initial contact,2,917,30,07/09/24,
Little-Feest,Austria,48.210033,16.363449,Agriculture & Mining,Micro (1-10),Laura Thompson,05/05/24,Custom solution,Opportunity,5,Initial contact,2,981,20,07/08/24,
Cummings Group,Portugal,38.736946,-9.142685,Telecommunications,Micro (1-10),Michael Brown,05/25/24,Services,Opportunity,5,Initial contact,2,363,60,10/13/24,
Hintz-Bins,Austria,48.210033,16.363449,Telecommunications,Micro (1-10),Emily Johnson,01/18/24,SAAS,Opportunity,5,Initial contact,2,579,70,03/15/24,
"Schinner, Trantow and Brown",Switzerland,46.204391,6.143158,Transportation & Logistics,Micro (1-10),Michael Brown,04/01/24,SAAS,Opportunity,5,Initial contact,2,995,60,09/18/24,
"Moen, Murazik and Pacocha",Italy,41.902782,12.496366,Banking and Finance,Micro (1-10),Laura Thompson,02/12/24,SAAS,Opportunity,5,Initial contact,2,1078,50,11/03/24,
"Mann, Konopelski and Turner",Germany,52.520008,13.404954,Transportation & Logistics,Micro (1-10),David Wilson,03/31/24,Custom solution,Opportunity,5,Initial contact,2,786,30,09/04/24,
"Vandervort, Walker and Von",Switzerland,46.204391,6.143158,Entertainment & Media & Hospitality,Micro (1-10),Laura Thompson,03/09/24,Services,Opportunity,5,Initial contact,2,827,100,02/12/25,
Hansen-Deckow,France,48.864716,2.349014,Banking and Finance,Micro (1-10),Laura Thompson,01/12/24,Services,Opportunity,5,Initial contact,2,741,20,09/12/24,
Hauck-Larson,Switzerland,46.204391,6.143158,Government Administration Healthcare,Micro (1-10),John Smith,04/21/24,Services,Opportunity,5,Initial contact,2,614,20,01/19/25,
Zboncak LLC,Italy,41.902782,12.496366,Manufacturing & Production,Micro (1-10),Kevin Anderson,04/12/24,SAAS,Opportunity,5,Initial contact,2,907,40,01/30/25,
"Ratke, Hudson and Champlin",Switzerland,46.204391,6.143158,Transportation & Logistics,Micro (1-10),Sarah Davis,03/23/24,SAAS,Opportunity,5,Initial contact,2,646,60,04/28/24,
Satterfield-Wilderman,Netherlands,52.370216,4.895168,Construction & Engineering,Micro (1-10),Laura Thompson,05/28/24,Services,Opportunity,5,Initial contact,2,355,20,03/16/25,
"Greenfelder, Maggio and Ullrich",France,48.864716,2.349014,Professional Services  & Consulting,Micro (1-10),Kevin Anderson,03/18/24,SAAS,Opportunity,5,Initial contact,2,1112,40,11/26/24,
Steuber-Legros,Switzerland,46.204391,6.143158,Telecommunications,Micro (1-10),John Smith,05/02/24,Services,Opportunity,5,Initial contact,2,206,10,03/26/25,
Dicki Inc,Belgium,51.260197,4.402771,Transportation & Logistics,Micro (1-10),Laura Thompson,03/23/24,Services,Opportunity,5,Initial contact,2,683,40,10/24/24,
Beatty-Gutmann,Spain,40.416775,-3.70379,Banking and Finance,Micro (1-10),Sarah Davis,02/04/24,SAAS,Opportunity,5,Initial contact,2,279,50,01/04/25,
"Schiller, Haley and Denesik",Italy,41.902782,12.496366,IT & IT Services,Micro (1-10),Laura Thompson,05/19/24,SAAS,Opportunity,5,Initial contact,2,764,50,09/27/24,
Koepp-O'Conner,Italy,41.902782,12.496366,Manufacturing & Production,Micro (1-10),Sarah Davis,01/26/24,SAAS,Opportunity,5,Initial contact,2,341,20,06/04/24,
Yundt-Quigley,Spain,40.416775,-3.70379,Construction & Engineering,Micro (1-10),Jessica Martinez,01/17/24,SAAS,Opportunity,5,Initial contact,2,976,30,04/12/24,
Gulgowski and Sons,Switzerland,46.204391,6.143158,Retail & Distribution,Micro (1-10),Michael Brown,01/10/24,Services,Opportunity,5,Initial contact,2,489,60,08/01/24,
Gerlach-Cummings,Portugal,38.736946,-9.142685,Agriculture & Mining,Micro (1-10),Michael Brown,05/27/24,Services,Opportunity,5,Initial contact,2,366,10,05/26/25,
West and Sons,Italy,41.902782,12.496366,Transportation & Logistics,Micro (1-10),Michael Brown,04/19/24,SAAS,Opportunity,5,Initial contact,2,274,20,08/19/24,
O'Reilly-Goodwin,Germany,52.520008,13.404954,IT & IT Services,Micro (1-10),David Wilson,03/18/24,Services,Opportunity,5,Initial contact,2,544,20,06/05/24,
"Powlowski, DuBuque and Hauck",Austria,48.210033,16.363449,Banking and Finance,Micro (1-10),Laura Thompson,02/27/24,SAAS,Opportunity,5,Initial contact,2,1172,40,11/01/24,
Keebler Inc,Germany,52.520008,13.404954,Transportation & Logistics,Micro (1-10),Sarah Davis,01/09/24,Services,Opportunity,5,Initial contact,2,675,60,04/20/24,
Purdy-Hansen,Netherlands,52.370216,4.895168,Construction & Engineering,Micro (1-10),David Wilson,01/27/24,SAAS,Opportunity,5,Initial contact,2,795,50,02/16/24,
Strosin Group,Germany,52.520008,13.404954,Professional Services  & Consulting,Micro (1-10),Laura Thompson,02/23/24,Custom solution,Opportunity,5,Initial contact,2,510,50,03/25/24,
"Breitenberg, McKenzie and Langworth",Switzerland,46.204391,6.143158,Transportation & Logistics,Micro (1-10),Kevin Anderson,03/22/24,Services,Opportunity,5,Initial contact,2,314,10,08/24/24,
"Kulas, Treutel and Glover",France,48.864716,2.349014,Banking and Finance,Micro (1-10),Michael Brown,01/06/24,SAAS,Opportunity,5,Initial contact,2,1109,30,07/19/24,
"Abernathy, Rolfson and Kuphal",Netherlands,52.370216,4.895168,Banking and Finance,Micro (1-10),Jessica Martinez,04/19/24,Custom solution,Opportunity,5,Initial contact,2,986,90,01/19/25,
"Corwin, Murray and Altenwerth",Switzerland,46.204391,6.143158,Government Administration Healthcare,Micro (1-10),Sarah Davis,05/06/24,Services,Opportunity,5,Initial contact,2,213,60,09/05/24,
"Schoen, Conn and Prohaska",Netherlands,52.370216,4.895168,Professional Services  & Consulting,Micro (1-10),Jessica Martinez,04/22/24,Custom solution,Opportunity,5,Initial contact,2,401,40,03/14/25,
"Wunsch, Will and Rice",France,48.864716,2.349014,Government Administration Healthcare,Micro (1-10),Michael Brown,03/23/24,SAAS,Opportunity,5,Initial contact,2,994,100,10/18/24,
"Hoeger, Herman and Paucek",Portugal,38.736946,-9.142685,Telecommunications,Micro (1-10),Sarah Davis,03/01/24,SAAS,Opportunity,5,Initial contact,2,909,20,10/21/24,
Fliptune,Netherlands,52.370216,4.895168,Agriculture & Mining,Medium (201-500),Sarah Davis,04/30/24,SAAS,Opportunity,5,Initial contact,2,4836,30,09/25/24,
Plajo,Italy,41.902782,12.496366,Recreation & Sports,Medium (201-500),Laura Thompson,05/19/24,SAAS,Opportunity,5,Initial contact,2,358,20,02/19/25,
Aimbu,Italy,41.902782,12.496366,IT & IT Services,Medium (201-500),Sarah Davis,03/09/24,SAAS,Opportunity,5,Initial contact,2,7664,30,08/27/24,
Brightbean,Austria,48.210033,16.363449,Banking and Finance,Medium (201-500),Laura Thompson,05/22/24,Services,Opportunity,5,Initial contact,2,7607,80,01/03/25,
Wordware,Italy,41.902782,12.496366,IT & IT Services,Medium (201-500),Laura Thompson,04/19/24,Custom solution,Opportunity,5,Initial contact,2,7542,90,04/08/25,
Cogidoo,Germany,52.520008,13.404954,Government Administration Healthcare,Medium (201-500),Kevin Anderson,01/18/24,Services,Opportunity,5,Initial contact,2,6196,40,09/07/24,
Feedbug,Italy,41.902782,12.496366,Agriculture & Mining,Medium (201-500),Jessica Martinez,05/29/24,SAAS,Opportunity,5,Initial contact,2,4051,30,07/16/24,
Dabvine,Switzerland,46.204391,6.143158,Telecommunications,Medium (201-500),Laura Thompson,04/06/24,Services,Opportunity,5,Initial contact,2,7588,40,01/23/25,
Zoonder,Italy,41.902782,12.496366,Telecommunications,Medium (201-500),Sarah Davis,05/01/24,SAAS,Opportunity,5,Initial contact,2,409,20,03/29/25,
Skimia,Spain,40.416775,-3.70379,Retail & Distribution,Medium (201-500),Laura Thompson,03/24/24,SAAS,Opportunity,5,Initial contact,2,2102,50,05/15/24,
Camimbo,France,48.864716,2.349014,Retail & Distribution,Medium (201-500),Emily Johnson,04/07/24,SAAS,Opportunity,5,Initial contact,2,7972,90,08/23/24,
Blogspan,Italy,41.902782,12.496366,Energy & Utilities,Medium (201-500),John Smith,04/22/24,Services,Opportunity,5,Initial contact,2,482,50,05/29/24,
Babbleblab,France,48.864716,2.349014,Retail & Distribution,Medium (201-500),Laura Thompson,04/02/24,SAAS,Opportunity,5,Initial contact,2,4302,20,02/16/25,
Divape,France,48.864716,2.349014,Telecommunications,Medium (201-500),Laura Thompson,03/07/24,Services,Opportunity,5,Initial contact,2,3625,90,12/22/24,
Roodel,Spain,40.416775,-3.70379,Banking and Finance,Medium (201-500),Laura Thompson,03/11/24,SAAS,Opportunity,5,Initial contact,2,7215,40,01/11/25,
Yambee,Italy,41.902782,12.496366,Government Administration Healthcare,Medium (201-500),Emily Johnson,04/06/24,SAAS,Opportunity,5,Initial contact,2,3724,20,08/20/24,
Hills Group,France,48.864716,2.349014,Energy & Utilities,Medium (201-500),Kevin Anderson,01/08/24,Custom solution,Opportunity,5,Initial contact,2,6024,50,06/13/24,
Wilkinson LLC,Italy,41.902782,12.496366,Telecommunications,Medium (201-500),Laura Thompson,04/13/24,Services,Opportunity,5,Initial contact,2,5798,40,02/14/25,
"Denesik, Bednar and Jakubowski",Netherlands,52.370216,4.895168,IT & IT Services,Medium (201-500),Michael Brown,04/07/24,Services,Opportunity,5,Initial contact,2,1863,20,12/02/24,
"O'Kon, Cruickshank and Krajcik",Germany,52.520008,13.404954,Professional Services  & Consulting,Medium (201-500),Laura Thompson,04/28/24,SAAS,Opportunity,5,Initial contact,2,2059,40,04/01/25,
Crona-Grady,Switzerland,46.204391,6.143158,Entertainment & Media & Hospitality,Medium (201-500),Sarah Davis,03/10/24,SAAS,Opportunity,5,Initial contact,2,7739,60,07/23/24,
Tillman-Kovacek,Austria,48.210033,16.363449,Professional Services  & Consulting,Medium (201-500),Emily Johnson,04/12/24,SAAS,Opportunity,5,Initial contact,2,3809,30,03/15/25,
Romaguera Inc,Switzerland,46.204391,6.143158,Professional Services  & Consulting,Medium (201-500),Michael Brown,01/25/24,Custom solution,Opportunity,5,Initial contact,2,1530,30,05/27/24,
Stamm LLC,Switzerland,46.204391,6.143158,Transportation & Logistics,Medium (201-500),Michael Brown,01/25/24,SAAS,Opportunity,5,Initial contact,2,6962,30,05/05/24,
Hamill-Ryan,Portugal,38.736946,-9.142685,Professional Services  & Consulting,Medium (201-500),Jessica Martinez,02/22/24,Custom solution,Opportunity,5,Initial contact,2,2172,40,02/17/25,
Reichert-Volkman,Switzerland,46.204391,6.143158,Manufacturing & Production,Medium (201-500),Michael Brown,03/23/24,Services,Opportunity,5,Initial contact,2,1825,60,11/06/24,
"Schmeler, Mayer and O'Connell",Switzerland,46.204391,6.143158,Manufacturing & Production,Medium (201-500),Sarah Davis,03/17/24,SAAS,Opportunity,5,Initial contact,2,2418,20,11/15/24,
Bode-Hessel,Austria,48.210033,16.363449,Government Administration Healthcare,Medium (201-500),Jessica Martinez,05/27/24,Services,Opportunity,5,Initial contact,2,1784,50,10/20/24,
Streich LLC,Switzerland,46.204391,6.143158,Banking and Finance,Medium (201-500),Jessica Martinez,01/05/24,Services,Opportunity,5,Initial contact,2,6739,20,02/27/24,
Welch Inc,Italy,41.902782,12.496366,Government Administration Healthcare,Medium (201-500),Sarah Davis,04/24/24,SAAS,Opportunity,5,Initial contact,2,2127,50,02/02/25,
Mosciski-Kovacek,Netherlands,52.370216,4.895168,Transportation & Logistics,Medium (201-500),John Smith,01/11/24,Services,Opportunity,5,Initial contact,2,5436,20,11/17/24,
"Aufderhar, Mraz and Braun",Portugal,38.736946,-9.142685,Professional Services  & Consulting,Medium (201-500),Jessica Martinez,05/07/24,Services,Opportunity,5,Initial contact,2,1227,30,04/27/25,
Hoppe-Runte,Italy,41.902782,12.496366,Transportation & Logistics,Medium (201-500),Laura Thompson,04/27/24,SAAS,Opportunity,5,Initial contact,2,2746,10,11/25/24,
Kunze-Nitzsche,Germany,52.520008,13.404954,Transportation & Logistics,Medium (201-500),David Wilson,03/26/24,SAAS,Opportunity,5,Initial contact,2,4185,60,01/02/25,
Bahringer-MacGyver,Germany,52.520008,13.404954,Transportation & Logistics,Medium (201-500),Jessica Martinez,04/20/24,Services,Opportunity,5,Initial contact,2,4630,20,01/21/25,
Erdman-Rippin,Austria,48.210033,16.363449,Manufacturing & Production,Medium (201-500),Jessica Martinez,05/17/24,Services,Opportunity,5,Initial contact,2,5254,10,11/02/24,
Skiles Group,Switzerland,46.204391,6.143158,Agriculture & Mining,Medium (201-500),Michael Brown,02/04/24,SAAS,Opportunity,5,Initial contact,2,2328,90,04/21/24,
"Hills, Turcotte and Wolff",Spain,40.416775,-3.70379,Recreation & Sports,Medium (201-500),John Smith,02/01/24,SAAS,Opportunity,5,Initial contact,2,755,90,01/08/25,
Schowalter-Emard,Portugal,38.736946,-9.142685,Transportation & Logistics,Medium (201-500),Jessica Martinez,01/02/24,SAAS,Opportunity,5,Initial contact,2,4682,20,12/03/24,
Kessler Inc,Germany,52.520008,13.404954,Energy & Utilities,Medium (201-500),Jessica Martinez,05/25/24,Services,Opportunity,5,Initial contact,2,3732,100,01/23/25,
"Durgan, Shanahan and Lindgren",Spain,40.416775,-3.70379,IT & IT Services,Medium (201-500),Jessica Martinez,03/07/24,Custom solution,Opportunity,5,Initial contact,2,3569,60,11/14/24,
"Kertzmann, Keeling and Harris",Italy,41.902782,12.496366,Transportation & Logistics,Medium (201-500),Sarah Davis,05/15/24,Services,Opportunity,5,Initial contact,2,7885,40,12/11/24,
Brakus Inc,Switzerland,46.204391,6.143158,Government Administration Healthcare,Medium (201-500),Laura Thompson,05/03/24,SAAS,Opportunity,5,Initial contact,2,5152,40,02/12/25,
Pfannerstill-Thiel,Spain,40.416775,-3.70379,Government Administration Healthcare,Medium (201-500),Kevin Anderson,05/15/24,Services,Opportunity,5,Initial contact,2,2691,100,09/08/24,
"Predovic, Tremblay and Huels",Netherlands,52.370216,4.895168,Retail & Distribution,Medium (201-500),Kevin Anderson,02/01/24,Custom solution,Opportunity,5,Initial contact,2,5532,10,11/18/24,
Will-Cremin,Austria,48.210033,16.363449,Banking and Finance,Medium (201-500),Laura Thompson,01/31/24,Services,Opportunity,5,Initial contact,2,4387,90,07/21/24,
Schmidt Inc,Netherlands,52.370216,4.895168,Education & Science,Medium (201-500),David Wilson,03/06/24,Services,Opportunity,5,Initial contact,2,6640,40,12/23/24,
Waters and Sons,Portugal,38.736946,-9.142685,Professional Services  & Consulting,Medium (201-500),John Smith,04/22/24,Custom solution,Opportunity,5,Initial contact,2,3640,30,12/18/24,
Baumbach-Stiedemann,Switzerland,46.204391,6.143158,Construction & Engineering,Medium (201-500),David Wilson,04/07/24,SAAS,Opportunity,5,Initial contact,2,3237,30,12/28/24,
"Sauer, Bartell and Friesen",Italy,41.902782,12.496366,Transportation & Logistics,Medium (201-500),David Wilson,03/19/24,Services,Opportunity,5,Initial contact,2,3071,90,08/09/24,
Tromp Group,Italy,41.902782,12.496366,Transportation & Logistics,Medium (201-500),Michael Brown,03/17/24,SAAS,Opportunity,5,Initial contact,2,7500,50,10/10/24,
"Harber, Lynch and Kassulke",Germany,52.520008,13.404954,Energy & Utilities,Medium (201-500),David Wilson,03/07/24,Services,Opportunity,5,Initial contact,2,5842,10,05/17/24,
Beer LLC,Portugal,38.736946,-9.142685,Transportation & Logistics,Medium (201-500),Michael Brown,04/28/24,Services,Opportunity,5,Initial contact,2,7677,100,12/27/24,
Casper LLC,Germany,52.520008,13.404954,Retail & Distribution,Medium (201-500),David Wilson,03/15/24,SAAS,Opportunity,5,Initial contact,2,4904,100,10/22/24,
Feeney-Smith,France,48.864716,2.349014,Telecommunications,Medium (201-500),John Smith,02/04/24,Services,Opportunity,5,Initial contact,2,1657,30,09/01/24,
"Hand, Beer and Feest",Austria,48.210033,16.363449,Recreation & Sports,Medium (201-500),Sarah Davis,03/28/24,SAAS,Opportunity,5,Initial contact,2,2112,70,01/29/25,
Schneider Inc,Italy,41.902782,12.496366,Energy & Utilities,Medium (201-500),Sarah Davis,01/27/24,Services,Opportunity,5,Initial contact,2,1284,40,06/13/24,
Jast and Sons,Germany,52.520008,13.404954,Manufacturing & Production,Medium (201-500),Emily Johnson,01/13/24,SAAS,Opportunity,5,Initial contact,2,6205,30,04/25/24,
"Lehner, Ledner and Strosin",Netherlands,52.370216,4.895168,Government Administration Healthcare,Medium (201-500),Michael Brown,01/10/24,Services,Opportunity,5,Initial contact,2,502,10,12/23/24,
"Strosin, Ebert and Hessel",France,48.864716,2.349014,Professional Services  & Consulting,Medium (201-500),Jessica Martinez,02/04/24,Services,Opportunity,5,Initial contact,2,7094,40,05/28/24,
"Rath, Gleason and Shanahan",Switzerland,46.204391,6.143158,Professional Services  & Consulting,Medium (201-500),Jessica Martinez,03/23/24,SAAS,Opportunity,5,Initial contact,2,3955,30,03/22/25,
Cormier-Baumbach,Italy,41.902782,12.496366,Energy & Utilities,Medium (201-500),Michael Brown,04/29/24,Services,Opportunity,5,Initial contact,2,7725,20,10/14/24,
"Langworth, Herzog and Veum",France,48.864716,2.349014,Transportation & Logistics,Medium (201-500),Emily Johnson,05/17/24,Services,Opportunity,5,Initial contact,2,5993,80,02/03/25,
Botsford-Ruecker,Switzerland,46.204391,6.143158,Government Administration Healthcare,Medium (201-500),Michael Brown,03/03/24,Services,Opportunity,5,Initial contact,2,4910,40,09/19/24,
"Bernier, D'Amore and Quitzon",Belgium,51.260197,4.402771,Agriculture & Mining,Medium (201-500),Michael Brown,01/30/24,SAAS,Opportunity,5,Initial contact,2,6186,40,09/22/24,
Gleichner-Crist,Portugal,38.736946,-9.142685,Government Administration Healthcare,Medium (201-500),Michael Brown,02/26/24,Custom solution,Opportunity,5,Initial contact,2,4143,20,06/23/24,
Bosco-Kemmer,Germany,52.520008,13.404954,Transportation & Logistics,Medium (201-500),Laura Thompson,02/08/24,Services,Opportunity,5,Initial contact,2,1932,70,12/21/24,
Pacocha-Powlowski,Switzerland,46.204391,6.143158,Banking and Finance,Medium (201-500),Michael Brown,05/08/24,Services,Opportunity,5,Initial contact,2,5594,10,07/10/24,
Smith Inc,Portugal,38.736946,-9.142685,Government Administration Healthcare,Medium (201-500),David Wilson,03/08/24,Custom solution,Opportunity,5,Initial contact,2,7212,50,11/19/24,
Stark Inc,France,48.864716,2.349014,Professional Services  & Consulting,Medium (201-500),Sarah Davis,04/21/24,SAAS,Opportunity,5,Initial contact,2,1094,50,11/20/24,
Bailey-VonRueden,Portugal,38.736946,-9.142685,IT & IT Services,Medium (201-500),Jessica Martinez,01/23/24,SAAS,Opportunity,5,Initial contact,2,7972,30,08/09/24,
Rogahn-Cummerata,France,48.864716,2.349014,IT & IT Services,Medium (201-500),Laura Thompson,02/04/24,Services,Opportunity,5,Initial contact,2,5743,40,05/28/24,
Cole LLC,Germany,52.520008,13.404954,Professional Services  & Consulting,Medium (201-500),John Smith,04/21/24,Services,Opportunity,5,Initial contact,2,1906,50,01/03/25,
Kling LLC,France,48.864716,2.349014,Recreation & Sports,Medium (201-500),Michael Brown,05/10/24,SAAS,Opportunity,5,Initial contact,2,635,10,03/24/25,
Murray-Rice,Belgium,51.260197,4.402771,Banking and Finance,Medium (201-500),Laura Thompson,02/13/24,Custom solution,Opportunity,5,Initial contact,2,1429,20,07/31/24,
Cummerata and Sons,Germany,52.520008,13.404954,Recreation & Sports,Medium (201-500),David Wilson,02/03/24,Services,Opportunity,5,Initial contact,2,4340,50,06/24/24,
Hayes Inc,Italy,41.902782,12.496366,Transportation & Logistics,Medium (201-500),Laura Thompson,01/18/24,Custom solution,Opportunity,5,Initial contact,2,3907,40,06/30/24,
Pouros Group,Netherlands,52.370216,4.895168,Government Administration Healthcare,Medium (201-500),Sarah Davis,01/03/24,SAAS,Opportunity,5,Initial contact,2,671,20,02/06/24,
Howe-Pfeffer,Switzerland,46.204391,6.143158,Government Administration Healthcare,Medium (201-500),Michael Brown,02/12/24,Custom solution,Opportunity,5,Initial contact,2,7563,30,03/10/24,
"Lind, Swaniawski and Spinka",Netherlands,52.370216,4.895168,Government Administration Healthcare,Medium (201-500),Sarah Davis,03/23/24,Services,Opportunity,5,Initial contact,2,1083,60,02/05/25,
Bechtelar and Sons,Portugal,38.736946,-9.142685,Government Administration Healthcare,Medium (201-500),Laura Thompson,01/14/24,SAAS,Opportunity,5,Initial contact,2,5813,10,07/17/24,
Marquardt-Crooks,Belgium,51.260197,4.402771,IT & IT Services,Medium (201-500),Sarah Davis,02/06/24,Custom solution,Opportunity,5,Initial contact,2,2873,60,04/02/24,
Rice LLC,Spain,40.416775,-3.70379,Transportation & Logistics,Medium (201-500),Jessica Martinez,04/25/24,SAAS,Opportunity,5,Initial contact,2,5053,20,04/07/25,
Fahey Group,Belgium,51.260197,4.402771,Education & Science,Medium (201-500),David Wilson,01/31/24,SAAS,Opportunity,5,Initial contact,2,8000,40,11/09/24,
Crona-Beer,Austria,48.210033,16.363449,IT & IT Services,Medium (201-500),Laura Thompson,05/25/24,Custom solution,Opportunity,5,Initial contact,2,7020,80,12/12/24,
Runte-Baumbach,Austria,48.210033,16.363449,IT & IT Services,Medium (201-500),Michael Brown,03/07/24,Services,Opportunity,5,Initial contact,2,3691,30,01/04/25,
"Nitzsche, O'Reilly and White",Netherlands,52.370216,4.895168,Entertainment & Media & Hospitality,Medium (201-500),Kevin Anderson,02/05/24,Custom solution,Opportunity,5,Initial contact,2,7971,50,04/01/24,
"Rippin, Brakus and Cole",Spain,40.416775,-3.70379,Recreation & Sports,Medium (201-500),Michael Brown,03/04/24,Services,Opportunity,5,Initial contact,2,2545,100,08/27/24,
Beahan-Jenkins,Spain,40.416775,-3.70379,Transportation & Logistics,Medium (201-500),Jessica Martinez,05/15/24,Custom solution,Opportunity,5,Initial contact,2,3848,90,04/04/25,
"Balistreri, Corkery and Mertz",Belgium,51.260197,4.402771,Banking and Finance,Medium (201-500),Sarah Davis,05/23/24,Custom solution,Opportunity,5,Initial contact,2,386,50,09/11/24,
Willms-Farrell,France,48.864716,2.349014,Government Administration Healthcare,Medium (201-500),Jessica Martinez,05/20/24,SAAS,Opportunity,5,Initial contact,2,1523,30,01/25/25,
"O'Reilly, Dach and Simonis",Switzerland,46.204391,6.143158,Manufacturing & Production,Medium (201-500),Jessica Martinez,04/30/24,SAAS,Opportunity,5,Initial contact,2,1672,90,06/16/24,
Kunde-Lockman,Portugal,38.736946,-9.142685,Telecommunications,Medium (201-500),Emily Johnson,01/18/24,SAAS,Opportunity,5,Initial contact,2,2045,50,10/02/24,
Legros-Auer,France,48.864716,2.349014,Manufacturing & Production,Medium (201-500),Emily Johnson,04/27/24,SAAS,Opportunity,5,Initial contact,2,2968,20,06/07/24,
Orn LLC,Italy,41.902782,12.496366,Transportation & Logistics,Medium (201-500),John Smith,03/19/24,Custom solution,Opportunity,5,Initial contact,2,1307,20,01/01/25,
Turcotte-VonRueden,France,48.864716,2.349014,Banking and Finance,Medium (201-500),Sarah Davis,03/10/24,SAAS,Opportunity,5,Initial contact,2,3725,40,12/14/24,
Vandervort Inc,Austria,48.210033,16.363449,Energy & Utilities,Medium (201-500),Jessica Martinez,04/26/24,Services,Opportunity,5,Initial contact,2,5200,40,12/29/24,
"Schaden, Dicki and Kiehn",France,48.864716,2.349014,Energy & Utilities,Medium (201-500),Jessica Martinez,05/22/24,Custom solution,Opportunity,5,Initial contact,2,7311,70,05/17/25,
Bosco Group,Belgium,51.260197,4.402771,Professional Services  & Consulting,Medium (201-500),Laura Thompson,01/28/24,Custom solution,Opportunity,5,Initial contact,2,1173,40,08/04/24,
Rosenbaum Group,Portugal,38.736946,-9.142685,Retail & Distribution,Medium (201-500),David Wilson,05/05/24,Custom solution,Opportunity,5,Initial contact,2,7339,70,12/30/24,
Auer-Bradtke,Germany,52.520008,13.404954,Manufacturing & Production,Medium (201-500),Emily Johnson,05/18/24,SAAS,Opportunity,5,Initial contact,2,5441,40,07/18/24,
"Armstrong, Hermann and Sawayn",Germany,52.520008,13.404954,Entertainment & Media & Hospitality,Medium (201-500),David Wilson,03/04/24,SAAS,Opportunity,5,Initial contact,2,6675,20,12/11/24,
Feeney LLC,Belgium,51.260197,4.402771,Banking and Finance,Medium (201-500),David Wilson,03/15/24,Custom solution,Opportunity,5,Initial contact,2,6553,30,09/29/24,
"Marquardt, Denesik and Schmeler",Germany,52.520008,13.404954,Construction & Engineering,Medium (201-500),Emily Johnson,04/20/24,Custom solution,Opportunity,5,Initial contact,2,6215,40,06/30/24,
"Bernier, Herman and Schulist",Germany,52.520008,13.404954,IT & IT Services,Medium (201-500),Laura Thompson,03/30/24,SAAS,Opportunity,5,Initial contact,2,7596,30,05/02/24,
Boyer and Sons,Italy,41.902782,12.496366,Telecommunications,Medium (201-500),Jessica Martinez,05/26/24,SAAS,Opportunity,5,Initial contact,2,7503,50,02/05/25,
Ratke Inc,Italy,41.902782,12.496366,IT & IT Services,Medium (201-500),Jessica Martinez,03/01/24,Custom solution,Opportunity,5,Initial contact,2,3606,30,09/20/24,
"Padberg, Koepp and Walsh",Switzerland,46.204391,6.143158,Agriculture & Mining,Medium (201-500),Laura Thompson,02/03/24,SAAS,Opportunity,5,Initial contact,2,4178,60,04/15/24,
"Monahan, Dooley and Jast",Switzerland,46.204391,6.143158,Banking and Finance,Medium (201-500),John Smith,04/08/24,Custom solution,Opportunity,5,Initial contact,2,529,20,11/23/24,
"Lehner, Jacobi and Koepp",Italy,41.902782,12.496366,IT & IT Services,Medium (201-500),Emily Johnson,03/05/24,Custom solution,Opportunity,5,Initial contact,2,6577,20,11/15/24,
Ondricka-Jerde,Portugal,38.736946,-9.142685,IT & IT Services,Medium (201-500),Jessica Martinez,01/23/24,Services,Opportunity,5,Initial contact,2,1908,50,01/20/25,
"Gerhold, Fahey and Schowalter",Germany,52.520008,13.404954,Transportation & Logistics,Medium (201-500),Jessica Martinez,04/28/24,Services,Opportunity,5,Initial contact,2,360,10,11/05/24,
Harvey-Gottlieb,Germany,52.520008,13.404954,IT & IT Services,Medium (201-500),Laura Thompson,04/29/24,SAAS,Opportunity,5,Initial contact,2,7973,30,09/13/24,
"Botsford, Hudson and Becker",Germany,52.520008,13.404954,Construction & Engineering,Medium (201-500),Michael Brown,05/18/24,Services,Opportunity,5,Initial contact,2,2029,20,08/12/24,
Bogan Group,Germany,52.520008,13.404954,Transportation & Logistics,Medium (201-500),Sarah Davis,05/21/24,SAAS,Opportunity,5,Initial contact,2,3487,30,01/08/25,
Morissette Group,Netherlands,52.370216,4.895168,Government Administration Healthcare,Medium (201-500),Laura Thompson,05/26/24,Custom solution,Opportunity,5,Initial contact,2,5274,70,10/23/24,
Huels-Hyatt,Austria,48.210033,16.363449,Construction & Engineering,Medium (201-500),Jessica Martinez,05/26/24,Services,Opportunity,5,Initial contact,2,7451,20,07/31/24,
Price-Pagac,France,48.864716,2.349014,Manufacturing & Production,Medium (201-500),Laura Thompson,01/13/24,SAAS,Opportunity,5,Initial contact,2,4486,60,12/30/24,
Harris-Lindgren,Germany,52.520008,13.404954,Government Administration Healthcare,Medium (201-500),John Smith,02/06/24,Custom solution,Opportunity,5,Initial contact,2,7066,80,07/03/24,
Schimmel-Langosh,Portugal,38.736946,-9.142685,IT & IT Services,Medium (201-500),John Smith,05/23/24,SAAS,Opportunity,5,Initial contact,2,1015,20,11/28/24,
"Bosco, Hills and Reinger",France,48.864716,2.349014,Manufacturing & Production,Medium (201-500),Laura Thompson,05/21/24,Custom solution,Opportunity,5,Initial contact,2,6185,70,08/26/24,
"Crooks, Herzog and Leannon",Italy,41.902782,12.496366,Transportation & Logistics,Medium (201-500),Jessica Martinez,04/13/24,Services,Opportunity,5,Initial contact,2,4202,40,11/03/24,
"Greenholt, Gorczany and Osinski",Germany,52.520008,13.404954,Banking and Finance,Medium (201-500),Michael Brown,03/05/24,Custom solution,Opportunity,5,Initial contact,2,4592,20,09/26/24,
Dach-Shields,Netherlands,52.370216,4.895168,IT & IT Services,Medium (201-500),Laura Thompson,03/23/24,Services,Opportunity,5,Initial contact,2,5567,30,08/12/24,
Blanda-Bednar,Portugal,38.736946,-9.142685,Entertainment & Media & Hospitality,Medium (201-500),Jessica Martinez,04/11/24,SAAS,Opportunity,5,Initial contact,2,7438,60,08/12/24,
"Bergnaum, Johnson and Grimes",Italy,41.902782,12.496366,Entertainment & Media & Hospitality,Medium (201-500),Laura Thompson,02/26/24,SAAS,Opportunity,5,Initial contact,2,7116,20,07/23/24,
Lesch LLC,Italy,41.902782,12.496366,Banking and Finance,Medium (201-500),Kevin Anderson,05/09/24,SAAS,Opportunity,5,Initial contact,2,3763,60,01/20/25,
Reichert LLC,Austria,48.210033,16.363449,Education & Science,Medium (201-500),Laura Thompson,05/15/24,SAAS,Opportunity,5,Initial contact,2,520,30,12/21/24,
Breitenberg-Huel,Germany,52.520008,13.404954,Transportation & Logistics,Medium (201-500),Laura Thompson,02/02/24,Services,Opportunity,5,Initial contact,2,7236,70,05/09/24,
O'Conner-Braun,France,48.864716,2.349014,Manufacturing & Production,Medium (201-500),Jessica Martinez,03/07/24,Services,Opportunity,5,Initial contact,2,7972,30,04/17/24,
"Shanahan, Senger and Rogahn",Portugal,38.736946,-9.142685,Retail & Distribution,Medium (201-500),Michael Brown,01/03/24,Services,Opportunity,5,Initial contact,2,5674,50,03/16/24,
Aimbo,Spain,40.416775,-3.70379,Transportation & Logistics,Large (501-1000),Kevin Anderson,01/13/24,Services,Opportunity,5,Initial contact,2,3461,30,07/21/24,
Skajo,Germany,52.520008,13.404954,IT & IT Services,Large (501-1000),Emily Johnson,02/17/24,Services,Opportunity,5,Initial contact,2,2425,20,11/02/24,
Yodel,Italy,41.902782,12.496366,Banking and Finance,Large (501-1000),John Smith,04/01/24,SAAS,Opportunity,5,Initial contact,2,19997,100,07/25/24,
Greenfelder-Johns,Italy,41.902782,12.496366,Manufacturing & Production,Large (501-1000),Michael Brown,04/29/24,Services,Opportunity,5,Initial contact,2,3823,50,12/10/24,
"Mosciski, Hansen and Ruecker",Switzerland,46.204391,6.143158,Manufacturing & Production,Large (501-1000),John Smith,04/06/24,Custom solution,Opportunity,5,Initial contact,2,9441,50,10/23/24,
Balistreri LLC,Portugal,38.736946,-9.142685,Banking and Finance,Large (501-1000),Laura Thompson,04/26/24,Services,Opportunity,5,Initial contact,2,16217,40,02/27/25,
"Barrows, Jacobs and O'Hara",Spain,40.416775,-3.70379,Government Administration Healthcare,Large (501-1000),Jessica Martinez,04/15/24,SAAS,Opportunity,5,Initial contact,2,15769,50,09/19/24,
Schaefer-Lockman,Germany,52.520008,13.404954,Banking and Finance,Large (501-1000),David Wilson,02/28/24,Custom solution,Opportunity,5,Initial contact,2,8716,30,09/18/24,
Barrows-Waelchi,Germany,52.520008,13.404954,Transportation & Logistics,Large (501-1000),Jessica Martinez,03/22/24,Custom solution,Opportunity,5,Initial contact,2,11913,50,12/10/24,
Walsh Inc,France,48.864716,2.349014,Recreation & Sports,Enterprise (1001+),Jessica Martinez,05/25/24,Services,Opportunity,5,Initial contact,2,17606,20,06/29/24,
Trantow Group,Belgium,51.260197,4.402771,Agriculture & Mining,Enterprise (1001+),Laura Thompson,05/10/24,SAAS,Opportunity,5,Initial contact,2,17361,30,11/24/24,
"Murphy, Hudson and Considine",France,48.864716,2.349014,Manufacturing & Production,Enterprise (1001+),Laura Thompson,05/10/24,Custom solution,Opportunity,5,Initial contact,2,15588,40,02/26/25,
Tagchat,Portugal,38.736946,-9.142685,Government Administration Healthcare,Small (11-200),Michael Brown,01/28/24,SAAS,Opportunity,5,Lost,6,1615,30,07/13/24,
Yata,Germany,52.520008,13.404954,IT & IT Services,Small (11-200),Laura Thompson,02/27/24,Services,Opportunity,5,Lost,6,1317,20,12/26/24,
Cogibox,Italy,41.902782,12.496366,IT & IT Services,Small (11-200),Sarah Davis,04/09/24,SAAS,Opportunity,5,Lost,6,1152,50,10/22/24,
Skynoodle,France,48.864716,2.349014,Agriculture & Mining,Small (11-200),David Wilson,04/10/24,SAAS,Opportunity,5,Lost,6,1158,30,11/22/24,
"Heidenreich, Stehr and Johnston",Belgium,51.260197,4.402771,Transportation & Logistics,Small (11-200),Laura Thompson,04/26/24,Custom solution,Opportunity,5,Lost,6,1306,50,03/24/25,
Schultz-Kirlin,Germany,52.520008,13.404954,Recreation & Sports,Small (11-200),John Smith,01/13/24,Services,Opportunity,5,Lost,6,1170,20,04/15/24,
Blick-Schamberger,Germany,52.520008,13.404954,Agriculture & Mining,Small (11-200),Emily Johnson,01/13/24,Custom solution,Opportunity,5,Lost,6,1791,30,08/29/24,
White-Donnelly,Germany,52.520008,13.404954,Recreation & Sports,Small (11-200),Emily Johnson,02/07/24,SAAS,Opportunity,5,Lost,6,632,50,09/30/24,
Wuckert and Sons,Belgium,51.260197,4.402771,Manufacturing & Production,Small (11-200),Michael Brown,05/11/24,Custom solution,Opportunity,5,Lost,6,644,20,01/10/25,
"Batz, Fay and Murray",France,48.864716,2.349014,Transportation & Logistics,Small (11-200),David Wilson,03/30/24,SAAS,Opportunity,5,Lost,6,229,20,03/23/25,
Harvey-Reichel,Switzerland,46.204391,6.143158,Professional Services  & Consulting,Small (11-200),Kevin Anderson,05/02/24,Custom solution,Opportunity,5,Lost,6,1767,40,10/24/24,
Hilpert and Sons,Germany,52.520008,13.404954,Energy & Utilities,Small (11-200),Emily Johnson,04/07/24,SAAS,Opportunity,5,Lost,6,1844,20,01/21/25,
Stanton and Sons,Italy,41.902782,12.496366,Agriculture & Mining,Small (11-200),Michael Brown,01/21/24,Custom solution,Opportunity,5,Lost,6,1361,40,06/22/24,
"Dare, Kassulke and Nicolas",Italy,41.902782,12.496366,Transportation & Logistics,Small (11-200),John Smith,04/19/24,Services,Opportunity,5,Lost,6,1548,20,08/10/24,
"O'Connell, Harber and Koelpin",Netherlands,52.370216,4.895168,Banking and Finance,Small (11-200),David Wilson,01/06/24,Services,Opportunity,5,Lost,6,1976,40,12/05/24,
Schmidt-Hettinger,Germany,52.520008,13.404954,Recreation & Sports,Small (11-200),Michael Brown,03/12/24,SAAS,Opportunity,5,Lost,6,741,30,04/02/24,
Abernathy-Kohler,Italy,41.902782,12.496366,Entertainment & Media & Hospitality,Small (11-200),David Wilson,04/20/24,Services,Opportunity,5,Lost,6,1006,50,04/12/25,
Kessler-Hirthe,France,48.864716,2.349014,Transportation & Logistics,Small (11-200),John Smith,05/07/24,Services,Opportunity,5,Lost,6,1764,40,01/15/25,
Schowalter-Jacobs,Netherlands,52.370216,4.895168,Banking and Finance,Small (11-200),Michael Brown,01/14/24,SAAS,Opportunity,5,Lost,6,1271,40,11/29/24,
Parker LLC,Germany,52.520008,13.404954,Transportation & Logistics,Small (11-200),Sarah Davis,05/25/24,Services,Opportunity,5,Lost,6,1011,40,04/04/25,
Youtags,Italy,41.902782,12.496366,Government Administration Healthcare,Micro (1-10),Michael Brown,03/09/24,Services,Opportunity,5,Lost,6,902,40,12/19/24,
Lemke-Roberts,Switzerland,46.204391,6.143158,Entertainment & Media & Hospitality,Micro (1-10),Kevin Anderson,02/11/24,Services,Opportunity,5,Lost,6,381,40,09/23/24,
"Smith, Stiedemann and Rowe",Spain,40.416775,-3.70379,Entertainment & Media & Hospitality,Micro (1-10),Emily Johnson,03/24/24,Custom solution,Opportunity,5,Lost,6,274,20,03/04/25,
"Bogisich, Kuvalis and Herman",France,48.864716,2.349014,Agriculture & Mining,Micro (1-10),John Smith,03/09/24,Services,Opportunity,5,Lost,6,444,70,01/29/25,
Okuneva-Schumm,Portugal,38.736946,-9.142685,Government Administration Healthcare,Micro (1-10),Laura Thompson,01/31/24,SAAS,Opportunity,5,Lost,6,1041,60,03/25/24,
Nader-Ortiz,Switzerland,46.204391,6.143158,IT & IT Services,Micro (1-10),Jessica Martinez,04/01/24,Custom solution,Opportunity,5,Lost,6,891,30,12/04/24,
Goyette LLC,France,48.864716,2.349014,Agriculture & Mining,Micro (1-10),David Wilson,04/24/24,Services,Opportunity,5,Lost,6,273,90,09/25/24,
Treutel and Sons,Austria,48.210033,16.363449,Transportation & Logistics,Micro (1-10),Laura Thompson,04/26/24,SAAS,Opportunity,5,Lost,6,602,60,04/06/25,
Murphy Group,Italy,41.902782,12.496366,Government Administration Healthcare,Micro (1-10),Emily Johnson,02/02/24,SAAS,Opportunity,5,Lost,6,419,70,09/30/24,
Hamill Group,Portugal,38.736946,-9.142685,Transportation & Logistics,Micro (1-10),Michael Brown,02/14/24,SAAS,Opportunity,5,Lost,6,301,40,01/31/25,
Keeling-Lang,Portugal,38.736946,-9.142685,Construction & Engineering,Micro (1-10),John Smith,03/10/24,Services,Opportunity,5,Lost,6,673,50,11/30/24,
"MacGyver, Ondricka and McLaughlin",Italy,41.902782,12.496366,Telecommunications,Micro (1-10),Laura Thompson,03/26/24,Custom solution,Opportunity,5,Lost,6,458,20,08/29/24,
Linklinks,Germany,52.520008,13.404954,Energy & Utilities,Medium (201-500),Michael Brown,05/08/24,SAAS,Opportunity,5,Lost,6,6177,50,08/14/24,
Larson and Sons,France,48.864716,2.349014,Agriculture & Mining,Medium (201-500),Laura Thompson,01/10/24,SAAS,Opportunity,5,Lost,6,2950,20,06/27/24,
Bradtke-Stehr,Italy,41.902782,12.496366,Banking and Finance,Medium (201-500),Laura Thompson,01/22/24,SAAS,Opportunity,5,Lost,6,5423,40,01/01/25,
Bartoletti LLC,Italy,41.902782,12.496366,Recreation & Sports,Medium (201-500),Jessica Martinez,01/20/24,SAAS,Opportunity,5,Lost,6,7277,50,10/14/24,
Halvorson-Corkery,Italy,41.902782,12.496366,Energy & Utilities,Medium (201-500),David Wilson,01/07/24,Services,Opportunity,5,Lost,6,1133,50,12/01/24,
"Reynolds, Gottlieb and Prohaska",Switzerland,46.204391,6.143158,Energy & Utilities,Medium (201-500),David Wilson,01/02/24,SAAS,Opportunity,5,Lost,6,6015,40,12/09/24,
"Rempel, Senger and Schimmel",Netherlands,52.370216,4.895168,Agriculture & Mining,Medium (201-500),Jessica Martinez,05/23/24,Services,Opportunity,5,Lost,6,3264,100,02/01/25,
"Kunde, Harris and Bernier",Austria,48.210033,16.363449,Retail & Distribution,Medium (201-500),Jessica Martinez,04/15/24,Services,Opportunity,5,Lost,6,2913,40,10/04/24,
D'Amore-Pacocha,Italy,41.902782,12.496366,Retail & Distribution,Medium (201-500),Jessica Martinez,02/02/24,SAAS,Opportunity,5,Lost,6,3059,70,09/07/24,
Mante-Toy,Portugal,38.736946,-9.142685,Government Administration Healthcare,Medium (201-500),Laura Thompson,05/21/24,SAAS,Opportunity,5,Lost,6,7763,30,10/22/24,
Smith-Parisian,Portugal,38.736946,-9.142685,Banking and Finance,Medium (201-500),Laura Thompson,02/06/24,SAAS,Opportunity,5,Lost,6,4052,70,11/25/24,
Wuckert LLC,Italy,41.902782,12.496366,Entertainment & Media & Hospitality,Medium (201-500),Laura Thompson,02/23/24,SAAS,Opportunity,5,Lost,6,1430,30,10/25/24,
Murray Inc,Switzerland,46.204391,6.143158,Government Administration Healthcare,Medium (201-500),John Smith,01/20/24,SAAS,Opportunity,5,Lost,6,7438,90,03/28/24,
"Treutel, Balistreri and Brakus",France,48.864716,2.349014,Banking and Finance,Medium (201-500),Laura Thompson,04/03/24,Services,Opportunity,5,Lost,6,1882,30,07/24/24,
Paucek LLC,Spain,40.416775,-3.70379,Transportation & Logistics,Medium (201-500),Michael Brown,05/18/24,Services,Opportunity,5,Lost,6,2633,40,06/11/24,
Flatley Inc,Switzerland,46.204391,6.143158,Professional Services  & Consulting,Medium (201-500),Kevin Anderson,04/28/24,Services,Opportunity,5,Lost,6,7268,70,02/09/25,
Huel LLC,Belgium,51.260197,4.402771,Entertainment & Media & Hospitality,Medium (201-500),Laura Thompson,04/04/24,SAAS,Opportunity,5,Lost,6,7312,80,09/20/24,
Strosin-Feeney,Italy,41.902782,12.496366,Government Administration Healthcare,Medium (201-500),David Wilson,04/22/24,SAAS,Opportunity,5,Lost,6,5619,10,02/01/25,
Lesch-Sporer,Germany,52.520008,13.404954,Banking and Finance,Medium (201-500),Kevin Anderson,01/18/24,SAAS,Opportunity,5,Lost,6,6395,20,11/14/24,
Steuber-Gibson,Austria,48.210033,16.363449,Transportation & Logistics,Medium (201-500),Jessica Martinez,03/29/24,Services,Opportunity,5,Lost,6,7392,30,02/01/25,
Grady Inc,Belgium,51.260197,4.402771,Professional Services  & Consulting,Medium (201-500),Sarah Davis,04/15/24,Custom solution,Opportunity,5,Lost,6,3692,20,03/27/25,
"Jast, Hirthe and Murphy",France,48.864716,2.349014,Government Administration Healthcare,Medium (201-500),Laura Thompson,05/29/24,SAAS,Opportunity,5,Lost,6,6882,30,05/27/25,
Kulas-Barrows,Italy,41.902782,12.496366,Construction & Engineering,Medium (201-500),Michael Brown,03/28/24,Services,Opportunity,5,Lost,6,7069,30,08/05/24,
Quitzon Inc,Portugal,38.736946,-9.142685,Retail & Distribution,Medium (201-500),John Smith,02/11/24,SAAS,Opportunity,5,Lost,6,5658,60,01/26/25,
"Haley, Boyer and Prohaska",Portugal,38.736946,-9.142685,Professional Services  & Consulting,Medium (201-500),Jessica Martinez,03/11/24,Services,Opportunity,5,Lost,6,6364,20,03/10/25,
Ernser-Schulist,Italy,41.902782,12.496366,Transportation & Logistics,Medium (201-500),Laura Thompson,04/14/24,Custom solution,Opportunity,5,Lost,6,4017,10,09/29/24,
Considine Inc,Germany,52.520008,13.404954,Transportation & Logistics,Large (501-1000),Laura Thompson,04/11/24,Custom solution,Opportunity,5,Lost,6,14173,50,02/15/25,
Moen-Beer,France,48.864716,2.349014,Professional Services  & Consulting,Enterprise (1001+),Jessica Martinez,03/29/24,Services,Opportunity,5,Lost,6,4825,90,07/17/24,
"Abernathy, Ward and Boyle",Portugal,38.736946,-9.142685,IT & IT Services,Enterprise (1001+),Laura Thompson,04/17/24,Services,Opportunity,5,Lost,6,18078,40,01/02/25,
Realbridge,Austria,48.210033,16.363449,Agriculture & Mining,Small (11-200),Laura Thompson,05/17/24,Custom solution,Opportunity,5,Nurturing,3,454,50,09/21/24,
Blogtag,Portugal,38.736946,-9.142685,IT & IT Services,Small (11-200),Jessica Martinez,03/14/24,SAAS,Opportunity,5,Nurturing,3,1138,30,01/27/25,
Yacero,France,48.864716,2.349014,Banking and Finance,Small (11-200),Sarah Davis,03/19/24,Services,Opportunity,5,Nurturing,3,1648,30,06/04/24,
Viva,Italy,41.902782,12.496366,IT & IT Services,Small (11-200),David Wilson,03/30/24,SAAS,Opportunity,5,Nurturing,3,804,40,11/22/24,
Jaxworks,France,48.864716,2.349014,Construction & Engineering,Small (11-200),Laura Thompson,05/30/24,SAAS,Opportunity,5,Nurturing,3,1056,40,07/27/24,
Kwideo,Germany,52.520008,13.404954,IT & IT Services,Small (11-200),John Smith,05/10/24,Services,Opportunity,5,Nurturing,3,1440,10,06/17/24,
Geba,Italy,41.902782,12.496366,Government Administration Healthcare,Small (11-200),David Wilson,02/14/24,SAAS,Opportunity,5,Nurturing,3,1572,40,08/02/24,
Gigashots,Germany,52.520008,13.404954,Professional Services  & Consulting,Small (11-200),Michael Brown,03/20/24,SAAS,Opportunity,5,Nurturing,3,1604,50,11/14/24,
Reilly-Bahringer,Italy,41.902782,12.496366,Transportation & Logistics,Small (11-200),Laura Thompson,03/19/24,SAAS,Opportunity,5,Nurturing,3,687,20,02/21/25,
Runolfsson-Rogahn,Spain,40.416775,-3.70379,IT & IT Services,Small (11-200),Michael Brown,05/13/24,SAAS,Opportunity,5,Nurturing,3,1322,20,12/28/24,
Purdy LLC,Portugal,38.736946,-9.142685,Agriculture & Mining,Small (11-200),John Smith,03/26/24,Services,Opportunity,5,Nurturing,3,399,40,09/28/24,
"Terry, Corwin and Harris",Switzerland,46.204391,6.143158,IT & IT Services,Small (11-200),Emily Johnson,04/29/24,SAAS,Opportunity,5,Nurturing,3,904,30,05/25/24,
Stokes LLC,Portugal,38.736946,-9.142685,Banking and Finance,Small (11-200),David Wilson,04/23/24,SAAS,Opportunity,5,Nurturing,3,334,40,07/21/24,
"Graham, Bergnaum and Kreiger",Italy,41.902782,12.496366,Transportation & Logistics,Small (11-200),Laura Thompson,03/17/24,SAAS,Opportunity,5,Nurturing,3,730,70,09/04/24,
Wuckert-Yost,Belgium,51.260197,4.402771,Transportation & Logistics,Small (11-200),Laura Thompson,05/26/24,SAAS,Opportunity,5,Nurturing,3,861,30,09/27/24,
"Schoen, Rohan and Mosciski",France,48.864716,2.349014,Telecommunications,Small (11-200),Jessica Martinez,02/16/24,Custom solution,Opportunity,5,Nurturing,3,540,50,05/28/24,
Morar-Heathcote,Italy,41.902782,12.496366,Retail & Distribution,Small (11-200),Laura Thompson,01/09/24,Services,Opportunity,5,Nurturing,3,1776,40,06/12/24,
"Larkin, Doyle and Corwin",Portugal,38.736946,-9.142685,IT & IT Services,Small (11-200),Laura Thompson,05/04/24,SAAS,Opportunity,5,Nurturing,3,498,80,11/04/24,
Gerhold-Nicolas,Italy,41.902782,12.496366,Banking and Finance,Small (11-200),Sarah Davis,05/19/24,Services,Opportunity,5,Nurturing,3,1992,90,08/06/24,
"Hoeger, Kreiger and Deckow",Portugal,38.736946,-9.142685,Energy & Utilities,Small (11-200),Sarah Davis,02/11/24,SAAS,Opportunity,5,Nurturing,3,1156,40,07/27/24,
O'Reilly-Kerluke,Italy,41.902782,12.496366,Government Administration Healthcare,Small (11-200),John Smith,01/15/24,Custom solution,Opportunity,5,Nurturing,3,404,50,04/05/24,
Labadie LLC,France,48.864716,2.349014,Government Administration Healthcare,Small (11-200),Kevin Anderson,02/15/24,Services,Opportunity,5,Nurturing,3,1883,60,04/24/24,
Brown Group,Italy,41.902782,12.496366,Professional Services  & Consulting,Small (11-200),Jessica Martinez,05/03/24,Custom solution,Opportunity,5,Nurturing,3,1101,10,10/13/24,
Stoltenberg-Kuhn,Switzerland,46.204391,6.143158,Transportation & Logistics,Small (11-200),Jessica Martinez,02/02/24,Services,Opportunity,5,Nurturing,3,299,30,05/04/24,
Huels-Reichert,Belgium,51.260197,4.402771,Agriculture & Mining,Small (11-200),John Smith,05/21/24,Services,Opportunity,5,Nurturing,3,1722,40,09/04/24,
Bailey-O'Conner,Germany,52.520008,13.404954,Retail & Distribution,Small (11-200),Laura Thompson,03/01/24,Custom solution,Opportunity,5,Nurturing,3,330,30,08/29/24,
"Hudson, Spencer and Bahringer",Switzerland,46.204391,6.143158,Transportation & Logistics,Small (11-200),David Wilson,02/03/24,Custom solution,Opportunity,5,Nurturing,3,994,20,06/22/24,
"Howell, McCullough and Wuckert",Switzerland,46.204391,6.143158,Retail & Distribution,Small (11-200),David Wilson,03/30/24,Services,Opportunity,5,Nurturing,3,927,80,12/24/24,
"Crona, Bashirian and Armstrong",Germany,52.520008,13.404954,IT & IT Services,Small (11-200),Laura Thompson,05/15/24,SAAS,Opportunity,5,Nurturing,3,1155,50,03/24/25,
"Veum, Steuber and Blick",Germany,52.520008,13.404954,Education & Science,Small (11-200),Sarah Davis,02/17/24,SAAS,Opportunity,5,Nurturing,3,735,50,04/07/24,
Torp-Krajcik,Switzerland,46.204391,6.143158,Recreation & Sports,Small (11-200),Michael Brown,01/24/24,Custom solution,Opportunity,5,Nurturing,3,459,90,03/28/24,
Dach LLC,Italy,41.902782,12.496366,Government Administration Healthcare,Small (11-200),Jessica Martinez,05/13/24,SAAS,Opportunity,5,Nurturing,3,492,60,11/27/24,
Carter-Blick,Switzerland,46.204391,6.143158,Professional Services  & Consulting,Small (11-200),Laura Thompson,03/11/24,Custom solution,Opportunity,5,Nurturing,3,1115,10,08/22/24,
Klocko-Lindgren,Portugal,38.736946,-9.142685,Education & Science,Small (11-200),Emily Johnson,04/02/24,SAAS,Opportunity,5,Nurturing,3,935,30,12/31/24,
"Koepp, Bosco and Hodkiewicz",Spain,40.416775,-3.70379,Professional Services  & Consulting,Small (11-200),Laura Thompson,01/29/24,SAAS,Opportunity,5,Nurturing,3,847,30,05/05/24,
Ratke and Sons,Austria,48.210033,16.363449,Transportation & Logistics,Small (11-200),David Wilson,01/06/24,Services,Opportunity,5,Nurturing,3,1738,50,07/13/24,
"Hudson, Bergnaum and Gerlach",Italy,41.902782,12.496366,Entertainment & Media & Hospitality,Small (11-200),John Smith,01/11/24,SAAS,Opportunity,5,Nurturing,3,784,50,03/23/24,
Lynch-Gulgowski,France,48.864716,2.349014,Retail & Distribution,Small (11-200),Laura Thompson,01/02/24,Custom solution,Opportunity,5,Nurturing,3,832,20,12/25/24,
Ryan Group,Switzerland,46.204391,6.143158,Banking and Finance,Small (11-200),Laura Thompson,05/13/24,Services,Opportunity,5,Nurturing,3,327,90,03/20/25,
"Barton, Schumm and Wilderman",Netherlands,52.370216,4.895168,Banking and Finance,Small (11-200),Laura Thompson,03/03/24,Services,Opportunity,5,Nurturing,3,778,40,02/12/25,
"Williamson, Gottlieb and Kuphal",Germany,52.520008,13.404954,Banking and Finance,Small (11-200),Michael Brown,01/27/24,SAAS,Opportunity,5,Nurturing,3,934,20,05/16/24,
"Larkin, Kshlerin and Moore",France,48.864716,2.349014,Government Administration Healthcare,Small (11-200),Laura Thompson,03/10/24,SAAS,Opportunity,5,Nurturing,3,858,40,06/09/24,
Kautzer and Sons,Spain,40.416775,-3.70379,Transportation & Logistics,Small (11-200),Laura Thompson,05/14/24,SAAS,Opportunity,5,Nurturing,3,857,50,03/07/25,
"Jaskolski, Krajcik and Bergnaum",Portugal,38.736946,-9.142685,Transportation & Logistics,Small (11-200),David Wilson,04/26/24,SAAS,Opportunity,5,Nurturing,3,995,80,03/27/25,
Kutch Inc,Italy,41.902782,12.496366,Energy & Utilities,Small (11-200),John Smith,05/17/24,Services,Opportunity,5,Nurturing,3,1245,20,11/03/24,
Becker Inc,Spain,40.416775,-3.70379,Government Administration Healthcare,Small (11-200),Laura Thompson,01/07/24,Services,Opportunity,5,Nurturing,3,1970,40,11/11/24,
"Mills, Schuppe and Stracke",Germany,52.520008,13.404954,Professional Services  & Consulting,Small (11-200),Laura Thompson,03/28/24,Custom solution,Opportunity,5,Nurturing,3,1458,40,12/31/24,
McGlynn-Friesen,Italy,41.902782,12.496366,Education & Science,Small (11-200),Laura Thompson,04/04/24,Services,Opportunity,5,Nurturing,3,513,50,08/24/24,
Stoltenberg-Koepp,France,48.864716,2.349014,Banking and Finance,Small (11-200),Sarah Davis,05/23/24,SAAS,Opportunity,5,Nurturing,3,677,30,01/26/25,
"Emmerich, Schinner and McKenzie",Portugal,38.736946,-9.142685,Government Administration Healthcare,Small (11-200),Kevin Anderson,03/28/24,Custom solution,Opportunity,5,Nurturing,3,485,30,07/20/24,
"Stoltenberg, Hoppe and Funk",France,48.864716,2.349014,Education & Science,Small (11-200),Kevin Anderson,03/22/24,Services,Opportunity,5,Nurturing,3,429,20,05/22/24,
Schowalter and Sons,Belgium,51.260197,4.402771,Manufacturing & Production,Small (11-200),Jessica Martinez,01/22/24,Custom solution,Opportunity,5,Nurturing,3,1347,40,12/26/24,
Lakin-Ondricka,France,48.864716,2.349014,Transportation & Logistics,Small (11-200),Jessica Martinez,05/28/24,SAAS,Opportunity,5,Nurturing,3,1029,20,07/04/24,
"Kunde, Smitham and Hills",Portugal,38.736946,-9.142685,Retail & Distribution,Small (11-200),Laura Thompson,02/27/24,Services,Opportunity,5,Nurturing,3,1989,60,04/21/24,
Kilback-Blick,Germany,52.520008,13.404954,Recreation & Sports,Small (11-200),John Smith,03/15/24,SAAS,Opportunity,5,Nurturing,3,292,30,04/09/24,
Ledner LLC,Austria,48.210033,16.363449,Entertainment & Media & Hospitality,Small (11-200),Michael Brown,05/31/24,SAAS,Opportunity,5,Nurturing,3,1476,100,11/20/24,
Reichel and Sons,Germany,52.520008,13.404954,Banking and Finance,Small (11-200),John Smith,05/17/24,Services,Opportunity,5,Nurturing,3,384,90,12/18/24,
Mills-Donnelly,France,48.864716,2.349014,Telecommunications,Small (11-200),David Wilson,02/09/24,Custom solution,Opportunity,5,Nurturing,3,1199,10,07/13/24,
Shanahan Inc,France,48.864716,2.349014,Transportation & Logistics,Small (11-200),David Wilson,02/02/24,SAAS,Opportunity,5,Nurturing,3,1984,20,09/09/24,
West-Wyman,France,48.864716,2.349014,Construction & Engineering,Small (11-200),Laura Thompson,05/14/24,SAAS,Opportunity,5,Nurturing,3,207,20,08/22/24,
Wunsch LLC,Italy,41.902782,12.496366,Retail & Distribution,Small (11-200),John Smith,02/22/24,SAAS,Opportunity,5,Nurturing,3,691,30,11/25/24,
"Ritchie, Rutherford and Blick",Switzerland,46.204391,6.143158,Manufacturing & Production,Small (11-200),Jessica Martinez,03/26/24,Services,Opportunity,5,Nurturing,3,1155,50,04/17/24,
Ratke-Zulauf,Austria,48.210033,16.363449,Education & Science,Small (11-200),Jessica Martinez,04/26/24,SAAS,Opportunity,5,Nurturing,3,361,20,05/29/24,
Hodkiewicz-Wunsch,Germany,52.520008,13.404954,Retail & Distribution,Small (11-200),Laura Thompson,02/04/24,Custom solution,Opportunity,5,Nurturing,3,1522,20,12/06/24,
Zulauf Group,Netherlands,52.370216,4.895168,Telecommunications,Small (11-200),Jessica Martinez,04/07/24,SAAS,Opportunity,5,Nurturing,3,545,60,09/05/24,
"Powlowski, Weissnat and Pollich",Switzerland,46.204391,6.143158,Banking and Finance,Small (11-200),Laura Thompson,05/11/24,SAAS,Opportunity,5,Nurturing,3,1246,80,11/02/24,
Swift-Wolf,Portugal,38.736946,-9.142685,Agriculture & Mining,Small (11-200),Laura Thompson,01/28/24,SAAS,Opportunity,5,Nurturing,3,1123,30,04/10/24,
"Paucek, Sanford and Feil",Netherlands,52.370216,4.895168,Manufacturing & Production,Small (11-200),Michael Brown,04/20/24,SAAS,Opportunity,5,Nurturing,3,1527,60,07/21/24,
"Quigley, Volkman and Kihn",Germany,52.520008,13.404954,IT & IT Services,Small (11-200),Kevin Anderson,02/22/24,Services,Opportunity,5,Nurturing,3,974,50,12/12/24,
Kerluke and Sons,Italy,41.902782,12.496366,Government Administration Healthcare,Small (11-200),Jessica Martinez,03/26/24,Services,Opportunity,5,Nurturing,3,1840,70,06/18/24,
Carroll and Sons,Germany,52.520008,13.404954,Energy & Utilities,Small (11-200),John Smith,03/28/24,Services,Opportunity,5,Nurturing,3,1970,50,11/11/24,
"Jerde, Torphy and Hirthe",Switzerland,46.204391,6.143158,Transportation & Logistics,Small (11-200),Laura Thompson,04/12/24,Services,Opportunity,5,Nurturing,3,1803,20,06/25/24,
Hermann-Kreiger,Switzerland,46.204391,6.143158,Government Administration Healthcare,Small (11-200),Michael Brown,01/05/24,Services,Opportunity,5,Nurturing,3,1086,80,09/28/24,
Camido,Netherlands,52.370216,4.895168,Banking and Finance,Micro (1-10),Michael Brown,01/15/24,Services,Opportunity,5,Nurturing,3,904,50,04/28/24,
Eamia,Italy,41.902782,12.496366,Professional Services  & Consulting,Micro (1-10),Kevin Anderson,03/31/24,Custom solution,Opportunity,5,Nurturing,3,357,40,10/12/24,
Centimia,Italy,41.902782,12.496366,Entertainment & Media & Hospitality,Micro (1-10),David Wilson,01/22/24,Services,Opportunity,5,Nurturing,3,1158,40,06/19/24,
Browsetype,Spain,40.416775,-3.70379,Recreation & Sports,Micro (1-10),Kevin Anderson,05/01/24,Services,Opportunity,5,Nurturing,3,830,100,07/25/24,
Babbleopia,Austria,48.210033,16.363449,IT & IT Services,Micro (1-10),Laura Thompson,01/25/24,SAAS,Opportunity,5,Nurturing,3,1055,30,08/26/24,
Yakitri,Belgium,51.260197,4.402771,Government Administration Healthcare,Micro (1-10),Jessica Martinez,05/31/24,SAAS,Opportunity,5,Nurturing,3,1128,90,02/26/25,
Linkbuzz,Spain,40.416775,-3.70379,IT & IT Services,Micro (1-10),John Smith,03/14/24,SAAS,Opportunity,5,Nurturing,3,649,20,10/26/24,
Oozz,Belgium,51.260197,4.402771,Banking and Finance,Micro (1-10),Laura Thompson,02/15/24,SAAS,Opportunity,5,Nurturing,3,240,40,01/30/25,
Blogtags,Switzerland,46.204391,6.143158,Transportation & Logistics,Micro (1-10),Laura Thompson,02/15/24,Services,Opportunity,5,Nurturing,3,639,20,11/19/24,
Senger and Sons,Portugal,38.736946,-9.142685,Government Administration Healthcare,Micro (1-10),Emily Johnson,04/02/24,SAAS,Opportunity,5,Nurturing,3,895,50,11/13/24,
Windler-Gutmann,Switzerland,46.204391,6.143158,IT & IT Services,Micro (1-10),Michael Brown,04/25/24,SAAS,Opportunity,5,Nurturing,3,617,20,11/30/24,
Mueller-Conroy,Portugal,38.736946,-9.142685,Transportation & Logistics,Micro (1-10),Kevin Anderson,03/09/24,Services,Opportunity,5,Nurturing,3,805,40,08/18/24,
"Kohler, Konopelski and Runolfsdottir",Portugal,38.736946,-9.142685,Transportation & Logistics,Micro (1-10),Jessica Martinez,03/18/24,SAAS,Opportunity,5,Nurturing,3,870,10,02/06/25,
"Schuster, Beahan and Nolan",Italy,41.902782,12.496366,Entertainment & Media & Hospitality,Micro (1-10),Michael Brown,02/13/24,Custom solution,Opportunity,5,Nurturing,3,1026,90,03/08/24,
"Donnelly, Jacobi and Gutmann",Portugal,38.736946,-9.142685,Transportation & Logistics,Micro (1-10),John Smith,03/21/24,Services,Opportunity,5,Nurturing,3,1149,20,07/04/24,
Considine-Boyer,France,48.864716,2.349014,Construction & Engineering,Micro (1-10),Emily Johnson,05/20/24,SAAS,Opportunity,5,Nurturing,3,568,90,03/13/25,
Pfeffer LLC,Germany,52.520008,13.404954,Transportation & Logistics,Micro (1-10),John Smith,02/25/24,SAAS,Opportunity,5,Nurturing,3,1110,60,04/07/24,
"Nader, McClure and Reynolds",Germany,52.520008,13.404954,Transportation & Logistics,Micro (1-10),Jessica Martinez,02/10/24,SAAS,Opportunity,5,Nurturing,3,350,20,08/20/24,
Kohler-Kuhlman,France,48.864716,2.349014,Recreation & Sports,Micro (1-10),Laura Thompson,03/29/24,SAAS,Opportunity,5,Nurturing,3,551,100,12/26/24,
Krajcik-Schroeder,Portugal,38.736946,-9.142685,Education & Science,Micro (1-10),Laura Thompson,01/22/24,Services,Opportunity,5,Nurturing,3,900,30,06/10/24,
Dietrich and Sons,Spain,40.416775,-3.70379,Energy & Utilities,Micro (1-10),Laura Thompson,03/19/24,Services,Opportunity,5,Nurturing,3,885,30,12/19/24,
Stracke-Fritsch,Italy,41.902782,12.496366,Entertainment & Media & Hospitality,Micro (1-10),Laura Thompson,04/10/24,Services,Opportunity,5,Nurturing,3,585,40,01/07/25,
Berge-Mills,Italy,41.902782,12.496366,Professional Services  & Consulting,Micro (1-10),John Smith,05/13/24,SAAS,Opportunity,5,Nurturing,3,694,10,03/29/25,
Barrows and Sons,Germany,52.520008,13.404954,Professional Services  & Consulting,Micro (1-10),Emily Johnson,03/20/24,Custom solution,Opportunity,5,Nurturing,3,1061,80,02/01/25,
Rice-Bins,Austria,48.210033,16.363449,Agriculture & Mining,Micro (1-10),David Wilson,01/17/24,SAAS,Opportunity,5,Nurturing,3,664,10,03/21/24,
"Heathcote, Lemke and Abbott",Portugal,38.736946,-9.142685,Banking and Finance,Micro (1-10),Jessica Martinez,03/09/24,SAAS,Opportunity,5,Nurturing,3,990,80,03/29/24,
Borer-Leannon,Germany,52.520008,13.404954,Transportation & Logistics,Micro (1-10),Jessica Martinez,01/03/24,SAAS,Opportunity,5,Nurturing,3,1074,60,03/27/24,
"King, Lockman and Hansen",Italy,41.902782,12.496366,Transportation & Logistics,Micro (1-10),Laura Thompson,01/16/24,SAAS,Opportunity,5,Nurturing,3,496,10,06/19/24,
Funk-Stehr,Switzerland,46.204391,6.143158,Professional Services  & Consulting,Micro (1-10),Laura Thompson,04/04/24,SAAS,Opportunity,5,Nurturing,3,715,20,05/26/24,
"Dooley, Jast and Lindgren",Switzerland,46.204391,6.143158,Government Administration Healthcare,Micro (1-10),Jessica Martinez,05/18/24,Services,Opportunity,5,Nurturing,3,475,50,09/27/24,
Shanahan and Sons,France,48.864716,2.349014,Telecommunications,Micro (1-10),Laura Thompson,03/01/24,Services,Opportunity,5,Nurturing,3,530,60,02/21/25,
Heller Inc,Switzerland,46.204391,6.143158,Transportation & Logistics,Micro (1-10),Michael Brown,03/19/24,Custom solution,Opportunity,5,Nurturing,3,984,30,10/13/24,
"Treutel, Grant and Mayert",Germany,52.520008,13.404954,Education & Science,Micro (1-10),Jessica Martinez,01/25/24,Services,Opportunity,5,Nurturing,3,550,60,07/09/24,
Batz and Sons,Germany,52.520008,13.404954,Banking and Finance,Micro (1-10),Laura Thompson,05/27/24,SAAS,Opportunity,5,Nurturing,3,849,30,08/27/24,
"Bergnaum, Heidenreich and Shields",Italy,41.902782,12.496366,Recreation & Sports,Micro (1-10),John Smith,03/15/24,Services,Opportunity,5,Nurturing,3,933,60,04/18/24,
Thompson Inc,Germany,52.520008,13.404954,Professional Services  & Consulting,Micro (1-10),Emily Johnson,05/21/24,SAAS,Opportunity,5,Nurturing,3,550,50,08/15/24,
Bashirian Group,Spain,40.416775,-3.70379,Transportation & Logistics,Micro (1-10),Laura Thompson,03/18/24,Services,Opportunity,5,Nurturing,3,540,20,09/16/24,
Hamill-Funk,Austria,48.210033,16.363449,Transportation & Logistics,Micro (1-10),Laura Thompson,01/16/24,Services,Opportunity,5,Nurturing,3,537,50,04/09/24,
Senger-Kunze,Portugal,38.736946,-9.142685,Banking and Finance,Micro (1-10),Sarah Davis,03/21/24,Services,Opportunity,5,Nurturing,3,210,20,12/30/24,
"Quitzon, Lindgren and Ruecker",Austria,48.210033,16.363449,Manufacturing & Production,Micro (1-10),Jessica Martinez,03/20/24,SAAS,Opportunity,5,Nurturing,3,404,80,12/02/24,
"Maggio, Heidenreich and Wolf",France,48.864716,2.349014,Retail & Distribution,Micro (1-10),Sarah Davis,03/21/24,SAAS,Opportunity,5,Nurturing,3,894,50,07/24/24,
Bechtelar Inc,Italy,41.902782,12.496366,IT & IT Services,Micro (1-10),Laura Thompson,01/09/24,Custom solution,Opportunity,5,Nurturing,3,823,50,04/22/24,
"Wyman, Crona and Little",Netherlands,52.370216,4.895168,Telecommunications,Micro (1-10),Jessica Martinez,05/25/24,Custom solution,Opportunity,5,Nurturing,3,1159,30,08/16/24,
Lindgren-Hoeger,Portugal,38.736946,-9.142685,Government Administration Healthcare,Micro (1-10),David Wilson,01/21/24,Custom solution,Opportunity,5,Nurturing,3,903,60,06/24/24,
Thiel-Abbott,Austria,48.210033,16.363449,IT & IT Services,Micro (1-10),Laura Thompson,03/22/24,Services,Opportunity,5,Nurturing,3,365,90,05/01/24,
"Gulgowski, Schumm and Johnston",Switzerland,46.204391,6.143158,Transportation & Logistics,Micro (1-10),Laura Thompson,05/19/24,SAAS,Opportunity,5,Nurturing,3,865,30,03/23/25,
"Halvorson, O'Hara and Johnson",Belgium,51.260197,4.402771,IT & IT Services,Micro (1-10),Michael Brown,02/20/24,Custom solution,Opportunity,5,Nurturing,3,315,30,08/21/24,
Rau-Hammes,Italy,41.902782,12.496366,Banking and Finance,Micro (1-10),David Wilson,01/04/24,SAAS,Opportunity,5,Nurturing,3,747,60,07/19/24,
Denesik-Heaney,Italy,41.902782,12.496366,Education & Science,Micro (1-10),Jessica Martinez,03/10/24,Custom solution,Opportunity,5,Nurturing,3,368,50,04/11/24,
Smith-Murphy,Switzerland,46.204391,6.143158,Transportation & Logistics,Micro (1-10),Kevin Anderson,03/24/24,SAAS,Opportunity,5,Nurturing,3,1005,30,10/08/24,
"Pagac, Barrows and Keeling",Austria,48.210033,16.363449,Transportation & Logistics,Micro (1-10),Michael Brown,01/24/24,SAAS,Opportunity,5,Nurturing,3,454,100,12/19/24,
Grant-Hahn,France,48.864716,2.349014,Retail & Distribution,Micro (1-10),Emily Johnson,05/15/24,SAAS,Opportunity,5,Nurturing,3,495,40,11/15/24,
Rooxo,France,48.864716,2.349014,Banking and Finance,Medium (201-500),Michael Brown,03/31/24,Services,Opportunity,5,Nurturing,3,4935,50,01/31/25,
Kimia,Austria,48.210033,16.363449,Transportation & Logistics,Medium (201-500),Laura Thompson,05/05/24,Services,Opportunity,5,Nurturing,3,4189,80,12/24/24,
Yoveo,Belgium,51.260197,4.402771,Transportation & Logistics,Medium (201-500),Jessica Martinez,01/09/24,SAAS,Opportunity,5,Nurturing,3,2434,50,02/08/24,
Oyoba,Belgium,51.260197,4.402771,Construction & Engineering,Medium (201-500),Jessica Martinez,03/07/24,Services,Opportunity,5,Nurturing,3,4418,100,06/22/24,
Oloo,Spain,40.416775,-3.70379,Transportation & Logistics,Medium (201-500),Emily Johnson,04/17/24,Custom solution,Opportunity,5,Nurturing,3,3012,60,03/10/25,
Eadel,Belgium,51.260197,4.402771,Government Administration Healthcare,Medium (201-500),Michael Brown,03/27/24,Services,Opportunity,5,Nurturing,3,3207,10,02/09/25,
Oyondu,Portugal,38.736946,-9.142685,Transportation & Logistics,Medium (201-500),John Smith,05/09/24,Services,Opportunity,5,Nurturing,3,7583,60,01/10/25,
Realpoint,Italy,41.902782,12.496366,Banking and Finance,Medium (201-500),David Wilson,05/27/24,Services,Opportunity,5,Nurturing,3,318,80,10/12/24,
Trudeo,Germany,52.520008,13.404954,IT & IT Services,Medium (201-500),Kevin Anderson,05/01/24,Services,Opportunity,5,Nurturing,3,7472,60,12/27/24,
Realbuzz,Italy,41.902782,12.496366,Transportation & Logistics,Medium (201-500),Michael Brown,02/25/24,Custom solution,Opportunity,5,Nurturing,3,6543,40,01/28/25,
Vimbo,Germany,52.520008,13.404954,Entertainment & Media & Hospitality,Medium (201-500),Kevin Anderson,04/10/24,Custom solution,Opportunity,5,Nurturing,3,4577,20,07/27/24,
Rhynoodle,Austria,48.210033,16.363449,Government Administration Healthcare,Medium (201-500),David Wilson,03/04/24,Services,Opportunity,5,Nurturing,3,2169,70,01/31/25,
"Green, Block and Mayer",Austria,48.210033,16.363449,IT & IT Services,Medium (201-500),Kevin Anderson,05/21/24,SAAS,Opportunity,5,Nurturing,3,5718,40,08/11/24,
Morissette LLC,Belgium,51.260197,4.402771,Government Administration Healthcare,Medium (201-500),Michael Brown,05/21/24,SAAS,Opportunity,5,Nurturing,3,4346,50,07/27/24,
"Stoltenberg, Labadie and Spencer",Portugal,38.736946,-9.142685,Energy & Utilities,Medium (201-500),Laura Thompson,02/13/24,SAAS,Opportunity,5,Nurturing,3,4200,100,06/04/24,
"Ondricka, Lubowitz and O'Connell",Netherlands,52.370216,4.895168,Manufacturing & Production,Medium (201-500),Laura Thompson,01/14/24,SAAS,Opportunity,5,Nurturing,3,7387,100,11/16/24,
Dickinson and Sons,Italy,41.902782,12.496366,Banking and Finance,Medium (201-500),Laura Thompson,03/28/24,Services,Opportunity,5,Nurturing,3,3777,20,10/30/24,
Waelchi Group,France,48.864716,2.349014,Transportation & Logistics,Medium (201-500),Sarah Davis,05/16/24,Custom solution,Opportunity,5,Nurturing,3,5951,20,05/07/25,
Stanton-Mayert,Italy,41.902782,12.496366,Professional Services  & Consulting,Medium (201-500),Kevin Anderson,04/09/24,SAAS,Opportunity,5,Nurturing,3,7344,60,02/11/25,
Rath-Harvey,Netherlands,52.370216,4.895168,Energy & Utilities,Medium (201-500),John Smith,01/30/24,SAAS,Opportunity,5,Nurturing,3,732,10,06/13/24,
Zboncak-Lebsack,Switzerland,46.204391,6.143158,IT & IT Services,Medium (201-500),John Smith,01/29/24,Custom solution,Opportunity,5,Nurturing,3,3550,70,04/25/24,
"Franecki, Rath and Roob",France,48.864716,2.349014,Retail & Distribution,Medium (201-500),Jessica Martinez,04/22/24,SAAS,Opportunity,5,Nurturing,3,4610,20,04/08/25,
Koch-Harvey,Switzerland,46.204391,6.143158,Retail & Distribution,Medium (201-500),Jessica Martinez,02/28/24,SAAS,Opportunity,5,Nurturing,3,2071,70,06/08/24,
Ankunding-Pfeffer,France,48.864716,2.349014,Professional Services  & Consulting,Medium (201-500),Sarah Davis,01/02/24,Services,Opportunity,5,Nurturing,3,911,40,11/11/24,
Johnson-Funk,Portugal,38.736946,-9.142685,Agriculture & Mining,Medium (201-500),John Smith,02/04/24,SAAS,Opportunity,5,Nurturing,3,7703,40,05/27/24,
"Rodriguez, Rippin and Dooley",Italy,41.902782,12.496366,Telecommunications,Medium (201-500),David Wilson,01/31/24,Services,Opportunity,5,Nurturing,3,7134,30,11/29/24,
"Larson, Carter and Bins",Germany,52.520008,13.404954,Banking and Finance,Medium (201-500),Laura Thompson,02/20/24,Custom solution,Opportunity,5,Nurturing,3,1184,50,01/26/25,
Jenkins Group,Switzerland,46.204391,6.143158,Retail & Distribution,Medium (201-500),John Smith,03/07/24,Custom solution,Opportunity,5,Nurturing,3,767,70,06/02/24,
"Bahringer, Crist and Reynolds",Austria,48.210033,16.363449,Banking and Finance,Medium (201-500),Jessica Martinez,05/09/24,SAAS,Opportunity,5,Nurturing,3,4296,50,05/07/25,
Ledner Group,Germany,52.520008,13.404954,IT & IT Services,Medium (201-500),Michael Brown,01/29/24,Services,Opportunity,5,Nurturing,3,1395,30,06/17/24,
Bode-Schiller,Spain,40.416775,-3.70379,Telecommunications,Medium (201-500),Sarah Davis,05/29/24,Services,Opportunity,5,Nurturing,3,1440,40,10/02/24,
"Kessler, Mitchell and Torp",France,48.864716,2.349014,Entertainment & Media & Hospitality,Medium (201-500),Kevin Anderson,03/19/24,SAAS,Opportunity,5,Nurturing,3,3831,40,05/16/24,
Powlowski and Sons,Germany,52.520008,13.404954,IT & IT Services,Medium (201-500),Kevin Anderson,05/21/24,SAAS,Opportunity,5,Nurturing,3,678,40,02/19/25,
Davis Inc,Switzerland,46.204391,6.143158,Retail & Distribution,Medium (201-500),Laura Thompson,05/29/24,SAAS,Opportunity,5,Nurturing,3,535,40,07/23/24,
"Kuhic, Fadel and Herman",Switzerland,46.204391,6.143158,Transportation & Logistics,Medium (201-500),Jessica Martinez,04/27/24,SAAS,Opportunity,5,Nurturing,3,6841,40,12/05/24,
"Ward, Heathcote and Mante",Spain,40.416775,-3.70379,Manufacturing & Production,Medium (201-500),Emily Johnson,03/03/24,Custom solution,Opportunity,5,Nurturing,3,5122,40,03/25/24,
Schaefer-Stroman,Portugal,38.736946,-9.142685,Agriculture & Mining,Medium (201-500),Kevin Anderson,03/08/24,Services,Opportunity,5,Nurturing,3,3449,50,09/18/24,
"Williamson, Thiel and Ratke",Switzerland,46.204391,6.143158,Education & Science,Medium (201-500),Laura Thompson,01/10/24,Custom solution,Opportunity,5,Nurturing,3,1989,30,06/02/24,
"Grimes, Murray and Pfannerstill",France,48.864716,2.349014,IT & IT Services,Medium (201-500),Jessica Martinez,01/28/24,Services,Opportunity,5,Nurturing,3,7029,50,12/22/24,
"Bruen, Morar and McLaughlin",Germany,52.520008,13.404954,Professional Services  & Consulting,Medium (201-500),Sarah Davis,01/08/24,SAAS,Opportunity,5,Nurturing,3,431,60,07/06/24,
Sporer-Wolff,Belgium,51.260197,4.402771,Transportation & Logistics,Medium (201-500),Laura Thompson,01/08/24,Services,Opportunity,5,Nurturing,3,3731,50,07/29/24,
"Upton, Mosciski and Hane",Netherlands,52.370216,4.895168,Entertainment & Media & Hospitality,Medium (201-500),Michael Brown,05/15/24,SAAS,Opportunity,5,Nurturing,3,3030,20,06/11/24,
Schulist LLC,Germany,52.520008,13.404954,Recreation & Sports,Medium (201-500),David Wilson,04/30/24,Services,Opportunity,5,Nurturing,3,7169,20,10/06/24,
"Cummings, Green and Ritchie",Italy,41.902782,12.496366,Banking and Finance,Medium (201-500),Sarah Davis,01/05/24,Services,Opportunity,5,Nurturing,3,5386,40,06/11/24,
Raynor-Graham,Netherlands,52.370216,4.895168,Professional Services  & Consulting,Medium (201-500),Kevin Anderson,04/09/24,SAAS,Opportunity,5,Nurturing,3,1299,50,08/30/24,
"Durgan, Raynor and Leuschke",Portugal,38.736946,-9.142685,Transportation & Logistics,Medium (201-500),Laura Thompson,03/12/24,Services,Opportunity,5,Nurturing,3,534,50,02/07/25,
Rogahn-Ratke,Belgium,51.260197,4.402771,Education & Science,Medium (201-500),Michael Brown,04/01/24,SAAS,Opportunity,5,Nurturing,3,1785,20,07/06/24,
Nikolaus-Kirlin,Italy,41.902782,12.496366,Retail & Distribution,Medium (201-500),Jessica Martinez,04/22/24,SAAS,Opportunity,5,Nurturing,3,7551,20,10/16/24,
"Becker, Kris and Medhurst",Italy,41.902782,12.496366,Professional Services  & Consulting,Medium (201-500),Michael Brown,05/08/24,SAAS,Opportunity,5,Nurturing,3,5017,60,03/23/25,
Schmitt-Block,France,48.864716,2.349014,Telecommunications,Medium (201-500),David Wilson,04/30/24,SAAS,Opportunity,5,Nurturing,3,7055,70,02/19/25,
Pfeffer-Cronin,Switzerland,46.204391,6.143158,Transportation & Logistics,Medium (201-500),Sarah Davis,03/26/24,Custom solution,Opportunity,5,Nurturing,3,2713,50,02/21/25,
"Wunsch, Reilly and Blick",France,48.864716,2.349014,Telecommunications,Medium (201-500),Laura Thompson,03/22/24,Custom solution,Opportunity,5,Nurturing,3,3423,60,12/22/24,
Daniel-Murphy,Portugal,38.736946,-9.142685,Government Administration Healthcare,Medium (201-500),Jessica Martinez,05/14/24,SAAS,Opportunity,5,Nurturing,3,7899,50,08/11/24,
"Klein, Gislason and O'Reilly",Netherlands,52.370216,4.895168,Government Administration Healthcare,Medium (201-500),Laura Thompson,03/12/24,Services,Opportunity,5,Nurturing,3,5182,70,01/28/25,
"Kiehn, Frami and Lehner",Germany,52.520008,13.404954,IT & IT Services,Medium (201-500),John Smith,02/29/24,SAAS,Opportunity,5,Nurturing,3,4640,50,07/22/24,
Shields Group,Switzerland,46.204391,6.143158,Transportation & Logistics,Medium (201-500),Jessica Martinez,01/03/24,Custom solution,Opportunity,5,Nurturing,3,1778,60,11/27/24,
Metz-Heller,Italy,41.902782,12.496366,Retail & Distribution,Medium (201-500),Emily Johnson,01/13/24,Services,Opportunity,5,Nurturing,3,2485,10,09/28/24,
Kling Group,France,48.864716,2.349014,Telecommunications,Medium (201-500),David Wilson,04/04/24,Services,Opportunity,5,Nurturing,3,805,30,03/06/25,
Mann-Heathcote,Netherlands,52.370216,4.895168,Government Administration Healthcare,Medium (201-500),Laura Thompson,02/06/24,Services,Opportunity,5,Nurturing,3,4919,20,09/25/24,
Durgan-Haag,Portugal,38.736946,-9.142685,Construction & Engineering,Medium (201-500),Jessica Martinez,01/03/24,Services,Opportunity,5,Nurturing,3,1009,30,08/28/24,
Ortiz-Greenfelder,Portugal,38.736946,-9.142685,Transportation & Logistics,Medium (201-500),Laura Thompson,03/04/24,Custom solution,Opportunity,5,Nurturing,3,4587,60,05/29/24,
Labadie-Moore,France,48.864716,2.349014,IT & IT Services,Medium (201-500),Laura Thompson,01/11/24,SAAS,Opportunity,5,Nurturing,3,728,80,11/20/24,
Kertzmann Inc,Germany,52.520008,13.404954,Banking and Finance,Medium (201-500),Laura Thompson,05/13/24,SAAS,Opportunity,5,Nurturing,3,2331,40,06/29/24,
"Langosh, Bruen and Koelpin",Germany,52.520008,13.404954,Transportation & Logistics,Medium (201-500),Emily Johnson,03/24/24,Services,Opportunity,5,Nurturing,3,4073,30,10/19/24,
Olson Inc,Italy,41.902782,12.496366,Professional Services  & Consulting,Medium (201-500),Michael Brown,02/28/24,Services,Opportunity,5,Nurturing,3,5905,10,04/15/24,
McKenzie-Farrell,Germany,52.520008,13.404954,IT & IT Services,Medium (201-500),John Smith,05/06/24,SAAS,Opportunity,5,Nurturing,3,2950,100,06/20/24,
"Osinski, Blick and Morar",Portugal,38.736946,-9.142685,Government Administration Healthcare,Medium (201-500),Laura Thompson,02/28/24,SAAS,Opportunity,5,Nurturing,3,6122,10,06/04/24,
Schultz-Flatley,Italy,41.902782,12.496366,Banking and Finance,Medium (201-500),Emily Johnson,02/26/24,Services,Opportunity,5,Nurturing,3,7780,80,12/14/24,
Doyle-Haley,Belgium,51.260197,4.402771,Professional Services  & Consulting,Medium (201-500),Emily Johnson,02/21/24,SAAS,Opportunity,5,Nurturing,3,3253,40,10/25/24,
Miller Inc,Spain,40.416775,-3.70379,Telecommunications,Medium (201-500),Sarah Davis,04/06/24,Services,Opportunity,5,Nurturing,3,4301,60,02/07/25,
"Stokes, Harris and Douglas",Belgium,51.260197,4.402771,Construction & Engineering,Medium (201-500),John Smith,05/04/24,SAAS,Opportunity,5,Nurturing,3,6505,80,11/18/24,
"Schoen, Hermann and Bechtelar",Portugal,38.736946,-9.142685,IT & IT Services,Medium (201-500),John Smith,02/25/24,Custom solution,Opportunity,5,Nurturing,3,5576,10,02/14/25,
"Deckow, Runolfsdottir and Schuppe",Switzerland,46.204391,6.143158,Manufacturing & Production,Medium (201-500),Laura Thompson,04/04/24,Services,Opportunity,5,Nurturing,3,1462,60,11/02/24,
"Lehner, Larson and Roberts",Italy,41.902782,12.496366,Government Administration Healthcare,Medium (201-500),Michael Brown,02/18/24,Services,Opportunity,5,Nurturing,3,2795,70,08/01/24,
Dickinson Inc,France,48.864716,2.349014,Entertainment & Media & Hospitality,Medium (201-500),Michael Brown,03/11/24,SAAS,Opportunity,5,Nurturing,3,1713,40,04/27/24,
Cormier Group,Italy,41.902782,12.496366,Transportation & Logistics,Medium (201-500),Sarah Davis,01/23/24,Custom solution,Opportunity,5,Nurturing,3,1681,50,03/24/24,
Donnelly Inc,France,48.864716,2.349014,Banking and Finance,Medium (201-500),Emily Johnson,01/30/24,SAAS,Opportunity,5,Nurturing,3,5011,10,09/07/24,
Mante-Hermann,Italy,41.902782,12.496366,Transportation & Logistics,Medium (201-500),David Wilson,04/16/24,Custom solution,Opportunity,5,Nurturing,3,5828,20,06/28/24,
"Pollich, Simonis and Kerluke",Germany,52.520008,13.404954,Government Administration Healthcare,Medium (201-500),Jessica Martinez,01/29/24,SAAS,Opportunity,5,Nurturing,3,5159,40,01/01/25,
"Leannon, Breitenberg and Crist",Portugal,38.736946,-9.142685,Transportation & Logistics,Medium (201-500),Sarah Davis,05/29/24,Services,Opportunity,5,Nurturing,3,3808,40,07/14/24,
Mueller-Glover,Italy,41.902782,12.496366,Retail & Distribution,Medium (201-500),Jessica Martinez,05/03/24,Custom solution,Opportunity,5,Nurturing,3,4480,50,06/18/24,
"Towne, Mills and Kuhlman",Belgium,51.260197,4.402771,Government Administration Healthcare,Medium (201-500),Sarah Davis,01/26/24,SAAS,Opportunity,5,Nurturing,3,710,40,05/16/24,
Durgan Group,France,48.864716,2.349014,Transportation & Logistics,Medium (201-500),John Smith,03/08/24,Services,Opportunity,5,Nurturing,3,7963,20,05/10/24,
Wehner LLC,Italy,41.902782,12.496366,Agriculture & Mining,Medium (201-500),Michael Brown,04/12/24,SAAS,Opportunity,5,Nurturing,3,5180,70,11/23/24,
"Crooks, Corwin and Stoltenberg",Switzerland,46.204391,6.143158,Retail & Distribution,Medium (201-500),Kevin Anderson,03/26/24,SAAS,Opportunity,5,Nurturing,3,1016,20,04/26/24,
Flatley-Hansen,Portugal,38.736946,-9.142685,Telecommunications,Medium (201-500),Michael Brown,02/04/24,SAAS,Opportunity,5,Nurturing,3,3851,30,10/10/24,
"Herman, Hansen and Kerluke",France,48.864716,2.349014,Retail & Distribution,Medium (201-500),Kevin Anderson,05/13/24,SAAS,Opportunity,5,Nurturing,3,1140,90,12/25/24,
"Mraz, Murazik and Kling",Switzerland,46.204391,6.143158,Construction & Engineering,Large (501-1000),John Smith,03/23/24,Custom solution,Opportunity,5,Nurturing,3,14552,60,08/22/24,
"Balistreri, Roberts and Gottlieb",Portugal,38.736946,-9.142685,IT & IT Services,Large (501-1000),Jessica Martinez,02/12/24,SAAS,Opportunity,5,Nurturing,3,5806,10,04/08/24,
"Armstrong, Schaefer and Upton",France,48.864716,2.349014,Telecommunications,Large (501-1000),Jessica Martinez,03/12/24,SAAS,Opportunity,5,Nurturing,3,8727,100,11/19/24,
Ryan LLC,Switzerland,46.204391,6.143158,Professional Services  & Consulting,Large (501-1000),David Wilson,04/02/24,Services,Opportunity,5,Nurturing,3,9186,60,10/21/24,
Bode-Kautzer,France,48.864716,2.349014,Transportation & Logistics,Large (501-1000),Kevin Anderson,02/27/24,SAAS,Opportunity,5,Nurturing,3,9819,50,07/16/24,
"Bauch, Hamill and Johns",Switzerland,46.204391,6.143158,Construction & Engineering,Large (501-1000),Laura Thompson,02/06/24,SAAS,Opportunity,5,Nurturing,3,16771,40,03/30/24,
Schultz Group,Switzerland,46.204391,6.143158,Transportation & Logistics,Enterprise (1001+),David Wilson,03/28/24,Custom solution,Opportunity,5,Nurturing,3,19226,20,06/22/24,
Robel and Sons,Germany,52.520008,13.404954,Manufacturing & Production,Enterprise (1001+),Jessica Martinez,02/24/24,Services,Opportunity,5,Nurturing,3,3087,40,11/13/24,
Flipbug,Spain,40.416775,-3.70379,IT & IT Services,Small (11-200),Michael Brown,05/11/24,SAAS,Opportunity,5,Opened,1,391,100,04/05/25,
Hane-Heller,Germany,52.520008,13.404954,IT & IT Services,Small (11-200),Jessica Martinez,01/16/24,Services,Opportunity,5,Opened,1,314,10,06/05/24,
"Fisher, Jones and Cummerata",Italy,41.902782,12.496366,Transportation & Logistics,Small (11-200),David Wilson,04/17/24,Services,Opportunity,5,Opened,1,1628,30,03/09/25,
Orn and Sons,Italy,41.902782,12.496366,Energy & Utilities,Small (11-200),Laura Thompson,05/06/24,SAAS,Opportunity,5,Opened,1,1546,60,04/22/25,
O'Connell Inc,Netherlands,52.370216,4.895168,Retail & Distribution,Small (11-200),Kevin Anderson,03/11/24,SAAS,Opportunity,5,Opened,1,1925,50,03/03/25,
Ferry Inc,Switzerland,46.204391,6.143158,Transportation & Logistics,Small (11-200),Kevin Anderson,05/21/24,SAAS,Opportunity,5,Opened,1,469,50,03/09/25,
Dibbert-Fahey,Portugal,38.736946,-9.142685,Banking and Finance,Small (11-200),Laura Thompson,03/30/24,SAAS,Opportunity,5,Opened,1,234,40,10/02/24,
Sipes-Kautzer,France,48.864716,2.349014,Energy & Utilities,Small (11-200),Michael Brown,04/06/24,Services,Opportunity,5,Opened,1,1890,100,11/29/24,
Harris-Yost,Belgium,51.260197,4.402771,Entertainment & Media & Hospitality,Small (11-200),Laura Thompson,04/07/24,Services,Opportunity,5,Opened,1,536,20,07/21/24,
Schinner-Daugherty,Belgium,51.260197,4.402771,Banking and Finance,Small (11-200),Jessica Martinez,05/23/24,SAAS,Opportunity,5,Opened,1,1982,30,09/19/24,
"Barrows, Kihn and Bergnaum",Italy,41.902782,12.496366,Banking and Finance,Small (11-200),Jessica Martinez,05/27/24,SAAS,Opportunity,5,Opened,1,769,60,10/23/24,
"Schultz, Lind and Jenkins",Switzerland,46.204391,6.143158,Banking and Finance,Small (11-200),David Wilson,03/16/24,Services,Opportunity,5,Opened,1,1700,20,01/10/25,
Kohler-Boyle,Austria,48.210033,16.363449,Agriculture & Mining,Small (11-200),Laura Thompson,02/11/24,Services,Opportunity,5,Opened,1,1573,30,11/17/24,
Kirlin-Wilderman,Netherlands,52.370216,4.895168,Manufacturing & Production,Small (11-200),Sarah Davis,03/01/24,Custom solution,Opportunity,5,Opened,1,1399,30,11/04/24,
O'Hara-Kihn,Italy,41.902782,12.496366,Education & Science,Small (11-200),Michael Brown,01/24/24,SAAS,Opportunity,5,Opened,1,1567,70,06/08/24,
"Hirthe, Runolfsson and Farrell",Switzerland,46.204391,6.143158,Education & Science,Small (11-200),Jessica Martinez,01/13/24,SAAS,Opportunity,5,Opened,1,1456,20,11/10/24,
"Towne, Mohr and Emard",Italy,41.902782,12.496366,IT & IT Services,Small (11-200),Jessica Martinez,04/28/24,SAAS,Opportunity,5,Opened,1,1134,40,10/02/24,
Wilkinson Inc,Switzerland,46.204391,6.143158,Banking and Finance,Small (11-200),John Smith,01/14/24,SAAS,Opportunity,5,Opened,1,1418,100,11/13/24,
"Goldner, Stracke and Ryan",Austria,48.210033,16.363449,Recreation & Sports,Small (11-200),Laura Thompson,01/22/24,Services,Opportunity,5,Opened,1,1994,70,09/22/24,
"Olson, Runte and Ferry",Austria,48.210033,16.363449,Professional Services  & Consulting,Small (11-200),Sarah Davis,03/10/24,SAAS,Opportunity,5,Opened,1,597,40,04/05/24,
Pacocha-O'Hara,Germany,52.520008,13.404954,Professional Services  & Consulting,Small (11-200),Jessica Martinez,05/01/24,Services,Opportunity,5,Opened,1,1332,90,11/03/24,
"Spinka, Parisian and Daniel",Germany,52.520008,13.404954,IT & IT Services,Small (11-200),Laura Thompson,04/11/24,Custom solution,Opportunity,5,Opened,1,1600,40,09/09/24,
"Bergstrom, Dibbert and Witting",Germany,52.520008,13.404954,Energy & Utilities,Small (11-200),Kevin Anderson,04/03/24,Services,Opportunity,5,Opened,1,462,90,04/01/25,
Bergstrom-Farrell,Germany,52.520008,13.404954,Transportation & Logistics,Small (11-200),Laura Thompson,01/13/24,SAAS,Opportunity,5,Opened,1,404,40,02/14/24,
Kayveo,Portugal,38.736946,-9.142685,Telecommunications,Micro (1-10),Jessica Martinez,04/30/24,Custom solution,Opportunity,5,Opened,1,1000,20,05/23/24,
Ziemann-Labadie,Belgium,51.260197,4.402771,Construction & Engineering,Micro (1-10),John Smith,04/01/24,Custom solution,Opportunity,5,Opened,1,1153,10,12/24/24,
VonRueden-Mosciski,Germany,52.520008,13.404954,Professional Services  & Consulting,Micro (1-10),Jessica Martinez,05/01/24,Services,Opportunity,5,Opened,1,207,10,02/12/25,
"Roberts, Schaefer and Ortiz",Belgium,51.260197,4.402771,Transportation & Logistics,Micro (1-10),Emily Johnson,04/09/24,Services,Opportunity,5,Opened,1,389,50,06/04/24,
"Hane, Harber and McClure",Italy,41.902782,12.496366,Banking and Finance,Micro (1-10),Sarah Davis,05/08/24,SAAS,Opportunity,5,Opened,1,893,30,12/23/24,
"Haag, Ziemann and Greenfelder",Italy,41.902782,12.496366,Entertainment & Media & Hospitality,Micro (1-10),John Smith,02/07/24,SAAS,Opportunity,5,Opened,1,1147,30,08/24/24,
Senger-Quigley,Belgium,51.260197,4.402771,Recreation & Sports,Micro (1-10),Jessica Martinez,04/12/24,SAAS,Opportunity,5,Opened,1,1042,60,11/06/24,
Carroll-Fahey,Netherlands,52.370216,4.895168,Retail & Distribution,Micro (1-10),Jessica Martinez,01/31/24,SAAS,Opportunity,5,Opened,1,1021,30,10/23/24,
Schneider Group,Spain,40.416775,-3.70379,Banking and Finance,Micro (1-10),Michael Brown,04/10/24,SAAS,Opportunity,5,Opened,1,729,100,11/15/24,
"Mertz, Hodkiewicz and Howell",Italy,41.902782,12.496366,Retail & Distribution,Micro (1-10),Jessica Martinez,03/07/24,Services,Opportunity,5,Opened,1,271,20,07/01/24,
Cartwright and Sons,Switzerland,46.204391,6.143158,Professional Services  & Consulting,Micro (1-10),Jessica Martinez,01/11/24,SAAS,Opportunity,5,Opened,1,386,40,05/02/24,
"Sauer, Kozey and Mohr",Austria,48.210033,16.363449,Education & Science,Micro (1-10),Laura Thompson,01/28/24,SAAS,Opportunity,5,Opened,1,746,30,07/25/24,
Yundt-Denesik,Austria,48.210033,16.363449,Professional Services  & Consulting,Micro (1-10),Michael Brown,01/05/24,Custom solution,Opportunity,5,Opened,1,1083,20,07/08/24,
"Graham, Moen and Mosciski",Italy,41.902782,12.496366,Retail & Distribution,Micro (1-10),Jessica Martinez,04/06/24,Services,Opportunity,5,Opened,1,717,50,08/11/24,
Adams Inc,France,48.864716,2.349014,IT & IT Services,Micro (1-10),Michael Brown,04/12/24,SAAS,Opportunity,5,Opened,1,385,60,01/13/25,
"Tillman, Kessler and Bechtelar",Portugal,38.736946,-9.142685,Manufacturing & Production,Micro (1-10),Laura Thompson,01/13/24,SAAS,Opportunity,5,Opened,1,532,100,05/07/24,
King-Weissnat,Italy,41.902782,12.496366,IT & IT Services,Micro (1-10),Jessica Martinez,03/10/24,Custom solution,Opportunity,5,Opened,1,615,60,12/03/24,
Bluezoom,Portugal,38.736946,-9.142685,Recreation & Sports,Medium (201-500),David Wilson,03/21/24,Custom solution,Opportunity,5,Opened,1,1042,60,12/20/24,
Thoughtworks,Switzerland,46.204391,6.143158,Construction & Engineering,Medium (201-500),Michael Brown,02/09/24,Custom solution,Opportunity,5,Opened,1,7375,30,01/19/25,
Skipstorm,Germany,52.520008,13.404954,Energy & Utilities,Medium (201-500),Michael Brown,03/25/24,Services,Opportunity,5,Opened,1,2976,30,06/01/24,
Snaptags,Belgium,51.260197,4.402771,Banking and Finance,Medium (201-500),Kevin Anderson,01/04/24,Services,Opportunity,5,Opened,1,1111,20,08/28/24,
Photofeed,Spain,40.416775,-3.70379,Construction & Engineering,Medium (201-500),Laura Thompson,05/11/24,SAAS,Opportunity,5,Opened,1,1978,20,10/28/24,
Larkin-Glover,Italy,41.902782,12.496366,Transportation & Logistics,Medium (201-500),Laura Thompson,04/12/24,SAAS,Opportunity,5,Opened,1,2355,20,09/26/24,
Conroy-Keeling,Netherlands,52.370216,4.895168,Government Administration Healthcare,Medium (201-500),Sarah Davis,03/31/24,Services,Opportunity,5,Opened,1,1935,20,11/01/24,
Ratke-Abshire,France,48.864716,2.349014,Banking and Finance,Medium (201-500),Emily Johnson,04/09/24,SAAS,Opportunity,5,Opened,1,837,80,03/04/25,
Quigley and Sons,Germany,52.520008,13.404954,Transportation & Logistics,Medium (201-500),Laura Thompson,03/18/24,SAAS,Opportunity,5,Opened,1,1774,50,05/08/24,
O'Keefe and Sons,France,48.864716,2.349014,Transportation & Logistics,Medium (201-500),Laura Thompson,02/25/24,SAAS,Opportunity,5,Opened,1,1964,60,02/20/25,
"Rogahn, Nolan and Bernhard",Italy,41.902782,12.496366,Transportation & Logistics,Medium (201-500),Kevin Anderson,05/15/24,Services,Opportunity,5,Opened,1,3157,100,10/15/24,
"Braun, Swaniawski and Harris",Italy,41.902782,12.496366,Transportation & Logistics,Medium (201-500),John Smith,04/18/24,Custom solution,Opportunity,5,Opened,1,6618,10,01/31/25,
Cartwright-Hodkiewicz,Belgium,51.260197,4.402771,Banking and Finance,Medium (201-500),Laura Thompson,03/23/24,Services,Opportunity,5,Opened,1,7091,50,09/05/24,
Goyette Inc,Belgium,51.260197,4.402771,Manufacturing & Production,Medium (201-500),Kevin Anderson,02/29/24,SAAS,Opportunity,5,Opened,1,1898,40,02/08/25,
"Halvorson, Walker and White",Portugal,38.736946,-9.142685,Entertainment & Media & Hospitality,Medium (201-500),Michael Brown,03/05/24,Custom solution,Opportunity,5,Opened,1,3098,20,05/20/24,
McGlynn-Watsica,Portugal,38.736946,-9.142685,Construction & Engineering,Medium (201-500),John Smith,03/02/24,SAAS,Opportunity,5,Opened,1,2741,30,12/05/24,
Kertzmann Group,Italy,41.902782,12.496366,Transportation & Logistics,Medium (201-500),Michael Brown,01/14/24,Custom solution,Opportunity,5,Opened,1,4042,30,11/19/24,
"Kirlin, Bruen and Legros",Netherlands,52.370216,4.895168,Transportation & Logistics,Medium (201-500),Jessica Martinez,02/25/24,Services,Opportunity,5,Opened,1,3123,40,07/30/24,
Okuneva-Gislason,France,48.864716,2.349014,Banking and Finance,Medium (201-500),Kevin Anderson,04/14/24,Services,Opportunity,5,Opened,1,5056,80,05/04/24,
"Stanton, Mayer and Sauer",Germany,52.520008,13.404954,Transportation & Logistics,Medium (201-500),Jessica Martinez,05/18/24,SAAS,Opportunity,5,Opened,1,1422,30,06/30/24,
Pagac-Farrell,Spain,40.416775,-3.70379,Agriculture & Mining,Medium (201-500),Kevin Anderson,05/10/24,Services,Opportunity,5,Opened,1,1671,100,10/02/24,
"Trantow, O'Keefe and Hyatt",France,48.864716,2.349014,Education & Science,Large (501-1000),Laura Thompson,05/21/24,SAAS,Opportunity,5,Opened,1,13700,50,01/20/25,
Thiel LLC,France,48.864716,2.349014,Professional Services  & Consulting,Enterprise (1001+),Kevin Anderson,02/10/24,SAAS,Opportunity,5,Opened,1,13263,50,01/01/25,
Corkery-Little,Belgium,51.260197,4.402771,Telecommunications,Enterprise (1001+),Sarah Davis,01/07/24,SAAS,Opportunity,5,Opened,1,5197,40,06/08/24,
Youopia,France,48.864716,2.349014,Professional Services  & Consulting,Small (11-200),John Smith,02/14/24,Services,Opportunity,5,Proposal sent,4,1527,40,03/07/24,
Wikizz,Spain,40.416775,-3.70379,Manufacturing & Production,Small (11-200),Kevin Anderson,03/29/24,Services,Opportunity,5,Proposal sent,4,720,100,07/24/24,
Feednation,France,48.864716,2.349014,Transportation & Logistics,Small (11-200),Emily Johnson,02/19/24,Custom solution,Opportunity,5,Proposal sent,4,1310,20,01/13/25,
Fiveclub,Netherlands,52.370216,4.895168,Entertainment & Media & Hospitality,Small (11-200),Jessica Martinez,03/14/24,Custom solution,Opportunity,5,Proposal sent,4,1605,40,01/29/25,
Cassin-Schmeler,France,48.864716,2.349014,Banking and Finance,Small (11-200),Emily Johnson,03/09/24,Services,Opportunity,5,Proposal sent,4,838,100,12/26/24,
"Murazik, Konopelski and McLaughlin",Germany,52.520008,13.404954,Professional Services  & Consulting,Small (11-200),Michael Brown,03/09/24,Services,Opportunity,5,Proposal sent,4,708,40,01/18/25,
"Dibbert, Jacobi and Rippin",Switzerland,46.204391,6.143158,Entertainment & Media & Hospitality,Small (11-200),Michael Brown,01/03/24,Services,Opportunity,5,Proposal sent,4,1391,60,07/08/24,
"Wilderman, Nicolas and Sanford",Germany,52.520008,13.404954,Professional Services  & Consulting,Small (11-200),Jessica Martinez,04/23/24,SAAS,Opportunity,5,Proposal sent,4,826,60,07/23/24,
"Maggio, Sanford and Rodriguez",Netherlands,52.370216,4.895168,Education & Science,Small (11-200),Jessica Martinez,01/16/24,SAAS,Opportunity,5,Proposal sent,4,1174,40,06/16/24,
"Feil, O'Keefe and Skiles",Spain,40.416775,-3.70379,Energy & Utilities,Small (11-200),Laura Thompson,03/05/24,Services,Opportunity,5,Proposal sent,4,1245,20,11/06/24,
Kutch-Weimann,Austria,48.210033,16.363449,Banking and Finance,Small (11-200),Michael Brown,02/02/24,SAAS,Opportunity,5,Proposal sent,4,1215,30,07/16/24,
"Braun, Stroman and Terry",Switzerland,46.204391,6.143158,Banking and Finance,Small (11-200),Laura Thompson,03/19/24,Custom solution,Opportunity,5,Proposal sent,4,1203,40,12/04/24,
Farrell Inc,Spain,40.416775,-3.70379,Manufacturing & Production,Small (11-200),Laura Thompson,02/10/24,Custom solution,Opportunity,5,Proposal sent,4,1325,50,03/04/24,
"Stark, Lueilwitz and Boyle",Switzerland,46.204391,6.143158,IT & IT Services,Small (11-200),Laura Thompson,04/27/24,SAAS,Opportunity,5,Proposal sent,4,1856,20,04/14/25,
Wilderman-Kunze,Italy,41.902782,12.496366,Transportation & Logistics,Small (11-200),Jessica Martinez,03/16/24,Custom solution,Opportunity,5,Proposal sent,4,663,50,10/20/24,
Rowe-Volkman,Netherlands,52.370216,4.895168,IT & IT Services,Small (11-200),Jessica Martinez,02/29/24,SAAS,Opportunity,5,Proposal sent,4,1589,30,10/25/24,
Towne-Mayer,Portugal,38.736946,-9.142685,Agriculture & Mining,Small (11-200),Jessica Martinez,03/14/24,Services,Opportunity,5,Proposal sent,4,1153,20,02/15/25,
"Franecki, Torphy and Hayes",Portugal,38.736946,-9.142685,Recreation & Sports,Small (11-200),Jessica Martinez,03/13/24,SAAS,Opportunity,5,Proposal sent,4,1084,50,11/13/24,
O'Conner-Gibson,Italy,41.902782,12.496366,Transportation & Logistics,Small (11-200),Michael Brown,02/23/24,SAAS,Opportunity,5,Proposal sent,4,541,80,05/04/24,
Adams-Casper,France,48.864716,2.349014,Transportation & Logistics,Small (11-200),Jessica Martinez,02/27/24,SAAS,Opportunity,5,Proposal sent,4,694,40,12/26/24,
Crist LLC,Austria,48.210033,16.363449,Professional Services  & Consulting,Small (11-200),Laura Thompson,03/06/24,SAAS,Opportunity,5,Proposal sent,4,416,20,11/04/24,
Schmeler-Bayer,Austria,48.210033,16.363449,Construction & Engineering,Small (11-200),Michael Brown,01/20/24,SAAS,Opportunity,5,Proposal sent,4,1693,10,09/28/24,
Ferry-Weber,Netherlands,52.370216,4.895168,Banking and Finance,Small (11-200),Laura Thompson,05/06/24,Services,Opportunity,5,Proposal sent,4,1516,20,07/14/24,
Weber Group,Switzerland,46.204391,6.143158,Banking and Finance,Small (11-200),Laura Thompson,05/21/24,SAAS,Opportunity,5,Proposal sent,4,1172,60,04/24/25,
McKenzie Inc,Portugal,38.736946,-9.142685,Entertainment & Media & Hospitality,Small (11-200),Jessica Martinez,03/23/24,Services,Opportunity,5,Proposal sent,4,1829,30,04/26/24,
Hermiston Inc,Germany,52.520008,13.404954,Telecommunications,Small (11-200),Jessica Martinez,02/19/24,SAAS,Opportunity,5,Proposal sent,4,785,30,06/14/24,
Jones Group,Italy,41.902782,12.496366,IT & IT Services,Small (11-200),Michael Brown,03/23/24,SAAS,Opportunity,5,Proposal sent,4,1699,30,03/07/25,
"Bernhard, Stokes and Carroll",Portugal,38.736946,-9.142685,Agriculture & Mining,Small (11-200),David Wilson,02/01/24,SAAS,Opportunity,5,Proposal sent,4,697,70,03/29/24,
O'Connell-Deckow,Switzerland,46.204391,6.143158,Manufacturing & Production,Small (11-200),Laura Thompson,03/24/24,Custom solution,Opportunity,5,Proposal sent,4,1971,40,08/20/24,
Monahan-Turner,Netherlands,52.370216,4.895168,Professional Services  & Consulting,Small (11-200),David Wilson,05/12/24,SAAS,Opportunity,5,Proposal sent,4,1835,30,02/02/25,
"Oberbrunner, Hintz and Frami",Portugal,38.736946,-9.142685,Recreation & Sports,Small (11-200),Laura Thompson,01/19/24,Custom solution,Opportunity,5,Proposal sent,4,402,10,06/19/24,
"Rogahn, Rice and Christiansen",Italy,41.902782,12.496366,Banking and Finance,Small (11-200),Emily Johnson,02/22/24,SAAS,Opportunity,5,Proposal sent,4,280,30,07/18/24,
"Carter, Bayer and Okuneva",Austria,48.210033,16.363449,Transportation & Logistics,Small (11-200),Emily Johnson,04/16/24,SAAS,Opportunity,5,Proposal sent,4,1312,40,04/16/25,
King-Simonis,Italy,41.902782,12.496366,Construction & Engineering,Small (11-200),Kevin Anderson,05/05/24,Custom solution,Opportunity,5,Proposal sent,4,1424,30,01/22/25,
Quitzon-Ruecker,Switzerland,46.204391,6.143158,Agriculture & Mining,Small (11-200),Jessica Martinez,02/07/24,Services,Opportunity,5,Proposal sent,4,801,50,01/10/25,
Turner-Leuschke,France,48.864716,2.349014,Telecommunications,Small (11-200),Laura Thompson,05/09/24,SAAS,Opportunity,5,Proposal sent,4,287,60,01/16/25,
Jazzy,Italy,41.902782,12.496366,Entertainment & Media & Hospitality,Micro (1-10),Laura Thompson,01/13/24,SAAS,Opportunity,5,Proposal sent,4,726,90,12/13/24,
Trudoo,Italy,41.902782,12.496366,Professional Services  & Consulting,Micro (1-10),Kevin Anderson,01/19/24,Services,Opportunity,5,Proposal sent,4,648,60,09/15/24,
Devify,Portugal,38.736946,-9.142685,Retail & Distribution,Micro (1-10),Michael Brown,04/29/24,Custom solution,Opportunity,5,Proposal sent,4,379,20,02/03/25,
Zooveo,Germany,52.520008,13.404954,Banking and Finance,Micro (1-10),Laura Thompson,04/16/24,Services,Opportunity,5,Proposal sent,4,428,50,11/20/24,
Yamia,Netherlands,52.370216,4.895168,IT & IT Services,Micro (1-10),Michael Brown,04/17/24,SAAS,Opportunity,5,Proposal sent,4,238,10,01/29/25,
Buzzdog,Belgium,51.260197,4.402771,Energy & Utilities,Micro (1-10),Jessica Martinez,03/17/24,Services,Opportunity,5,Proposal sent,4,396,30,10/03/24,
"Stamm, Weissnat and Collier",France,48.864716,2.349014,Professional Services  & Consulting,Micro (1-10),John Smith,04/21/24,SAAS,Opportunity,5,Proposal sent,4,559,90,05/13/24,
"Barton, Hodkiewicz and Hickle",Italy,41.902782,12.496366,Recreation & Sports,Micro (1-10),Michael Brown,04/13/24,SAAS,Opportunity,5,Proposal sent,4,845,40,11/01/24,
"Jones, Stark and MacGyver",Portugal,38.736946,-9.142685,Recreation & Sports,Micro (1-10),Laura Thompson,02/29/24,Services,Opportunity,5,Proposal sent,4,776,40,09/01/24,
Walsh and Sons,France,48.864716,2.349014,Transportation & Logistics,Micro (1-10),Emily Johnson,04/27/24,SAAS,Opportunity,5,Proposal sent,4,1100,40,10/11/24,
"Kulas, Cummings and Bechtelar",Netherlands,52.370216,4.895168,Transportation & Logistics,Micro (1-10),Michael Brown,03/06/24,Services,Opportunity,5,Proposal sent,4,398,10,05/19/24,
Hessel-McClure,Germany,52.520008,13.404954,Professional Services  & Consulting,Micro (1-10),Jessica Martinez,01/15/24,Services,Opportunity,5,Proposal sent,4,779,40,03/11/24,
Pagac and Sons,Netherlands,52.370216,4.895168,Government Administration Healthcare,Micro (1-10),Jessica Martinez,03/13/24,Services,Opportunity,5,Proposal sent,4,742,60,07/13/24,
"White, Murazik and Larkin",Italy,41.902782,12.496366,IT & IT Services,Micro (1-10),Laura Thompson,04/03/24,SAAS,Opportunity,5,Proposal sent,4,396,60,11/25/24,
Pfeffer-Prohaska,Italy,41.902782,12.496366,Telecommunications,Micro (1-10),Kevin Anderson,04/06/24,SAAS,Opportunity,5,Proposal sent,4,1128,60,03/17/25,
"Hyatt, Hudson and Predovic",Germany,52.520008,13.404954,Transportation & Logistics,Micro (1-10),Kevin Anderson,01/25/24,Services,Opportunity,5,Proposal sent,4,525,20,05/13/24,
"Maggio, Bartoletti and Hoppe",France,48.864716,2.349014,Professional Services  & Consulting,Micro (1-10),Laura Thompson,02/18/24,SAAS,Opportunity,5,Proposal sent,4,1157,100,09/05/24,
"Schimmel, Denesik and Schmeler",Germany,52.520008,13.404954,Agriculture & Mining,Micro (1-10),Michael Brown,05/06/24,Services,Opportunity,5,Proposal sent,4,1102,50,07/05/24,
Schmitt-Bradtke,Portugal,38.736946,-9.142685,Transportation & Logistics,Micro (1-10),Emily Johnson,05/05/24,SAAS,Opportunity,5,Proposal sent,4,1057,20,08/08/24,
"Wilkinson, Balistreri and Beier",Italy,41.902782,12.496366,Transportation & Logistics,Micro (1-10),Sarah Davis,04/23/24,SAAS,Opportunity,5,Proposal sent,4,595,60,03/17/25,
Leannon-Romaguera,Portugal,38.736946,-9.142685,Education & Science,Micro (1-10),Michael Brown,04/24/24,SAAS,Opportunity,5,Proposal sent,4,690,10,09/14/24,
"Jakubowski, Effertz and Lemke",Italy,41.902782,12.496366,IT & IT Services,Micro (1-10),John Smith,05/05/24,SAAS,Opportunity,5,Proposal sent,4,1133,20,01/24/25,
"Hirthe, Fisher and Dooley",Germany,52.520008,13.404954,Education & Science,Micro (1-10),Laura Thompson,01/30/24,Custom solution,Opportunity,5,Proposal sent,4,507,40,12/20/24,
Tremblay Inc,Italy,41.902782,12.496366,Energy & Utilities,Micro (1-10),Laura Thompson,05/14/24,SAAS,Opportunity,5,Proposal sent,4,1059,100,03/31/25,
"Mertz, Adams and Bradtke",Belgium,51.260197,4.402771,IT & IT Services,Micro (1-10),Michael Brown,02/19/24,Services,Opportunity,5,Proposal sent,4,288,30,12/12/24,
Hermiston LLC,Netherlands,52.370216,4.895168,Government Administration Healthcare,Micro (1-10),Laura Thompson,05/12/24,Services,Opportunity,5,Proposal sent,4,595,60,09/08/24,
Mayer Group,Netherlands,52.370216,4.895168,Government Administration Healthcare,Micro (1-10),Sarah Davis,05/31/24,Custom solution,Opportunity,5,Proposal sent,4,335,40,02/08/25,
Wolf-Deckow,Italy,41.902782,12.496366,Telecommunications,Micro (1-10),Sarah Davis,05/02/24,Services,Opportunity,5,Proposal sent,4,314,80,08/19/24,
"Franecki, Grant and Prosacco",France,48.864716,2.349014,Transportation & Logistics,Micro (1-10),Laura Thompson,01/22/24,SAAS,Opportunity,5,Proposal sent,4,1031,30,03/27/24,
Batz-Russel,Netherlands,52.370216,4.895168,IT & IT Services,Micro (1-10),Laura Thompson,03/12/24,Services,Opportunity,5,Proposal sent,4,219,40,08/05/24,
Russel-Stiedemann,Austria,48.210033,16.363449,Transportation & Logistics,Micro (1-10),Kevin Anderson,02/24/24,Services,Opportunity,5,Proposal sent,4,878,40,02/15/25,
"Zemlak, O'Reilly and Schowalter",Italy,41.902782,12.496366,Banking and Finance,Micro (1-10),Laura Thompson,04/10/24,SAAS,Opportunity,5,Proposal sent,4,646,40,10/01/24,
Douglas-Wiza,France,48.864716,2.349014,Retail & Distribution,Micro (1-10),Michael Brown,04/05/24,SAAS,Opportunity,5,Proposal sent,4,1132,50,12/10/24,
"Heidenreich, Murazik and Walsh",Netherlands,52.370216,4.895168,Transportation & Logistics,Micro (1-10),Sarah Davis,02/22/24,Services,Opportunity,5,Proposal sent,4,970,20,08/22/24,
"Konopelski, McDermott and Wunsch",Portugal,38.736946,-9.142685,Transportation & Logistics,Micro (1-10),Michael Brown,05/25/24,Services,Opportunity,5,Proposal sent,4,721,90,08/16/24,
"Greenholt, Kirlin and Torphy",Portugal,38.736946,-9.142685,IT & IT Services,Micro (1-10),Laura Thompson,02/22/24,SAAS,Opportunity,5,Proposal sent,4,788,100,06/13/24,
Skipfire,Spain,40.416775,-3.70379,Transportation & Logistics,Medium (201-500),Kevin Anderson,05/30/24,Services,Opportunity,5,Proposal sent,4,7039,50,07/07/24,
Buzzshare,Germany,52.520008,13.404954,Telecommunications,Medium (201-500),Laura Thompson,05/08/24,Services,Opportunity,5,Proposal sent,4,771,30,02/03/25,
Photobean,Germany,52.520008,13.404954,Agriculture & Mining,Medium (201-500),Sarah Davis,04/04/24,Services,Opportunity,5,Proposal sent,4,5565,30,10/12/24,
Agimba,Austria,48.210033,16.363449,Manufacturing & Production,Medium (201-500),Kevin Anderson,01/09/24,Custom solution,Opportunity,5,Proposal sent,4,5451,90,04/27/24,
Twitterbridge,France,48.864716,2.349014,Energy & Utilities,Medium (201-500),Emily Johnson,02/03/24,Custom solution,Opportunity,5,Proposal sent,4,1667,30,04/19/24,
Quamba,Spain,40.416775,-3.70379,Government Administration Healthcare,Medium (201-500),David Wilson,03/23/24,Custom solution,Opportunity,5,Proposal sent,4,2685,60,08/07/24,
Topiclounge,Italy,41.902782,12.496366,Banking and Finance,Medium (201-500),Michael Brown,02/08/24,Services,Opportunity,5,Proposal sent,4,6080,100,05/10/24,
Meezzy,Spain,40.416775,-3.70379,Manufacturing & Production,Medium (201-500),Laura Thompson,04/12/24,SAAS,Opportunity,5,Proposal sent,4,1099,60,11/28/24,
"Nicolas, Champlin and Dietrich",Switzerland,46.204391,6.143158,Education & Science,Medium (201-500),Jessica Martinez,01/27/24,SAAS,Opportunity,5,Proposal sent,4,7919,30,04/14/24,
"Shanahan, Gislason and Vandervort",Italy,41.902782,12.496366,Professional Services  & Consulting,Medium (201-500),Laura Thompson,05/26/24,Services,Opportunity,5,Proposal sent,4,5268,90,05/10/25,
"Bogan, Weimann and Rath",Italy,41.902782,12.496366,IT & IT Services,Medium (201-500),Laura Thompson,02/17/24,Custom solution,Opportunity,5,Proposal sent,4,5597,50,05/05/24,
"Kemmer, O'Hara and DuBuque",Portugal,38.736946,-9.142685,Entertainment & Media & Hospitality,Medium (201-500),David Wilson,03/15/24,SAAS,Opportunity,5,Proposal sent,4,6927,20,11/28/24,
Kerluke-McKenzie,Austria,48.210033,16.363449,Transportation & Logistics,Medium (201-500),Laura Thompson,05/26/24,Services,Opportunity,5,Proposal sent,4,7711,20,10/03/24,
"Green, Kuhn and O'Connell",Belgium,51.260197,4.402771,Banking and Finance,Medium (201-500),Jessica Martinez,05/13/24,SAAS,Opportunity,5,Proposal sent,4,5878,30,03/01/25,
Conroy-Bartoletti,Italy,41.902782,12.496366,Telecommunications,Medium (201-500),Kevin Anderson,05/24/24,Services,Opportunity,5,Proposal sent,4,7387,60,05/22/25,
Schamberger LLC,Germany,52.520008,13.404954,Entertainment & Media & Hospitality,Medium (201-500),David Wilson,05/26/24,SAAS,Opportunity,5,Proposal sent,4,3342,40,06/27/24,
Renner Inc,Portugal,38.736946,-9.142685,Manufacturing & Production,Medium (201-500),Sarah Davis,02/13/24,SAAS,Opportunity,5,Proposal sent,4,771,20,10/11/24,
"McKenzie, Reynolds and Hane",Spain,40.416775,-3.70379,IT & IT Services,Medium (201-500),Sarah Davis,04/03/24,Services,Opportunity,5,Proposal sent,4,6323,40,06/11/24,
"Schmidt, Hahn and Frami",France,48.864716,2.349014,Manufacturing & Production,Medium (201-500),John Smith,02/19/24,SAAS,Opportunity,5,Proposal sent,4,2662,40,10/06/24,
Adams Group,France,48.864716,2.349014,Retail & Distribution,Medium (201-500),Laura Thompson,04/12/24,Services,Opportunity,5,Proposal sent,4,2879,30,04/02/25,
"Beier, Wolf and Schuster",Italy,41.902782,12.496366,Manufacturing & Production,Medium (201-500),Jessica Martinez,03/31/24,SAAS,Opportunity,5,Proposal sent,4,1235,100,03/04/25,
Flatley Group,France,48.864716,2.349014,Entertainment & Media & Hospitality,Medium (201-500),John Smith,04/10/24,Services,Opportunity,5,Proposal sent,4,7496,30,01/29/25,
Barton Inc,France,48.864716,2.349014,Banking and Finance,Medium (201-500),Michael Brown,01/09/24,Services,Opportunity,5,Proposal sent,4,7008,30,08/13/24,
"Skiles, Deckow and Hintz",Italy,41.902782,12.496366,Transportation & Logistics,Medium (201-500),John Smith,02/27/24,Services,Opportunity,5,Proposal sent,4,613,30,07/31/24,
Upton-Parisian,Italy,41.902782,12.496366,Retail & Distribution,Medium (201-500),Emily Johnson,05/31/24,SAAS,Opportunity,5,Proposal sent,4,5859,30,12/16/24,
Quigley-Kling,France,48.864716,2.349014,Retail & Distribution,Medium (201-500),Jessica Martinez,03/22/24,Services,Opportunity,5,Proposal sent,4,5386,40,01/09/25,
Reilly and Sons,Austria,48.210033,16.363449,Education & Science,Medium (201-500),Laura Thompson,04/06/24,Services,Opportunity,5,Proposal sent,4,5955,20,05/11/24,
Kassulke-Keebler,Spain,40.416775,-3.70379,Entertainment & Media & Hospitality,Medium (201-500),Jessica Martinez,04/07/24,Services,Opportunity,5,Proposal sent,4,4031,20,01/17/25,
Morar-Berge,Italy,41.902782,12.496366,Manufacturing & Production,Medium (201-500),Jessica Martinez,02/28/24,SAAS,Opportunity,5,Proposal sent,4,7020,40,05/11/24,
Emard Group,Italy,41.902782,12.496366,Manufacturing & Production,Medium (201-500),Jessica Martinez,02/29/24,SAAS,Opportunity,5,Proposal sent,4,5759,40,02/08/25,
Nolan Group,Portugal,38.736946,-9.142685,Manufacturing & Production,Medium (201-500),Michael Brown,02/15/24,SAAS,Opportunity,5,Proposal sent,4,5029,40,08/09/24,
"Stroman, Wehner and Stamm",Italy,41.902782,12.496366,Government Administration Healthcare,Medium (201-500),Laura Thompson,05/11/24,Custom solution,Opportunity,5,Proposal sent,4,1737,80,06/22/24,
"Doyle, Osinski and Gleichner",France,48.864716,2.349014,Transportation & Logistics,Medium (201-500),David Wilson,05/29/24,Services,Opportunity,5,Proposal sent,4,5878,100,05/04/25,
"Nader, Steuber and Kulas",Portugal,38.736946,-9.142685,Transportation & Logistics,Medium (201-500),Sarah Davis,03/12/24,SAAS,Opportunity,5,Proposal sent,4,467,40,08/27/24,
Schmidt-Kunze,Italy,41.902782,12.496366,Manufacturing & Production,Medium (201-500),John Smith,04/25/24,Custom solution,Opportunity,5,Proposal sent,4,1148,60,02/24/25,
"MacGyver, Moore and Smith",Switzerland,46.204391,6.143158,Banking and Finance,Medium (201-500),Jessica Martinez,02/29/24,SAAS,Opportunity,5,Proposal sent,4,6322,50,08/10/24,
Quigley Group,Germany,52.520008,13.404954,Government Administration Healthcare,Medium (201-500),Jessica Martinez,04/08/24,SAAS,Opportunity,5,Proposal sent,4,7667,80,06/01/24,
Lockman Inc,Switzerland,46.204391,6.143158,Professional Services  & Consulting,Medium (201-500),Jessica Martinez,04/05/24,SAAS,Opportunity,5,Proposal sent,4,4290,30,07/06/24,
"Schmidt, Skiles and Dare",France,48.864716,2.349014,Banking and Finance,Medium (201-500),Laura Thompson,04/04/24,Services,Opportunity,5,Proposal sent,4,4707,70,12/02/24,
Von LLC,Austria,48.210033,16.363449,Banking and Finance,Medium (201-500),David Wilson,03/10/24,SAAS,Opportunity,5,Proposal sent,4,459,60,07/29/24,
Ruecker Inc,Germany,52.520008,13.404954,Construction & Engineering,Medium (201-500),Jessica Martinez,02/21/24,SAAS,Opportunity,5,Proposal sent,4,220,40,08/15/24,
"Heaney, Fadel and Wiegand",Italy,41.902782,12.496366,IT & IT Services,Medium (201-500),Jessica Martinez,03/23/24,SAAS,Opportunity,5,Proposal sent,4,4663,20,07/30/24,
"Kohler, Dietrich and Bosco",Italy,41.902782,12.496366,IT & IT Services,Medium (201-500),Michael Brown,05/22/24,Custom solution,Opportunity,5,Proposal sent,4,7228,50,06/23/24,
Stoltenberg-Fahey,Italy,41.902782,12.496366,Retail & Distribution,Medium (201-500),David Wilson,04/26/24,SAAS,Opportunity,5,Proposal sent,4,1156,20,07/05/24,
Ledner-Lindgren,Italy,41.902782,12.496366,Transportation & Logistics,Medium (201-500),Sarah Davis,03/21/24,Services,Opportunity,5,Proposal sent,4,4305,90,08/31/24,
Olson LLC,Italy,41.902782,12.496366,Entertainment & Media & Hospitality,Medium (201-500),Sarah Davis,03/06/24,SAAS,Opportunity,5,Proposal sent,4,3479,10,02/02/25,
"Wunsch, Hegmann and Bradtke",Portugal,38.736946,-9.142685,Government Administration Healthcare,Medium (201-500),Emily Johnson,03/05/24,Services,Opportunity,5,Proposal sent,4,3733,40,07/27/24,
"Bernier, Stamm and Lemke",Belgium,51.260197,4.402771,Transportation & Logistics,Medium (201-500),Laura Thompson,02/18/24,Custom solution,Opportunity,5,Proposal sent,4,2926,20,01/23/25,
Mitchell-Veum,Germany,52.520008,13.404954,Energy & Utilities,Medium (201-500),Emily Johnson,04/10/24,Services,Opportunity,5,Proposal sent,4,6552,40,08/06/24,
"Hayes, Christiansen and Bahringer",France,48.864716,2.349014,Education & Science,Medium (201-500),Laura Thompson,02/15/24,SAAS,Opportunity,5,Proposal sent,4,2036,80,10/06/24,
Lang and Sons,Portugal,38.736946,-9.142685,Government Administration Healthcare,Medium (201-500),Jessica Martinez,03/30/24,Services,Opportunity,5,Proposal sent,4,4525,30,06/20/24,
Mills-Ziemann,Austria,48.210033,16.363449,Construction & Engineering,Medium (201-500),Michael Brown,04/27/24,Services,Opportunity,5,Proposal sent,4,3490,40,11/24/24,
"Hoppe, Becker and Jacobs",Italy,41.902782,12.496366,Education & Science,Medium (201-500),Kevin Anderson,03/06/24,Custom solution,Opportunity,5,Proposal sent,4,2425,70,08/01/24,
Christiansen-Bechtelar,Germany,52.520008,13.404954,Education & Science,Medium (201-500),Laura Thompson,05/27/24,SAAS,Opportunity,5,Proposal sent,4,4625,40,07/27/24,
Bartoletti Group,Belgium,51.260197,4.402771,Education & Science,Medium (201-500),Michael Brown,02/20/24,Services,Opportunity,5,Proposal sent,4,1138,20,10/25/24,
Rippin and Sons,Belgium,51.260197,4.402771,Construction & Engineering,Medium (201-500),David Wilson,04/02/24,Custom solution,Opportunity,5,Proposal sent,4,3276,100,08/08/24,
Sauer-Huels,Italy,41.902782,12.496366,Transportation & Logistics,Medium (201-500),Jessica Martinez,03/25/24,SAAS,Opportunity,5,Proposal sent,4,7195,100,06/09/24,
Kerluke-Schuster,Switzerland,46.204391,6.143158,Transportation & Logistics,Medium (201-500),Laura Thompson,05/25/24,Services,Opportunity,5,Proposal sent,4,4718,50,02/25/25,
King-McKenzie,Italy,41.902782,12.496366,Agriculture & Mining,Medium (201-500),Laura Thompson,01/25/24,Services,Opportunity,5,Proposal sent,4,729,20,09/29/24,
Langosh-Stark,Germany,52.520008,13.404954,IT & IT Services,Medium (201-500),Laura Thompson,01/31/24,Services,Opportunity,5,Proposal sent,4,7735,80,03/16/24,
Kreiger Group,Switzerland,46.204391,6.143158,IT & IT Services,Medium (201-500),Jessica Martinez,01/13/24,Custom solution,Opportunity,5,Proposal sent,4,3872,30,10/03/24,
Livetube,Italy,41.902782,12.496366,IT & IT Services,Large (501-1000),John Smith,04/13/24,Custom solution,Opportunity,5,Proposal sent,4,9742,40,10/25/24,
Rowe-Jacobs,Portugal,38.736946,-9.142685,Government Administration Healthcare,Large (501-1000),Laura Thompson,04/08/24,Custom solution,Opportunity,5,Proposal sent,4,3294,50,11/30/24,
Donnelly-Kunze,Spain,40.416775,-3.70379,Professional Services  & Consulting,Large (501-1000),Laura Thompson,03/25/24,SAAS,Opportunity,5,Proposal sent,4,5135,40,12/26/24,
Batz-Gleichner,Switzerland,46.204391,6.143158,Agriculture & Mining,Large (501-1000),Kevin Anderson,03/31/24,Services,Opportunity,5,Proposal sent,4,5645,20,06/24/24,
Borer-Aufderhar,Switzerland,46.204391,6.143158,Energy & Utilities,Enterprise (1001+),Michael Brown,03/30/24,SAAS,Opportunity,5,Proposal sent,4,4228,60,07/24/24,
"Hirthe, Parisian and Pouros",Belgium,51.260197,4.402771,Transportation & Logistics,Enterprise (1001+),Emily Johnson,02/21/24,Custom solution,Opportunity,5,Proposal sent,4,2633,40,12/02/24,
Murphy Inc,Spain,40.416775,-3.70379,Government Administration Healthcare,Enterprise (1001+),Kevin Anderson,04/02/24,Services,Opportunity,5,Proposal sent,4,19246,40,10/12/24,
Jabberstorm,France,48.864716,2.349014,IT & IT Services,Small (11-200),Laura Thompson,01/05/24,Services,Opportunity,5,Won,5,1226,20,02/25/24,
Thoughtsphere,Spain,40.416775,-3.70379,Construction & Engineering,Small (11-200),Kevin Anderson,03/18/24,SAAS,Opportunity,5,Won,5,1744,20,08/21/24,
Fivebridge,Spain,40.416775,-3.70379,IT & IT Services,Small (11-200),John Smith,01/08/24,Services,Opportunity,5,Won,5,287,20,02/12/24,
Dabtype,Portugal,38.736946,-9.142685,Transportation & Logistics,Small (11-200),Laura Thompson,05/14/24,Custom solution,Opportunity,5,Won,5,1501,40,12/10/24,
Corkery LLC,France,48.864716,2.349014,Agriculture & Mining,Small (11-200),Michael Brown,02/19/24,SAAS,Opportunity,5,Won,5,1440,10,12/17/24,
"Ledner, Koelpin and Rath",Switzerland,46.204391,6.143158,IT & IT Services,Small (11-200),Laura Thompson,04/25/24,Services,Opportunity,5,Won,5,1915,20,07/23/24,
Walter LLC,Germany,52.520008,13.404954,Entertainment & Media & Hospitality,Small (11-200),Jessica Martinez,04/15/24,Custom solution,Opportunity,5,Won,5,1029,20,02/05/25,
Runolfsdottir-Kulas,Italy,41.902782,12.496366,Banking and Finance,Small (11-200),John Smith,05/23/24,Custom solution,Opportunity,5,Won,5,641,60,03/11/25,
Senger LLC,Netherlands,52.370216,4.895168,Transportation & Logistics,Small (11-200),Michael Brown,05/27/24,Custom solution,Opportunity,5,Won,5,1776,60,11/05/24,
Legros-DuBuque,France,48.864716,2.349014,IT & IT Services,Small (11-200),Emily Johnson,03/20/24,SAAS,Opportunity,5,Won,5,1464,60,09/09/24,
Mertz Group,Italy,41.902782,12.496366,Transportation & Logistics,Small (11-200),Michael Brown,05/22/24,SAAS,Opportunity,5,Won,5,1236,90,07/30/24,
Harber Inc,Germany,52.520008,13.404954,Professional Services  & Consulting,Small (11-200),Sarah Davis,03/20/24,SAAS,Opportunity,5,Won,5,200,30,02/14/25,
"Borer, Durgan and Weber",France,48.864716,2.349014,Entertainment & Media & Hospitality,Small (11-200),Sarah Davis,04/11/24,Services,Opportunity,5,Won,5,698,40,03/20/25,
Davis-Waelchi,Italy,41.902782,12.496366,Energy & Utilities,Small (11-200),Michael Brown,01/21/24,SAAS,Opportunity,5,Won,5,1712,60,02/28/24,
"Hessel, Zboncak and Rath",Netherlands,52.370216,4.895168,Entertainment & Media & Hospitality,Small (11-200),John Smith,04/29/24,SAAS,Opportunity,5,Won,5,726,60,03/29/25,
Harvey Group,Switzerland,46.204391,6.143158,Banking and Finance,Small (11-200),Jessica Martinez,05/07/24,Custom solution,Opportunity,5,Won,5,292,10,06/07/24,
"Stoltenberg, Gulgowski and Murazik",Belgium,51.260197,4.402771,Transportation & Logistics,Small (11-200),Laura Thompson,05/05/24,SAAS,Opportunity,5,Won,5,265,20,02/27/25,
Hickle LLC,Portugal,38.736946,-9.142685,Recreation & Sports,Small (11-200),Michael Brown,05/22/24,SAAS,Opportunity,5,Won,5,424,20,11/21/24,
Miller-Goyette,Netherlands,52.370216,4.895168,Entertainment & Media & Hospitality,Small (11-200),Jessica Martinez,05/26/24,SAAS,Opportunity,5,Won,5,865,20,07/21/24,
"Ankunding, Mayer and Sanford",Belgium,51.260197,4.402771,Transportation & Logistics,Small (11-200),John Smith,02/02/24,SAAS,Opportunity,5,Won,5,1284,30,01/07/25,
Anderson Inc,Belgium,51.260197,4.402771,IT & IT Services,Small (11-200),Jessica Martinez,03/08/24,SAAS,Opportunity,5,Won,5,1573,50,09/27/24,
"Sanford, Koch and Kulas",Netherlands,52.370216,4.895168,Government Administration Healthcare,Small (11-200),John Smith,01/12/24,SAAS,Opportunity,5,Won,5,799,10,07/24/24,
Champlin LLC,Belgium,51.260197,4.402771,IT & IT Services,Small (11-200),Michael Brown,02/03/24,SAAS,Opportunity,5,Won,5,1108,60,06/27/24,
"Beer, Toy and Reichert",Austria,48.210033,16.363449,Transportation & Logistics,Small (11-200),Kevin Anderson,05/18/24,SAAS,Opportunity,5,Won,5,1859,40,02/12/25,
Langworth-Conn,Portugal,38.736946,-9.142685,Transportation & Logistics,Small (11-200),David Wilson,05/09/24,SAAS,Opportunity,5,Won,5,1979,100,12/22/24,
"Ankunding, Kozey and Hauck",Austria,48.210033,16.363449,Banking and Finance,Small (11-200),Michael Brown,01/16/24,Custom solution,Opportunity,5,Won,5,272,20,03/20/24,
"Kuhic, Abernathy and Ward",Spain,40.416775,-3.70379,Government Administration Healthcare,Small (11-200),David Wilson,03/21/24,SAAS,Opportunity,5,Won,5,320,40,12/26/24,
Monahan-Reinger,France,48.864716,2.349014,IT & IT Services,Small (11-200),Jessica Martinez,03/02/24,SAAS,Opportunity,5,Won,5,1097,80,09/15/24,
"Kilback, Klein and Lemke",Switzerland,46.204391,6.143158,Retail & Distribution,Small (11-200),Laura Thompson,05/05/24,Services,Opportunity,5,Won,5,1443,40,10/31/24,
Huel Inc,Italy,41.902782,12.496366,Transportation & Logistics,Small (11-200),John Smith,04/22/24,SAAS,Opportunity,5,Won,5,254,50,03/28/25,
"Reinger, Price and Zemlak",Belgium,51.260197,4.402771,Professional Services  & Consulting,Small (11-200),Michael Brown,04/01/24,Custom solution,Opportunity,5,Won,5,424,40,01/16/25,
Rogahn Group,Italy,41.902782,12.496366,Telecommunications,Small (11-200),Emily Johnson,04/06/24,Custom solution,Opportunity,5,Won,5,847,60,05/22/24,
Jacobson-Bogan,Germany,52.520008,13.404954,Transportation & Logistics,Small (11-200),David Wilson,05/27/24,Custom solution,Opportunity,5,Won,5,1431,30,01/25/25,
Kreiger-Stroman,Belgium,51.260197,4.402771,Banking and Finance,Small (11-200),Sarah Davis,01/02/24,Services,Opportunity,5,Won,5,719,40,02/14/24,
"Wilderman, Kulas and Emard",Germany,52.520008,13.404954,IT & IT Services,Micro (1-10),Michael Brown,04/20/24,SAAS,Opportunity,5,Won,5,938,80,03/20/25,
"Mohr, Feil and Fisher",Switzerland,46.204391,6.143158,Retail & Distribution,Micro (1-10),Sarah Davis,02/21/24,SAAS,Opportunity,5,Won,5,1159,30,08/11/24,
"Hagenes, Schuppe and Homenick",Spain,40.416775,-3.70379,Transportation & Logistics,Micro (1-10),John Smith,05/03/24,Services,Opportunity,5,Won,5,643,40,11/19/24,
Senger Inc,Portugal,38.736946,-9.142685,IT & IT Services,Micro (1-10),John Smith,03/09/24,Services,Opportunity,5,Won,5,540,60,07/30/24,
Bernier-Denesik,France,48.864716,2.349014,Professional Services  & Consulting,Micro (1-10),Laura Thompson,01/31/24,Custom solution,Opportunity,5,Won,5,523,10,08/27/24,
Bergnaum Group,Germany,52.520008,13.404954,Banking and Finance,Micro (1-10),Laura Thompson,05/28/24,Services,Opportunity,5,Won,5,391,90,02/04/25,
Johnson-Zieme,Spain,40.416775,-3.70379,Banking and Finance,Micro (1-10),Emily Johnson,05/05/24,SAAS,Opportunity,5,Won,5,448,30,07/10/24,
Lesch-Ryan,France,48.864716,2.349014,Professional Services  & Consulting,Micro (1-10),Jessica Martinez,02/02/24,SAAS,Opportunity,5,Won,5,1143,40,10/12/24,
Rutherford-Doyle,Belgium,51.260197,4.402771,Telecommunications,Micro (1-10),Laura Thompson,01/05/24,SAAS,Opportunity,5,Won,5,235,60,11/30/24,
Swaniawski and Sons,France,48.864716,2.349014,Transportation & Logistics,Micro (1-10),Laura Thompson,04/04/24,Services,Opportunity,5,Won,5,626,20,05/06/24,
Auer-Donnelly,Switzerland,46.204391,6.143158,Transportation & Logistics,Micro (1-10),Laura Thompson,04/17/24,SAAS,Opportunity,5,Won,5,1171,50,10/12/24,
"Lockman, Kris and Hansen",Italy,41.902782,12.496366,Transportation & Logistics,Micro (1-10),Laura Thompson,03/24/24,Services,Opportunity,5,Won,5,354,50,08/07/24,
Cronin-Dare,Switzerland,46.204391,6.143158,Entertainment & Media & Hospitality,Micro (1-10),Jessica Martinez,01/31/24,SAAS,Opportunity,5,Won,5,373,20,11/30/24,
"Effertz, Kuhlman and Koch",Belgium,51.260197,4.402771,Professional Services  & Consulting,Micro (1-10),Emily Johnson,03/04/24,SAAS,Opportunity,5,Won,5,396,70,10/11/24,
Simonis-Beahan,Italy,41.902782,12.496366,Manufacturing & Production,Micro (1-10),Laura Thompson,04/06/24,SAAS,Opportunity,5,Won,5,723,40,11/01/24,
Crona-Smitham,Italy,41.902782,12.496366,IT & IT Services,Micro (1-10),Kevin Anderson,01/08/24,Services,Opportunity,5,Won,5,707,90,06/06/24,
Eimbee,Italy,41.902782,12.496366,Telecommunications,Medium (201-500),Kevin Anderson,01/14/24,SAAS,Opportunity,5,Won,5,1607,70,01/10/25,
Jaloo,Portugal,38.736946,-9.142685,Banking and Finance,Medium (201-500),Emily Johnson,03/26/24,Services,Opportunity,5,Won,5,2560,20,10/09/24,
Fivespan,Portugal,38.736946,-9.142685,Government Administration Healthcare,Medium (201-500),David Wilson,02/27/24,Services,Opportunity,5,Won,5,2942,40,01/15/25,
Digitube,France,48.864716,2.349014,Recreation & Sports,Medium (201-500),Jessica Martinez,03/19/24,Services,Opportunity,5,Won,5,7428,30,11/24/24,
"Wisozk, Hickle and Olson",Italy,41.902782,12.496366,Entertainment & Media & Hospitality,Medium (201-500),Jessica Martinez,01/02/24,SAAS,Opportunity,5,Won,5,3161,50,10/20/24,
Donnelly-Bergnaum,Germany,52.520008,13.404954,Professional Services  & Consulting,Medium (201-500),Laura Thompson,02/27/24,Services,Opportunity,5,Won,5,4558,40,06/25/24,
Jacobs-Cruickshank,Germany,52.520008,13.404954,Professional Services  & Consulting,Medium (201-500),Kevin Anderson,03/02/24,Services,Opportunity,5,Won,5,5279,30,08/13/24,
Walter-Altenwerth,Italy,41.902782,12.496366,IT & IT Services,Medium (201-500),John Smith,03/24/24,Services,Opportunity,5,Won,5,6644,50,01/27/25,
Schinner-Leannon,Germany,52.520008,13.404954,Banking and Finance,Medium (201-500),John Smith,03/01/24,SAAS,Opportunity,5,Won,5,1953,70,11/21/24,
Torp-Goldner,Switzerland,46.204391,6.143158,IT & IT Services,Medium (201-500),Emily Johnson,01/21/24,SAAS,Opportunity,5,Won,5,7787,60,05/16/24,
Dooley-Feest,Germany,52.520008,13.404954,Agriculture & Mining,Medium (201-500),Laura Thompson,01/31/24,SAAS,Opportunity,5,Won,5,4665,40,07/05/24,
Ondricka-Beer,France,48.864716,2.349014,IT & IT Services,Medium (201-500),Michael Brown,05/27/24,SAAS,Opportunity,5,Won,5,2470,20,10/15/24,
Hansen Group,Portugal,38.736946,-9.142685,Government Administration Healthcare,Medium (201-500),Sarah Davis,04/26/24,Services,Opportunity,5,Won,5,5258,60,08/16/24,
"Kris, Hartmann and Mraz",Germany,52.520008,13.404954,Banking and Finance,Medium (201-500),Laura Thompson,05/04/24,SAAS,Opportunity,5,Won,5,1859,20,03/15/25,
Klein LLC,France,48.864716,2.349014,Banking and Finance,Medium (201-500),Michael Brown,04/28/24,SAAS,Opportunity,5,Won,5,2792,30,01/30/25,
Simonis and Sons,Switzerland,46.204391,6.143158,Banking and Finance,Medium (201-500),John Smith,01/11/24,Custom solution,Opportunity,5,Won,5,7714,60,11/11/24,
Schinner-Paucek,Germany,52.520008,13.404954,Education & Science,Medium (201-500),John Smith,04/09/24,Services,Opportunity,5,Won,5,774,30,09/09/24,
"Hirthe, Keebler and Beahan",Italy,41.902782,12.496366,Government Administration Healthcare,Medium (201-500),Laura Thompson,05/08/24,SAAS,Opportunity,5,Won,5,4719,60,04/27/25,
Koch-Swaniawski,Belgium,51.260197,4.402771,Banking and Finance,Medium (201-500),Laura Thompson,05/23/24,SAAS,Opportunity,5,Won,5,984,30,06/17/24,
"Abbott, Greenholt and Schimmel",Belgium,51.260197,4.402771,Telecommunications,Medium (201-500),John Smith,02/26/24,SAAS,Opportunity,5,Won,5,2665,40,12/06/24,
Shields-Corkery,Italy,41.902782,12.496366,Transportation & Logistics,Medium (201-500),Jessica Martinez,03/12/24,Services,Opportunity,5,Won,5,225,40,04/07/24,
"Terry, Miller and Daugherty",Italy,41.902782,12.496366,Government Administration Healthcare,Medium (201-500),Jessica Martinez,02/21/24,Custom solution,Opportunity,5,Won,5,412,30,12/11/24,
"Kshlerin, Monahan and Jerde",Germany,52.520008,13.404954,Banking and Finance,Medium (201-500),Michael Brown,03/23/24,SAAS,Opportunity,5,Won,5,5878,40,09/27/24,
"Heaney, Mayer and Tromp",Italy,41.902782,12.496366,Entertainment & Media & Hospitality,Medium (201-500),Laura Thompson,03/30/24,Custom solution,Opportunity,5,Won,5,5193,70,11/17/24,
Becker-Mann,Portugal,38.736946,-9.142685,IT & IT Services,Medium (201-500),Laura Thompson,03/05/24,SAAS,Opportunity,5,Won,5,3104,20,02/18/25,
Ziemann-Becker,France,48.864716,2.349014,Transportation & Logistics,Medium (201-500),Emily Johnson,04/28/24,SAAS,Opportunity,5,Won,5,369,60,06/28/24,
"Klocko, Sanford and Mertz",Netherlands,52.370216,4.895168,IT & IT Services,Medium (201-500),Laura Thompson,04/18/24,Services,Opportunity,5,Won,5,7428,90,05/24/24,
"Hand, Gutmann and Ruecker",Belgium,51.260197,4.402771,Transportation & Logistics,Medium (201-500),Laura Thompson,04/10/24,Services,Opportunity,5,Won,5,5810,50,05/21/24,
Balistreri Inc,Italy,41.902782,12.496366,IT & IT Services,Medium (201-500),Sarah Davis,03/20/24,SAAS,Opportunity,5,Won,5,3930,20,06/20/24,
Medhurst-Wintheiser,Italy,41.902782,12.496366,IT & IT Services,Medium (201-500),Emily Johnson,05/07/24,SAAS,Opportunity,5,Won,5,225,50,06/27/24,
"Braun, Schamberger and McKenzie",Italy,41.902782,12.496366,Energy & Utilities,Large (501-1000),Sarah Davis,02/08/24,Services,Opportunity,5,Won,5,16393,50,05/31/24,
Gutkowski Inc,Switzerland,46.204391,6.143158,Banking and Finance,Enterprise (1001+),Sarah Davis,02/08/24,Custom solution,Opportunity,5,Won,5,6516,90,12/01/24,
Wunsch Group,Germany,52.520008,13.404954,Banking and Finance,Enterprise (1001+),Michael Brown,02/10/24,Custom solution,Opportunity,5,Won,5,5433,30,05/02/24,
Twitterworks,Germany,52.520008,13.404954,Transportation & Logistics,Small (11-200),Kevin Anderson,03/29/24,Services,Qualified,2,,,1044,40,03/02/25,
Demizz,Germany,52.520008,13.404954,Government Administration Healthcare,Small (11-200),Michael Brown,04/15/24,Custom solution,Qualified,2,,,1251,30,07/21/24,
Voomm,Spain,40.416775,-3.70379,IT & IT Services,Small (11-200),Laura Thompson,02/02/24,SAAS,Qualified,2,,,1825,60,06/24/24,
Zazio,Italy,41.902782,12.496366,IT & IT Services,Small (11-200),Michael Brown,01/02/24,Services,Qualified,2,,,1812,80,03/29/24,
Bubblebox,France,48.864716,2.349014,Government Administration Healthcare,Small (11-200),Jessica Martinez,04/29/24,SAAS,Qualified,2,,,1948,70,03/24/25,
Chatterbridge,Portugal,38.736946,-9.142685,IT & IT Services,Small (11-200),Jessica Martinez,01/22/24,SAAS,Qualified,2,,,978,20,08/31/24,
Linkbridge,Portugal,38.736946,-9.142685,Telecommunications,Small (11-200),Jessica Martinez,03/12/24,SAAS,Qualified,2,,,1815,70,01/28/25,
DabZ,Italy,41.902782,12.496366,Telecommunications,Small (11-200),Jessica Martinez,01/20/24,SAAS,Qualified,2,,,879,100,06/27/24,
Gabvine,France,48.864716,2.349014,Telecommunications,Small (11-200),John Smith,03/01/24,Services,Qualified,2,,,665,40,07/01/24,
Voolith,Italy,41.902782,12.496366,Transportation & Logistics,Small (11-200),Laura Thompson,05/31/24,SAAS,Qualified,2,,,268,40,06/23/24,
Eire,Italy,41.902782,12.496366,Manufacturing & Production,Small (11-200),Kevin Anderson,04/24/24,Custom solution,Qualified,2,,,1387,50,02/14/25,
Devpoint,Belgium,51.260197,4.402771,Education & Science,Small (11-200),David Wilson,03/01/24,SAAS,Qualified,2,,,207,40,09/04/24,
Twimbo,Spain,40.416775,-3.70379,Education & Science,Small (11-200),Laura Thompson,02/10/24,Services,Qualified,2,,,1239,20,07/27/24,
Youfeed,Germany,52.520008,13.404954,Transportation & Logistics,Small (11-200),Laura Thompson,04/17/24,SAAS,Qualified,2,,,588,20,12/29/24,
Realcube,Germany,52.520008,13.404954,Government Administration Healthcare,Small (11-200),Jessica Martinez,01/15/24,SAAS,Qualified,2,,,900,50,10/20/24,
Mycat,Germany,52.520008,13.404954,Transportation & Logistics,Small (11-200),David Wilson,05/03/24,SAAS,Qualified,2,,,1326,60,04/03/25,
Innojam,Italy,41.902782,12.496366,Transportation & Logistics,Small (11-200),Emily Johnson,04/03/24,SAAS,Qualified,2,,,1553,40,02/10/25,
Twinder,Spain,40.416775,-3.70379,Manufacturing & Production,Small (11-200),Jessica Martinez,01/31/24,Services,Qualified,2,,,1888,30,08/17/24,
Reallinks,Switzerland,46.204391,6.143158,Transportation & Logistics,Small (11-200),Michael Brown,02/29/24,Custom solution,Qualified,2,,,382,100,07/31/24,
Einti,Spain,40.416775,-3.70379,Construction & Engineering,Small (11-200),Michael Brown,03/17/24,SAAS,Qualified,2,,,931,40,06/01/24,
Meevee,Italy,41.902782,12.496366,Energy & Utilities,Small (11-200),Kevin Anderson,02/01/24,Services,Qualified,2,,,382,60,11/25/24,
Zoomcast,Germany,52.520008,13.404954,Banking and Finance,Small (11-200),Sarah Davis,02/10/24,Services,Qualified,2,,,547,50,08/06/24,
Demimbu,Germany,52.520008,13.404954,Energy & Utilities,Small (11-200),Jessica Martinez,04/01/24,Services,Qualified,2,,,1545,90,08/19/24,
Vipe,Italy,41.902782,12.496366,IT & IT Services,Small (11-200),Laura Thompson,01/13/24,SAAS,Qualified,2,,,1779,80,09/05/24,
Twitterbeat,Germany,52.520008,13.404954,Professional Services  & Consulting,Small (11-200),Laura Thompson,03/30/24,SAAS,Qualified,2,,,332,30,07/14/24,
Topicshots,Switzerland,46.204391,6.143158,Banking and Finance,Small (11-200),Kevin Anderson,01/29/24,Custom solution,Qualified,2,,,655,10,01/11/25,
Quire,Italy,41.902782,12.496366,Transportation & Logistics,Small (11-200),Michael Brown,05/25/24,SAAS,Qualified,2,,,955,20,09/09/24,
Emmerich and Sons,Switzerland,46.204391,6.143158,Manufacturing & Production,Small (11-200),Sarah Davis,03/06/24,Services,Qualified,2,,,923,60,07/03/24,
McKenzie LLC,Italy,41.902782,12.496366,Transportation & Logistics,Small (11-200),Laura Thompson,05/01/24,SAAS,Qualified,2,,,581,40,06/18/24,
Lueilwitz-Cole,Germany,52.520008,13.404954,IT & IT Services,Small (11-200),Sarah Davis,01/19/24,SAAS,Qualified,2,,,1911,90,05/27/24,
Casper-Flatley,Germany,52.520008,13.404954,Banking and Finance,Small (11-200),Jessica Martinez,04/21/24,SAAS,Qualified,2,,,1605,50,12/07/24,
"Paucek, Pouros and Wunsch",Germany,52.520008,13.404954,IT & IT Services,Small (11-200),John Smith,04/16/24,SAAS,Qualified,2,,,311,50,01/26/25,
Crona Inc,Portugal,38.736946,-9.142685,Banking and Finance,Small (11-200),Laura Thompson,01/14/24,SAAS,Qualified,2,,,589,20,05/23/24,
Waters LLC,Switzerland,46.204391,6.143158,Government Administration Healthcare,Small (11-200),Laura Thompson,02/05/24,SAAS,Qualified,2,,,1416,20,05/27/24,
Wyman-Jast,Italy,41.902782,12.496366,Entertainment & Media & Hospitality,Small (11-200),John Smith,01/28/24,Services,Qualified,2,,,1873,40,05/14/24,
Kuhic-Parker,Austria,48.210033,16.363449,Banking and Finance,Small (11-200),Laura Thompson,02/10/24,SAAS,Qualified,2,,,282,20,04/02/24,
Swaniawski-McCullough,France,48.864716,2.349014,Transportation & Logistics,Small (11-200),Jessica Martinez,03/19/24,SAAS,Qualified,2,,,1434,40,06/10/24,
DuBuque-Hartmann,Switzerland,46.204391,6.143158,Retail & Distribution,Small (11-200),Michael Brown,03/17/24,Services,Qualified,2,,,349,50,10/07/24,
Spencer-Bauch,France,48.864716,2.349014,Recreation & Sports,Small (11-200),John Smith,03/28/24,Services,Qualified,2,,,994,20,06/27/24,
Hand-Bernhard,Italy,41.902782,12.496366,IT & IT Services,Small (11-200),John Smith,01/02/24,Services,Qualified,2,,,1969,20,09/26/24,
McLaughlin Group,Italy,41.902782,12.496366,Banking and Finance,Small (11-200),Kevin Anderson,05/12/24,SAAS,Qualified,2,,,406,40,10/18/24,
Mertz-Dare,France,48.864716,2.349014,Professional Services  & Consulting,Small (11-200),Jessica Martinez,05/18/24,Services,Qualified,2,,,1985,50,01/11/25,
"Simonis, Wyman and Connelly",Austria,48.210033,16.363449,Professional Services  & Consulting,Small (11-200),Sarah Davis,05/22/24,SAAS,Qualified,2,,,668,40,10/26/24,
Turner LLC,France,48.864716,2.349014,IT & IT Services,Small (11-200),Kevin Anderson,03/04/24,SAAS,Qualified,2,,,596,10,06/24/24,
Herzog-Kub,Belgium,51.260197,4.402771,IT & IT Services,Small (11-200),Emily Johnson,03/15/24,Services,Qualified,2,,,1691,40,12/29/24,
Kris Inc,Portugal,38.736946,-9.142685,Transportation & Logistics,Small (11-200),Michael Brown,01/14/24,Services,Qualified,2,,,1303,40,07/29/24,
Thompson and Sons,Switzerland,46.204391,6.143158,Transportation & Logistics,Small (11-200),Jessica Martinez,05/22/24,Custom solution,Qualified,2,,,1520,30,08/22/24,
Morar-Johns,Germany,52.520008,13.404954,Recreation & Sports,Small (11-200),Jessica Martinez,04/15/24,Custom solution,Qualified,2,,,834,30,10/11/24,
Hessel Inc,Italy,41.902782,12.496366,Construction & Engineering,Small (11-200),Emily Johnson,01/20/24,SAAS,Qualified,2,,,444,20,11/17/24,
Wiegand-Braun,France,48.864716,2.349014,IT & IT Services,Small (11-200),David Wilson,03/02/24,SAAS,Qualified,2,,,1067,40,07/23/24,
"VonRueden, Kreiger and McGlynn",Italy,41.902782,12.496366,Professional Services  & Consulting,Small (11-200),Emily Johnson,05/31/24,SAAS,Qualified,2,,,958,40,05/11/25,
Schmitt-Vandervort,Austria,48.210033,16.363449,Agriculture & Mining,Small (11-200),John Smith,05/01/24,Services,Qualified,2,,,1017,30,10/27/24,
Nicolas and Sons,Italy,41.902782,12.496366,IT & IT Services,Small (11-200),John Smith,01/15/24,SAAS,Qualified,2,,,1621,40,08/23/24,
"Stanton, Stracke and Hegmann",France,48.864716,2.349014,Transportation & Logistics,Small (11-200),Laura Thompson,04/08/24,SAAS,Qualified,2,,,604,20,09/14/24,
"Kuvalis, McClure and Leannon",Austria,48.210033,16.363449,Construction & Engineering,Small (11-200),Laura Thompson,01/27/24,SAAS,Qualified,2,,,1943,90,01/13/25,
"Berge, Tremblay and Langworth",Portugal,38.736946,-9.142685,Professional Services  & Consulting,Small (11-200),Jessica Martinez,01/13/24,SAAS,Qualified,2,,,1019,20,09/21/24,
Schiller Group,Austria,48.210033,16.363449,Banking and Finance,Small (11-200),Michael Brown,05/05/24,Custom solution,Qualified,2,,,1623,20,08/31/24,
Considine Group,Switzerland,46.204391,6.143158,IT & IT Services,Small (11-200),Emily Johnson,05/23/24,Services,Qualified,2,,,466,30,12/31/24,
Hammes Group,Germany,52.520008,13.404954,Energy & Utilities,Small (11-200),Laura Thompson,01/29/24,Services,Qualified,2,,,444,50,10/06/24,
O'Reilly-Ruecker,Portugal,38.736946,-9.142685,Banking and Finance,Small (11-200),Laura Thompson,02/23/24,Services,Qualified,2,,,1748,50,11/29/24,
"Kreiger, Pfannerstill and Spencer",Italy,41.902782,12.496366,Government Administration Healthcare,Small (11-200),John Smith,02/10/24,SAAS,Qualified,2,,,1276,50,07/09/24,
"Schoen, Langworth and Howe",Belgium,51.260197,4.402771,Banking and Finance,Small (11-200),Michael Brown,05/01/24,SAAS,Qualified,2,,,1968,100,07/26/24,
Hartmann Group,Portugal,38.736946,-9.142685,Banking and Finance,Small (11-200),Laura Thompson,03/23/24,SAAS,Qualified,2,,,500,40,01/06/25,
"Swaniawski, Stokes and Beatty",Germany,52.520008,13.404954,Transportation & Logistics,Small (11-200),Kevin Anderson,01/08/24,Custom solution,Qualified,2,,,494,20,04/11/24,
"Rohan, Bogisich and Herman",Belgium,51.260197,4.402771,Recreation & Sports,Small (11-200),Emily Johnson,05/12/24,Services,Qualified,2,,,1307,20,12/16/24,
Toy LLC,Italy,41.902782,12.496366,IT & IT Services,Small (11-200),Michael Brown,04/18/24,SAAS,Qualified,2,,,1913,40,05/27/24,
"Raynor, Hand and Grady",France,48.864716,2.349014,Construction & Engineering,Small (11-200),Sarah Davis,02/24/24,SAAS,Qualified,2,,,1519,90,10/15/24,
Corwin-Nolan,Germany,52.520008,13.404954,Construction & Engineering,Small (11-200),Laura Thompson,03/31/24,Services,Qualified,2,,,1323,40,02/10/25,
Green-Jenkins,Spain,40.416775,-3.70379,Retail & Distribution,Small (11-200),David Wilson,01/10/24,Custom solution,Qualified,2,,,304,30,05/04/24,
"Bogan, Schmeler and Schimmel",Italy,41.902782,12.496366,Energy & Utilities,Small (11-200),Michael Brown,02/14/24,SAAS,Qualified,2,,,762,20,06/29/24,
Mitchell Inc,Germany,52.520008,13.404954,Professional Services  & Consulting,Small (11-200),Emily Johnson,04/04/24,SAAS,Qualified,2,,,834,30,05/16/24,
"Reichel, Spencer and Rau",Switzerland,46.204391,6.143158,IT & IT Services,Small (11-200),Michael Brown,02/26/24,Services,Qualified,2,,,1973,50,12/21/24,
"Feeney, Schneider and Boyle",France,48.864716,2.349014,IT & IT Services,Small (11-200),Michael Brown,02/29/24,Services,Qualified,2,,,1850,30,10/02/24,
Sipes Group,Italy,41.902782,12.496366,Professional Services  & Consulting,Small (11-200),Laura Thompson,01/11/24,SAAS,Qualified,2,,,1222,40,05/07/24,
Kunze and Sons,Spain,40.416775,-3.70379,Banking and Finance,Small (11-200),Laura Thompson,02/03/24,SAAS,Qualified,2,,,992,30,09/04/24,
Schaden-Rau,Austria,48.210033,16.363449,Banking and Finance,Small (11-200),Kevin Anderson,05/24/24,Services,Qualified,2,,,1488,40,08/02/24,
Jenkins and Sons,Netherlands,52.370216,4.895168,Professional Services  & Consulting,Small (11-200),Kevin Anderson,01/27/24,SAAS,Qualified,2,,,1636,20,04/17/24,
"Dibbert, Parisian and Stiedemann",Italy,41.902782,12.496366,IT & IT Services,Small (11-200),Sarah Davis,03/01/24,Custom solution,Qualified,2,,,296,40,09/14/24,
Daniel and Sons,Portugal,38.736946,-9.142685,Government Administration Healthcare,Small (11-200),Laura Thompson,05/02/24,SAAS,Qualified,2,,,1927,10,09/05/24,
Ullrich-Runte,Italy,41.902782,12.496366,Transportation & Logistics,Small (11-200),Laura Thompson,04/23/24,Services,Qualified,2,,,1958,50,04/07/25,
Gorczany LLC,Germany,52.520008,13.404954,Agriculture & Mining,Small (11-200),David Wilson,03/12/24,SAAS,Qualified,2,,,1396,10,09/09/24,
Mayert-Heller,France,48.864716,2.349014,Transportation & Logistics,Small (11-200),Kevin Anderson,05/21/24,SAAS,Qualified,2,,,205,20,11/07/24,
Schoen-Gutmann,Switzerland,46.204391,6.143158,IT & IT Services,Small (11-200),Emily Johnson,01/22/24,SAAS,Qualified,2,,,951,100,03/02/24,
Langosh-Kunde,Italy,41.902782,12.496366,Government Administration Healthcare,Small (11-200),John Smith,01/29/24,SAAS,Qualified,2,,,271,80,10/04/24,
Harvey and Sons,Italy,41.902782,12.496366,Construction & Engineering,Small (11-200),Laura Thompson,03/29/24,Services,Qualified,2,,,740,30,12/06/24,
Shanahan-Emard,Germany,52.520008,13.404954,Telecommunications,Small (11-200),Emily Johnson,05/11/24,SAAS,Qualified,2,,,1520,40,05/07/25,
Goldner-Carter,Belgium,51.260197,4.402771,Professional Services  & Consulting,Small (11-200),Laura Thompson,04/02/24,Services,Qualified,2,,,774,20,05/22/24,
McClure and Sons,Italy,41.902782,12.496366,IT & IT Services,Small (11-200),Michael Brown,01/12/24,SAAS,Qualified,2,,,373,70,12/10/24,
Nicolas Group,Spain,40.416775,-3.70379,Recreation & Sports,Small (11-200),Jessica Martinez,02/07/24,Services,Qualified,2,,,1382,40,09/06/24,
"Stanton, Gislason and Mosciski",Italy,41.902782,12.496366,Construction & Engineering,Small (11-200),John Smith,01/31/24,Custom solution,Qualified,2,,,1247,30,01/13/25,
Ward-DuBuque,France,48.864716,2.349014,Professional Services  & Consulting,Small (11-200),Sarah Davis,01/22/24,Services,Qualified,2,,,1780,40,01/02/25,
Willms Group,Switzerland,46.204391,6.143158,IT & IT Services,Small (11-200),John Smith,03/24/24,Services,Qualified,2,,,1589,10,11/28/24,
"Towne, Koss and Romaguera",Italy,41.902782,12.496366,Telecommunications,Small (11-200),David Wilson,02/29/24,SAAS,Qualified,2,,,303,20,12/30/24,
"Treutel, Carter and Daniel",Netherlands,52.370216,4.895168,Banking and Finance,Small (11-200),Laura Thompson,02/23/24,SAAS,Qualified,2,,,348,20,07/06/24,
Brekke LLC,Portugal,38.736946,-9.142685,IT & IT Services,Small (11-200),Laura Thompson,02/08/24,SAAS,Qualified,2,,,1908,40,04/17/24,
Franecki and Sons,Germany,52.520008,13.404954,Banking and Finance,Small (11-200),John Smith,01/06/24,Services,Qualified,2,,,433,50,04/11/24,
Ondricka-Heller,France,48.864716,2.349014,Transportation & Logistics,Small (11-200),Kevin Anderson,03/26/24,Custom solution,Qualified,2,,,325,40,06/18/24,
"Heidenreich, Hirthe and Kohler",Belgium,51.260197,4.402771,Banking and Finance,Small (11-200),Emily Johnson,01/29/24,SAAS,Qualified,2,,,970,20,11/21/24,
Donnelly-O'Keefe,Italy,41.902782,12.496366,IT & IT Services,Small (11-200),Michael Brown,02/26/24,SAAS,Qualified,2,,,325,20,06/08/24,
Johnston LLC,Switzerland,46.204391,6.143158,Banking and Finance,Small (11-200),Laura Thompson,05/19/24,Services,Qualified,2,,,206,20,01/15/25,
Runolfsdottir Inc,Germany,52.520008,13.404954,Manufacturing & Production,Small (11-200),Jessica Martinez,01/15/24,Services,Qualified,2,,,1001,50,01/03/25,
Glover Inc,Switzerland,46.204391,6.143158,IT & IT Services,Small (11-200),Laura Thompson,03/23/24,Services,Qualified,2,,,842,30,05/08/24,
Swaniawski-DuBuque,Germany,52.520008,13.404954,Recreation & Sports,Small (11-200),Laura Thompson,04/01/24,Services,Qualified,2,,,300,60,03/18/25,
"Schneider, Lowe and O'Kon",Italy,41.902782,12.496366,Energy & Utilities,Small (11-200),Jessica Martinez,01/04/24,Services,Qualified,2,,,1204,50,06/10/24,
Bergstrom and Sons,Austria,48.210033,16.363449,Transportation & Logistics,Small (11-200),Kevin Anderson,05/03/24,SAAS,Qualified,2,,,1834,40,11/27/24,
"Lueilwitz, Rodriguez and Wiegand",Italy,41.902782,12.496366,Professional Services  & Consulting,Small (11-200),Sarah Davis,05/17/24,Services,Qualified,2,,,444,30,05/07/25,
"Nitzsche, Howe and Anderson",France,48.864716,2.349014,IT & IT Services,Small (11-200),Sarah Davis,02/13/24,Services,Qualified,2,,,1107,20,10/19/24,
"Durgan, McLaughlin and Will",Italy,41.902782,12.496366,Education & Science,Small (11-200),Michael Brown,03/07/24,Services,Qualified,2,,,322,50,09/16/24,
"Terry, Mayer and Wehner",Portugal,38.736946,-9.142685,Government Administration Healthcare,Small (11-200),Michael Brown,02/11/24,Custom solution,Qualified,2,,,1872,100,12/15/24,
"Metz, Heaney and Hand",Belgium,51.260197,4.402771,Transportation & Logistics,Small (11-200),Michael Brown,05/04/24,SAAS,Qualified,2,,,1774,90,12/26/24,
Wilderman Group,France,48.864716,2.349014,Recreation & Sports,Small (11-200),Jessica Martinez,03/26/24,SAAS,Qualified,2,,,1981,30,03/01/25,
"MacGyver, McGlynn and Buckridge",Portugal,38.736946,-9.142685,Manufacturing & Production,Small (11-200),Laura Thompson,01/27/24,Custom solution,Qualified,2,,,1478,20,05/30/24,
Veum-Friesen,Germany,52.520008,13.404954,Professional Services  & Consulting,Small (11-200),David Wilson,02/21/24,Custom solution,Qualified,2,,,1199,40,11/08/24,
"Dibbert, Hayes and Doyle",Germany,52.520008,13.404954,Banking and Finance,Small (11-200),Emily Johnson,01/08/24,SAAS,Qualified,2,,,1042,20,03/26/24,
Bechtelar LLC,Germany,52.520008,13.404954,IT & IT Services,Small (11-200),Kevin Anderson,05/14/24,SAAS,Qualified,2,,,299,40,03/06/25,
"Crist, Cole and Hegmann",Switzerland,46.204391,6.143158,Government Administration Healthcare,Small (11-200),Jessica Martinez,01/21/24,SAAS,Qualified,2,,,1361,100,07/05/24,
"Kihn, Gusikowski and Kris",Switzerland,46.204391,6.143158,IT & IT Services,Small (11-200),Michael Brown,01/23/24,Services,Qualified,2,,,1946,90,03/18/24,
Farrell and Sons,Portugal,38.736946,-9.142685,Telecommunications,Small (11-200),Laura Thompson,02/09/24,Custom solution,Qualified,2,,,1528,50,09/20/24,
Cummings-Williamson,Italy,41.902782,12.496366,Transportation & Logistics,Small (11-200),Laura Thompson,03/29/24,SAAS,Qualified,2,,,1513,50,03/25/25,
Ritchie LLC,Italy,41.902782,12.496366,Telecommunications,Small (11-200),Laura Thompson,01/20/24,Services,Qualified,2,,,1901,10,04/18/24,
Ritchie-Luettgen,France,48.864716,2.349014,Retail & Distribution,Small (11-200),Laura Thompson,04/30/24,Custom solution,Qualified,2,,,1584,60,11/25/24,
Davis-Keebler,Italy,41.902782,12.496366,Transportation & Logistics,Small (11-200),Michael Brown,03/29/24,Services,Qualified,2,,,226,20,03/24/25,
Tremblay-Will,Italy,41.902782,12.496366,Professional Services  & Consulting,Small (11-200),Laura Thompson,03/26/24,Custom solution,Qualified,2,,,383,30,07/30/24,
Runte-O'Connell,Portugal,38.736946,-9.142685,Professional Services  & Consulting,Small (11-200),Emily Johnson,02/13/24,SAAS,Qualified,2,,,728,60,06/06/24,
Ziemann Group,Spain,40.416775,-3.70379,Transportation & Logistics,Small (11-200),Emily Johnson,02/05/24,Services,Qualified,2,,,258,30,01/30/25,
Pacocha Group,Portugal,38.736946,-9.142685,Education & Science,Small (11-200),Laura Thompson,03/22/24,Services,Qualified,2,,,466,30,11/15/24,
Runte-Feeney,Portugal,38.736946,-9.142685,Manufacturing & Production,Small (11-200),Jessica Martinez,05/06/24,SAAS,Qualified,2,,,1459,80,08/22/24,
Zemlak-Brekke,France,48.864716,2.349014,IT & IT Services,Small (11-200),Kevin Anderson,02/20/24,SAAS,Qualified,2,,,568,100,12/23/24,
Conn LLC,Austria,48.210033,16.363449,Government Administration Healthcare,Small (11-200),Jessica Martinez,01/27/24,SAAS,Qualified,2,,,1826,30,06/01/24,
Gibson-Ullrich,Germany,52.520008,13.404954,Banking and Finance,Small (11-200),John Smith,02/03/24,SAAS,Qualified,2,,,1939,70,08/11/24,
"Parker, Spencer and O'Conner",Italy,41.902782,12.496366,IT & IT Services,Small (11-200),Laura Thompson,05/24/24,Custom solution,Qualified,2,,,1039,40,12/15/24,
Maggio-Lehner,Italy,41.902782,12.496366,Banking and Finance,Small (11-200),Laura Thompson,02/29/24,SAAS,Qualified,2,,,247,30,10/23/24,
Yost-Ratke,France,48.864716,2.349014,Transportation & Logistics,Small (11-200),Laura Thompson,05/23/24,Custom solution,Qualified,2,,,274,20,01/13/25,
McGlynn-Nitzsche,Italy,41.902782,12.496366,Construction & Engineering,Small (11-200),Laura Thompson,03/27/24,Custom solution,Qualified,2,,,686,90,08/15/24,
Schuster-Pfeffer,Germany,52.520008,13.404954,Recreation & Sports,Small (11-200),Emily Johnson,01/28/24,Services,Qualified,2,,,1568,20,04/21/24,
"Hagenes, Schinner and Leannon",Germany,52.520008,13.404954,Transportation & Logistics,Small (11-200),Laura Thompson,01/08/24,Services,Qualified,2,,,1191,80,07/06/24,
Fahey-Kozey,Austria,48.210033,16.363449,Transportation & Logistics,Small (11-200),Emily Johnson,03/30/24,Services,Qualified,2,,,386,50,01/21/25,
Harber LLC,Germany,52.520008,13.404954,IT & IT Services,Small (11-200),Jessica Martinez,01/02/24,Services,Qualified,2,,,535,20,08/23/24,
"Wunsch, Spencer and Baumbach",Switzerland,46.204391,6.143158,Manufacturing & Production,Small (11-200),Laura Thompson,04/22/24,Custom solution,Qualified,2,,,1832,50,03/11/25,
Lindgren Group,Portugal,38.736946,-9.142685,Construction & Engineering,Small (11-200),Michael Brown,03/20/24,Services,Qualified,2,,,1175,40,04/26/24,
"Moore, Emard and Larkin",Germany,52.520008,13.404954,Telecommunications,Small (11-200),Jessica Martinez,05/13/24,Services,Qualified,2,,,894,50,11/12/24,
Bahringer LLC,Switzerland,46.204391,6.143158,IT & IT Services,Small (11-200),Emily Johnson,05/12/24,SAAS,Qualified,2,,,291,50,08/27/24,
"Koepp, Zemlak and Ortiz",Netherlands,52.370216,4.895168,Manufacturing & Production,Small (11-200),Sarah Davis,03/03/24,Custom solution,Qualified,2,,,1118,20,10/04/24,
Jacobson Group,Italy,41.902782,12.496366,Agriculture & Mining,Small (11-200),Emily Johnson,05/19/24,Services,Qualified,2,,,427,30,12/21/24,
Fritsch-Greenfelder,Netherlands,52.370216,4.895168,Banking and Finance,Small (11-200),Emily Johnson,05/28/24,Custom solution,Qualified,2,,,1236,20,03/20/25,
"Balistreri, Mosciski and Emmerich",Switzerland,46.204391,6.143158,Banking and Finance,Small (11-200),David Wilson,01/18/24,Services,Qualified,2,,,707,100,08/03/24,
Schumm and Sons,Switzerland,46.204391,6.143158,Government Administration Healthcare,Small (11-200),Laura Thompson,01/28/24,Custom solution,Qualified,2,,,420,20,05/21/24,
O'Keefe LLC,Belgium,51.260197,4.402771,IT & IT Services,Small (11-200),Michael Brown,05/26/24,SAAS,Qualified,2,,,1986,60,01/30/25,
"Reinger, Wiegand and O'Reilly",Spain,40.416775,-3.70379,IT & IT Services,Small (11-200),Michael Brown,04/27/24,SAAS,Qualified,2,,,901,50,07/30/24,
McDermott-Jenkins,Portugal,38.736946,-9.142685,IT & IT Services,Small (11-200),Sarah Davis,05/16/24,Services,Qualified,2,,,1164,60,03/30/25,
Trantow LLC,Italy,41.902782,12.496366,Entertainment & Media & Hospitality,Small (11-200),Emily Johnson,05/21/24,SAAS,Qualified,2,,,1661,40,04/06/25,
Gutmann and Sons,Italy,41.902782,12.496366,Banking and Finance,Small (11-200),Michael Brown,05/16/24,Services,Qualified,2,,,1096,20,01/24/25,
"Goyette, D'Amore and Murphy",France,48.864716,2.349014,IT & IT Services,Small (11-200),Emily Johnson,02/10/24,Services,Qualified,2,,,379,40,11/30/24,
Beier Group,Italy,41.902782,12.496366,Education & Science,Small (11-200),John Smith,04/28/24,SAAS,Qualified,2,,,1368,20,10/30/24,
McGlynn-Shanahan,Italy,41.902782,12.496366,Energy & Utilities,Small (11-200),Jessica Martinez,03/26/24,SAAS,Qualified,2,,,1691,60,02/23/25,
Kuvalis-Casper,Spain,40.416775,-3.70379,Transportation & Logistics,Small (11-200),Emily Johnson,05/21/24,Services,Qualified,2,,,543,40,12/07/24,
Hintz LLC,Belgium,51.260197,4.402771,IT & IT Services,Small (11-200),Emily Johnson,01/06/24,SAAS,Qualified,2,,,231,40,07/05/24,
Boehm-Yundt,Italy,41.902782,12.496366,Construction & Engineering,Small (11-200),Emily Johnson,05/21/24,SAAS,Qualified,2,,,1295,20,09/03/24,
"Borer, Cassin and Fahey",France,48.864716,2.349014,IT & IT Services,Small (11-200),Laura Thompson,01/10/24,Custom solution,Qualified,2,,,730,80,09/12/24,
"Pfannerstill, Turcotte and Stokes",Portugal,38.736946,-9.142685,Entertainment & Media & Hospitality,Small (11-200),John Smith,01/09/24,Custom solution,Qualified,2,,,1201,20,07/30/24,
Rogahn-Ward,Italy,41.902782,12.496366,Retail & Distribution,Small (11-200),Jessica Martinez,02/12/24,SAAS,Qualified,2,,,1687,90,02/06/25,
Gutmann LLC,Portugal,38.736946,-9.142685,Agriculture & Mining,Small (11-200),Jessica Martinez,05/28/24,Services,Qualified,2,,,822,30,04/30/25,
"Morar, Lueilwitz and Brekke",Spain,40.416775,-3.70379,Energy & Utilities,Small (11-200),David Wilson,03/05/24,SAAS,Qualified,2,,,1008,30,01/04/25,
Green Inc,Portugal,38.736946,-9.142685,Manufacturing & Production,Small (11-200),Laura Thompson,04/15/24,SAAS,Qualified,2,,,1973,30,11/21/24,
Beer-Schowalter,France,48.864716,2.349014,Energy & Utilities,Small (11-200),Emily Johnson,04/26/24,Services,Qualified,2,,,1811,50,03/25/25,
Swift LLC,Portugal,38.736946,-9.142685,Professional Services  & Consulting,Small (11-200),Emily Johnson,01/10/24,Custom solution,Qualified,2,,,934,40,04/04/24,
"Heathcote, Price and Morar",Germany,52.520008,13.404954,Transportation & Logistics,Small (11-200),John Smith,05/24/24,Custom solution,Qualified,2,,,262,90,09/24/24,
"Mayert, Dicki and Boehm",Germany,52.520008,13.404954,IT & IT Services,Small (11-200),Kevin Anderson,01/15/24,Custom solution,Qualified,2,,,879,90,01/02/25,
Kassulke-Kunde,France,48.864716,2.349014,Agriculture & Mining,Small (11-200),Sarah Davis,04/20/24,SAAS,Qualified,2,,,1305,50,02/01/25,
Bauch and Sons,Portugal,38.736946,-9.142685,Professional Services  & Consulting,Small (11-200),Sarah Davis,05/20/24,Services,Qualified,2,,,1704,100,11/17/24,
Mayert-Gleason,France,48.864716,2.349014,Construction & Engineering,Small (11-200),Emily Johnson,05/06/24,SAAS,Qualified,2,,,261,40,07/04/24,
Sporer-Hermann,Netherlands,52.370216,4.895168,Government Administration Healthcare,Small (11-200),Laura Thompson,02/02/24,Custom solution,Qualified,2,,,1268,20,09/12/24,
Zoomzone,Belgium,51.260197,4.402771,IT & IT Services,Micro (1-10),Michael Brown,04/19/24,SAAS,Qualified,2,,,327,40,03/20/25,
Talane,Portugal,38.736946,-9.142685,Recreation & Sports,Micro (1-10),Sarah Davis,03/10/24,Custom solution,Qualified,2,,,911,40,01/30/25,
Realmix,France,48.864716,2.349014,Transportation & Logistics,Micro (1-10),Laura Thompson,05/20/24,Services,Qualified,2,,,632,60,01/20/25,
Riffpedia,Switzerland,46.204391,6.143158,Government Administration Healthcare,Micro (1-10),Laura Thompson,01/16/24,SAAS,Qualified,2,,,331,30,04/17/24,
Devshare,Switzerland,46.204391,6.143158,Banking and Finance,Micro (1-10),Emily Johnson,01/31/24,SAAS,Qualified,2,,,1012,50,09/14/24,
Livefish,Switzerland,46.204391,6.143158,Retail & Distribution,Micro (1-10),Jessica Martinez,01/19/24,Custom solution,Qualified,2,,,600,30,11/19/24,
Jamia,Italy,41.902782,12.496366,Education & Science,Micro (1-10),Emily Johnson,04/22/24,SAAS,Qualified,2,,,338,30,02/08/25,
Gigabox,Italy,41.902782,12.496366,Retail & Distribution,Micro (1-10),Michael Brown,01/28/24,Custom solution,Qualified,2,,,410,30,05/29/24,
Eare,Belgium,51.260197,4.402771,Construction & Engineering,Micro (1-10),Jessica Martinez,04/24/24,Services,Qualified,2,,,830,20,09/03/24,
Linktype,France,48.864716,2.349014,Government Administration Healthcare,Micro (1-10),Jessica Martinez,03/22/24,Services,Qualified,2,,,417,40,05/08/24,
Thoughtmix,Germany,52.520008,13.404954,Banking and Finance,Micro (1-10),Laura Thompson,01/02/24,Services,Qualified,2,,,801,10,11/26/24,
Wolf-Dooley,Italy,41.902782,12.496366,Transportation & Logistics,Micro (1-10),David Wilson,03/13/24,SAAS,Qualified,2,,,632,60,03/07/25,
"Jacobs, Abernathy and Bernier",Austria,48.210033,16.363449,Education & Science,Micro (1-10),Laura Thompson,03/10/24,SAAS,Qualified,2,,,720,40,04/17/24,
Renner LLC,Austria,48.210033,16.363449,Entertainment & Media & Hospitality,Micro (1-10),Laura Thompson,04/21/24,Custom solution,Qualified,2,,,815,20,08/05/24,
Connelly-Jaskolski,Switzerland,46.204391,6.143158,Education & Science,Micro (1-10),Emily Johnson,01/18/24,Services,Qualified,2,,,1026,10,12/11/24,
Dooley LLC,France,48.864716,2.349014,Government Administration Healthcare,Micro (1-10),Jessica Martinez,03/01/24,Custom solution,Qualified,2,,,308,30,07/17/24,
Rempel Inc,Belgium,51.260197,4.402771,IT & IT Services,Micro (1-10),Kevin Anderson,03/05/24,SAAS,Qualified,2,,,1199,30,08/22/24,
Schaden Group,France,48.864716,2.349014,Government Administration Healthcare,Micro (1-10),Jessica Martinez,05/13/24,SAAS,Qualified,2,,,984,90,07/05/24,
Dickens-Franecki,Belgium,51.260197,4.402771,Telecommunications,Micro (1-10),Jessica Martinez,01/27/24,SAAS,Qualified,2,,,991,20,08/25/24,
"Champlin, Hamill and Olson",Italy,41.902782,12.496366,Transportation & Logistics,Micro (1-10),Michael Brown,01/31/24,Services,Qualified,2,,,1141,20,05/06/24,
Kirlin-Volkman,Austria,48.210033,16.363449,Transportation & Logistics,Micro (1-10),Kevin Anderson,05/11/24,Services,Qualified,2,,,1186,90,02/12/25,
Grant LLC,Austria,48.210033,16.363449,IT & IT Services,Micro (1-10),Michael Brown,05/25/24,SAAS,Qualified,2,,,1054,80,03/22/25,
"Hamill, Gleason and Padberg",Germany,52.520008,13.404954,Agriculture & Mining,Micro (1-10),John Smith,02/19/24,SAAS,Qualified,2,,,816,40,08/28/24,
Bauch-Wintheiser,Germany,52.520008,13.404954,Retail & Distribution,Micro (1-10),Jessica Martinez,02/17/24,Services,Qualified,2,,,415,10,09/08/24,
Torp-Rohan,Switzerland,46.204391,6.143158,Banking and Finance,Micro (1-10),Michael Brown,03/28/24,Services,Qualified,2,,,349,60,11/09/24,
Vandervort-Barton,Portugal,38.736946,-9.142685,Telecommunications,Micro (1-10),Laura Thompson,05/11/24,Custom solution,Qualified,2,,,284,100,11/05/24,
Corwin Group,France,48.864716,2.349014,Professional Services  & Consulting,Micro (1-10),John Smith,01/24/24,SAAS,Qualified,2,,,540,60,10/27/24,
Tillman-Herman,Switzerland,46.204391,6.143158,IT & IT Services,Micro (1-10),Michael Brown,05/14/24,Services,Qualified,2,,,751,40,01/02/25,
"Nader, Kozey and Sawayn",Germany,52.520008,13.404954,Government Administration Healthcare,Micro (1-10),Sarah Davis,05/19/24,SAAS,Qualified,2,,,316,50,03/16/25,
Kohler-Rice,Netherlands,52.370216,4.895168,Education & Science,Micro (1-10),Laura Thompson,02/20/24,SAAS,Qualified,2,,,1185,20,05/23/24,
Oberbrunner Group,Italy,41.902782,12.496366,IT & IT Services,Micro (1-10),John Smith,04/10/24,SAAS,Qualified,2,,,927,40,09/25/24,
Parisian-Schoen,Switzerland,46.204391,6.143158,IT & IT Services,Micro (1-10),Emily Johnson,05/16/24,SAAS,Qualified,2,,,1175,50,03/10/25,
"Orn, Bogan and Schowalter",Switzerland,46.204391,6.143158,Education & Science,Micro (1-10),Jessica Martinez,01/04/24,Services,Qualified,2,,,309,60,12/03/24,
"Pfannerstill, Cummings and Cormier",Italy,41.902782,12.496366,Banking and Finance,Micro (1-10),Laura Thompson,04/24/24,SAAS,Qualified,2,,,684,30,02/06/25,
Yost-Larkin,Switzerland,46.204391,6.143158,Manufacturing & Production,Micro (1-10),David Wilson,01/20/24,SAAS,Qualified,2,,,221,20,07/13/24,
Von-O'Hara,France,48.864716,2.349014,Education & Science,Micro (1-10),Sarah Davis,04/20/24,Services,Qualified,2,,,856,50,02/06/25,
Pollich LLC,Germany,52.520008,13.404954,Banking and Finance,Micro (1-10),Emily Johnson,03/21/24,SAAS,Qualified,2,,,366,30,03/18/25,
Murazik Group,Portugal,38.736946,-9.142685,Transportation & Logistics,Micro (1-10),John Smith,03/14/24,SAAS,Qualified,2,,,983,60,03/12/25,
Hettinger-Cummings,Portugal,38.736946,-9.142685,Professional Services  & Consulting,Micro (1-10),Jessica Martinez,03/08/24,Services,Qualified,2,,,1068,30,05/04/24,
"Wilkinson, Dickens and Mills",Portugal,38.736946,-9.142685,Telecommunications,Micro (1-10),Sarah Davis,01/26/24,SAAS,Qualified,2,,,322,40,05/23/24,
Schmitt Inc,Italy,41.902782,12.496366,Education & Science,Micro (1-10),Laura Thompson,02/06/24,Custom solution,Qualified,2,,,242,70,07/02/24,
"Rogahn, Gusikowski and Lehner",Germany,52.520008,13.404954,Construction & Engineering,Micro (1-10),Laura Thompson,03/22/24,SAAS,Qualified,2,,,752,60,08/20/24,
Schaden-Davis,Netherlands,52.370216,4.895168,Banking and Finance,Micro (1-10),Laura Thompson,04/29/24,SAAS,Qualified,2,,,608,70,12/25/24,
"Pagac, Crona and Dare",Italy,41.902782,12.496366,IT & IT Services,Micro (1-10),Laura Thompson,05/15/24,SAAS,Qualified,2,,,571,40,06/28/24,
"Macejkovic, Kemmer and Sawayn",Austria,48.210033,16.363449,IT & IT Services,Micro (1-10),Kevin Anderson,02/27/24,Services,Qualified,2,,,970,30,08/02/24,
Luettgen Group,Spain,40.416775,-3.70379,Transportation & Logistics,Micro (1-10),Emily Johnson,05/29/24,Custom solution,Qualified,2,,,351,80,11/07/24,
Fisher Inc,Italy,41.902782,12.496366,Professional Services  & Consulting,Micro (1-10),Laura Thompson,02/10/24,Custom solution,Qualified,2,,,1029,40,06/03/24,
Greenholt and Sons,France,48.864716,2.349014,Agriculture & Mining,Micro (1-10),David Wilson,03/31/24,Custom solution,Qualified,2,,,866,30,12/17/24,
McDermott Inc,Austria,48.210033,16.363449,Professional Services  & Consulting,Micro (1-10),Jessica Martinez,03/23/24,Services,Qualified,2,,,478,30,06/04/24,
"Collins, Bruen and Hahn",Switzerland,46.204391,6.143158,IT & IT Services,Micro (1-10),Laura Thompson,03/28/24,SAAS,Qualified,2,,,936,30,07/14/24,
Beier LLC,Germany,52.520008,13.404954,Telecommunications,Micro (1-10),Laura Thompson,01/05/24,SAAS,Qualified,2,,,280,80,04/12/24,
Mraz-Smitham,Switzerland,46.204391,6.143158,Government Administration Healthcare,Micro (1-10),Jessica Martinez,01/27/24,SAAS,Qualified,2,,,398,50,11/22/24,
Jacobs and Sons,Germany,52.520008,13.404954,Telecommunications,Micro (1-10),John Smith,04/18/24,SAAS,Qualified,2,,,931,70,10/06/24,
Sanford and Sons,France,48.864716,2.349014,Retail & Distribution,Micro (1-10),John Smith,02/22/24,SAAS,Qualified,2,,,807,40,12/31/24,
Gislason Group,Germany,52.520008,13.404954,Entertainment & Media & Hospitality,Micro (1-10),Jessica Martinez,03/25/24,SAAS,Qualified,2,,,262,20,08/27/24,
"Littel, Leuschke and Bernier",Austria,48.210033,16.363449,Manufacturing & Production,Micro (1-10),Jessica Martinez,01/02/24,Services,Qualified,2,,,710,40,10/30/24,
Collier Inc,Portugal,38.736946,-9.142685,Construction & Engineering,Micro (1-10),Jessica Martinez,05/04/24,SAAS,Qualified,2,,,853,60,01/26/25,
Towne Group,France,48.864716,2.349014,Education & Science,Micro (1-10),Laura Thompson,03/02/24,SAAS,Qualified,2,,,345,70,04/21/24,
Kris and Sons,Germany,52.520008,13.404954,Energy & Utilities,Micro (1-10),Sarah Davis,03/21/24,Custom solution,Qualified,2,,,263,20,05/16/24,
Wolf-Boyle,Portugal,38.736946,-9.142685,Energy & Utilities,Micro (1-10),Jessica Martinez,04/08/24,SAAS,Qualified,2,,,461,60,08/13/24,
Schuppe-Roberts,Portugal,38.736946,-9.142685,Entertainment & Media & Hospitality,Micro (1-10),Laura Thompson,02/13/24,SAAS,Qualified,2,,,1082,80,01/02/25,
Morar-Towne,Switzerland,46.204391,6.143158,Government Administration Healthcare,Micro (1-10),John Smith,01/26/24,SAAS,Qualified,2,,,1145,60,12/05/24,
Kris LLC,Austria,48.210033,16.363449,Education & Science,Micro (1-10),Emily Johnson,03/22/24,SAAS,Qualified,2,,,300,20,05/15/24,
"McGlynn, VonRueden and Stanton",Germany,52.520008,13.404954,Transportation & Logistics,Micro (1-10),David Wilson,04/10/24,Services,Qualified,2,,,497,80,02/06/25,
Witting LLC,Portugal,38.736946,-9.142685,Transportation & Logistics,Micro (1-10),Emily Johnson,02/26/24,Services,Qualified,2,,,423,10,03/27/24,
Stehr-Schultz,Austria,48.210033,16.363449,Retail & Distribution,Micro (1-10),Laura Thompson,04/28/24,SAAS,Qualified,2,,,1077,20,01/24/25,
Hartmann-Upton,Belgium,51.260197,4.402771,Banking and Finance,Micro (1-10),Laura Thompson,05/21/24,Services,Qualified,2,,,1156,70,06/19/24,
"Orn, Langosh and Adams",Germany,52.520008,13.404954,Banking and Finance,Micro (1-10),Laura Thompson,05/10/24,SAAS,Qualified,2,,,348,60,04/04/25,
Graham-Lueilwitz,France,48.864716,2.349014,Construction & Engineering,Micro (1-10),Michael Brown,04/17/24,Custom solution,Qualified,2,,,933,70,12/20/24,
Morissette-Witting,Switzerland,46.204391,6.143158,Professional Services  & Consulting,Micro (1-10),Jessica Martinez,01/28/24,SAAS,Qualified,2,,,576,80,12/17/24,
"Christiansen, Ondricka and Cummings",Portugal,38.736946,-9.142685,Retail & Distribution,Micro (1-10),David Wilson,02/12/24,Services,Qualified,2,,,617,40,06/11/24,
Dicki Group,Portugal,38.736946,-9.142685,Professional Services  & Consulting,Micro (1-10),John Smith,04/13/24,Services,Qualified,2,,,602,30,03/04/25,
Pouros-Ferry,France,48.864716,2.349014,Transportation & Logistics,Micro (1-10),Kevin Anderson,04/05/24,Services,Qualified,2,,,708,50,11/23/24,
"Gutkowski, Dibbert and Brekke",France,48.864716,2.349014,Banking and Finance,Micro (1-10),Emily Johnson,03/30/24,Custom solution,Qualified,2,,,418,30,05/11/24,
"Ratke, Considine and Dicki",Portugal,38.736946,-9.142685,Retail & Distribution,Micro (1-10),Laura Thompson,02/05/24,SAAS,Qualified,2,,,269,70,11/21/24,
"Schamberger, Wolff and Strosin",Netherlands,52.370216,4.895168,Entertainment & Media & Hospitality,Micro (1-10),Emily Johnson,02/25/24,SAAS,Qualified,2,,,945,40,07/17/24,
"Jacobson, White and Murray",Portugal,38.736946,-9.142685,Transportation & Logistics,Micro (1-10),Jessica Martinez,04/22/24,Custom solution,Qualified,2,,,432,40,08/22/24,
Carroll-Kulas,Switzerland,46.204391,6.143158,IT & IT Services,Micro (1-10),Kevin Anderson,03/14/24,SAAS,Qualified,2,,,1096,40,11/11/24,
Kuhic-Lebsack,Italy,41.902782,12.496366,IT & IT Services,Micro (1-10),Michael Brown,01/19/24,SAAS,Qualified,2,,,566,20,12/19/24,
"Hilpert, Robel and Conn",Switzerland,46.204391,6.143158,Transportation & Logistics,Micro (1-10),Michael Brown,03/20/24,SAAS,Qualified,2,,,1146,20,08/16/24,
Windler-Vandervort,Italy,41.902782,12.496366,Retail & Distribution,Micro (1-10),David Wilson,01/22/24,SAAS,Qualified,2,,,1140,30,06/01/24,
"Champlin, Mueller and Nader",Germany,52.520008,13.404954,Transportation & Logistics,Micro (1-10),Jessica Martinez,05/08/24,SAAS,Qualified,2,,,632,40,11/28/24,
Feest-Flatley,Portugal,38.736946,-9.142685,Government Administration Healthcare,Micro (1-10),Emily Johnson,01/23/24,Custom solution,Qualified,2,,,487,30,06/05/24,
"Kozey, Wiegand and Balistreri",Spain,40.416775,-3.70379,Energy & Utilities,Micro (1-10),Kevin Anderson,05/15/24,SAAS,Qualified,2,,,469,70,04/08/25,
"Cartwright, Deckow and Hettinger",Switzerland,46.204391,6.143158,Transportation & Logistics,Micro (1-10),Michael Brown,02/01/24,SAAS,Qualified,2,,,316,60,11/29/24,
"Funk, Orn and Ziemann",Italy,41.902782,12.496366,IT & IT Services,Micro (1-10),Michael Brown,01/02/24,SAAS,Qualified,2,,,1134,70,11/07/24,
"Lind, Kris and Dach",Netherlands,52.370216,4.895168,Telecommunications,Micro (1-10),Jessica Martinez,01/23/24,SAAS,Qualified,2,,,1183,40,06/19/24,
Von Inc,Italy,41.902782,12.496366,Entertainment & Media & Hospitality,Micro (1-10),Emily Johnson,01/04/24,SAAS,Qualified,2,,,521,80,04/30/24,
"Kuhic, Kiehn and Satterfield",Germany,52.520008,13.404954,Retail & Distribution,Micro (1-10),Kevin Anderson,01/26/24,Custom solution,Qualified,2,,,510,40,06/17/24,
"Ratke, Schowalter and Hilpert",Italy,41.902782,12.496366,Transportation & Logistics,Micro (1-10),Sarah Davis,03/14/24,Services,Qualified,2,,,219,70,09/01/24,
"Lakin, Langworth and Kozey",Switzerland,46.204391,6.143158,Manufacturing & Production,Micro (1-10),Emily Johnson,05/06/24,SAAS,Qualified,2,,,1163,10,01/18/25,
"Ankunding, Nienow and Larson",Belgium,51.260197,4.402771,Manufacturing & Production,Micro (1-10),Laura Thompson,04/19/24,SAAS,Qualified,2,,,578,80,11/30/24,
"Parisian, Breitenberg and Prohaska",Germany,52.520008,13.404954,Energy & Utilities,Micro (1-10),Jessica Martinez,04/22/24,SAAS,Qualified,2,,,701,30,02/04/25,
Stoltenberg and Sons,Switzerland,46.204391,6.143158,Professional Services  & Consulting,Micro (1-10),Michael Brown,04/21/24,SAAS,Qualified,2,,,779,100,07/27/24,
Haag-Fisher,Italy,41.902782,12.496366,Transportation & Logistics,Micro (1-10),Michael Brown,05/02/24,SAAS,Qualified,2,,,1083,40,07/28/24,
Ledner-Kessler,Switzerland,46.204391,6.143158,Transportation & Logistics,Micro (1-10),Laura Thompson,05/06/24,Custom solution,Qualified,2,,,414,60,04/07/25,
Hodkiewicz-Greenfelder,France,48.864716,2.349014,Transportation & Logistics,Micro (1-10),Emily Johnson,02/01/24,SAAS,Qualified,2,,,472,20,06/21/24,
"Bode, Ritchie and Koss",Germany,52.520008,13.404954,Professional Services  & Consulting,Micro (1-10),Laura Thompson,05/14/24,SAAS,Qualified,2,,,212,100,03/22/25,
"Yundt, Stokes and Effertz",Germany,52.520008,13.404954,Professional Services  & Consulting,Micro (1-10),Laura Thompson,01/25/24,Services,Qualified,2,,,911,50,09/22/24,
"Mills, Hilll and Strosin",Belgium,51.260197,4.402771,Banking and Finance,Micro (1-10),Jessica Martinez,05/01/24,Custom solution,Qualified,2,,,907,60,12/25/24,
Rodriguez-Cummings,Germany,52.520008,13.404954,Professional Services  & Consulting,Micro (1-10),Laura Thompson,03/25/24,Services,Qualified,2,,,588,20,05/03/24,
Spencer LLC,France,48.864716,2.349014,IT & IT Services,Micro (1-10),Kevin Anderson,05/26/24,SAAS,Qualified,2,,,593,60,01/19/25,
Mayert-Reinger,Italy,41.902782,12.496366,Transportation & Logistics,Micro (1-10),David Wilson,03/07/24,Services,Qualified,2,,,615,30,01/11/25,
"Hand, Strosin and Toy",France,48.864716,2.349014,Telecommunications,Micro (1-10),Jessica Martinez,04/12/24,Custom solution,Qualified,2,,,1138,20,01/30/25,
"Hegmann, Bergnaum and White",Spain,40.416775,-3.70379,IT & IT Services,Micro (1-10),Laura Thompson,04/06/24,SAAS,Qualified,2,,,273,20,12/22/24,
"Heathcote, Thiel and Aufderhar",Belgium,51.260197,4.402771,Government Administration Healthcare,Micro (1-10),Michael Brown,04/10/24,SAAS,Qualified,2,,,585,90,06/10/24,
White-Davis,Italy,41.902782,12.496366,Transportation & Logistics,Micro (1-10),Jessica Martinez,02/04/24,Services,Qualified,2,,,414,30,05/18/24,
Nader-Stroman,France,48.864716,2.349014,IT & IT Services,Micro (1-10),Laura Thompson,05/17/24,SAAS,Qualified,2,,,944,30,03/27/25,
Crooks-Schimmel,France,48.864716,2.349014,IT & IT Services,Micro (1-10),John Smith,03/04/24,SAAS,Qualified,2,,,922,100,07/27/24,
Stroman-Yundt,Spain,40.416775,-3.70379,Construction & Engineering,Micro (1-10),Sarah Davis,02/10/24,SAAS,Qualified,2,,,499,30,11/14/24,
"Reinger, Marquardt and Durgan",Switzerland,46.204391,6.143158,Education & Science,Micro (1-10),Jessica Martinez,04/21/24,Services,Qualified,2,,,971,10,04/21/25,
Hermann and Sons,Switzerland,46.204391,6.143158,Transportation & Logistics,Micro (1-10),Emily Johnson,05/05/24,Services,Qualified,2,,,334,30,05/27/24,
Robel Inc,Switzerland,46.204391,6.143158,IT & IT Services,Micro (1-10),Michael Brown,02/09/24,SAAS,Qualified,2,,,662,30,02/07/25,
Hilll-Skiles,Switzerland,46.204391,6.143158,Transportation & Logistics,Micro (1-10),Laura Thompson,03/05/24,SAAS,Qualified,2,,,618,40,04/09/24,
"Pagac, Huel and Emmerich",Switzerland,46.204391,6.143158,Transportation & Logistics,Micro (1-10),Michael Brown,04/28/24,SAAS,Qualified,2,,,567,30,03/30/25,
"Klein, Wintheiser and Macejkovic",Italy,41.902782,12.496366,IT & IT Services,Micro (1-10),Kevin Anderson,03/18/24,Services,Qualified,2,,,604,40,02/18/25,
"Swift, Kunze and Schumm",Netherlands,52.370216,4.895168,Professional Services  & Consulting,Micro (1-10),Jessica Martinez,03/12/24,Services,Qualified,2,,,473,70,05/12/24,
"Lubowitz, Padberg and Romaguera",Italy,41.902782,12.496366,IT & IT Services,Micro (1-10),John Smith,05/21/24,Services,Qualified,2,,,633,50,02/08/25,
Flatley-Huels,Portugal,38.736946,-9.142685,Banking and Finance,Micro (1-10),Laura Thompson,01/27/24,SAAS,Qualified,2,,,536,40,02/16/24,
"McDermott, Balistreri and Effertz",Germany,52.520008,13.404954,Recreation & Sports,Micro (1-10),Michael Brown,05/26/24,SAAS,Qualified,2,,,854,60,07/02/24,
Wordify,Portugal,38.736946,-9.142685,Entertainment & Media & Hospitality,Medium (201-500),Michael Brown,05/20/24,Services,Qualified,2,,,1839,80,06/09/24,
Fivechat,Germany,52.520008,13.404954,Banking and Finance,Medium (201-500),Laura Thompson,02/05/24,SAAS,Qualified,2,,,1689,40,04/29/24,
Dazzlesphere,France,48.864716,2.349014,Education & Science,Medium (201-500),Jessica Martinez,04/23/24,Custom solution,Qualified,2,,,984,30,02/09/25,
Meejo,France,48.864716,2.349014,Government Administration Healthcare,Medium (201-500),Laura Thompson,03/11/24,SAAS,Qualified,2,,,5945,20,04/22/24,
Ozu,Portugal,38.736946,-9.142685,Transportation & Logistics,Medium (201-500),Kevin Anderson,03/15/24,Services,Qualified,2,,,992,20,05/18/24,
Voonte,Netherlands,52.370216,4.895168,Transportation & Logistics,Medium (201-500),Jessica Martinez,03/15/24,SAAS,Qualified,2,,,1516,40,07/05/24,
Jabbersphere,Spain,40.416775,-3.70379,Transportation & Logistics,Medium (201-500),David Wilson,02/01/24,Services,Qualified,2,,,1937,60,05/11/24,
Gabcube,Italy,41.902782,12.496366,Banking and Finance,Medium (201-500),Sarah Davis,02/19/24,SAAS,Qualified,2,,,377,40,04/08/24,
Zoombox,Spain,40.416775,-3.70379,Banking and Finance,Medium (201-500),Laura Thompson,01/10/24,SAAS,Qualified,2,,,7200,40,07/28/24,
Oyope,Netherlands,52.370216,4.895168,Entertainment & Media & Hospitality,Medium (201-500),Emily Johnson,04/05/24,SAAS,Qualified,2,,,6884,100,11/09/24,
Topicstorm,Spain,40.416775,-3.70379,Telecommunications,Medium (201-500),Laura Thompson,03/01/24,Services,Qualified,2,,,3935,70,07/19/24,
Vidoo,Switzerland,46.204391,6.143158,Banking and Finance,Medium (201-500),Sarah Davis,02/14/24,SAAS,Qualified,2,,,5401,30,01/07/25,
Gabtype,Germany,52.520008,13.404954,Manufacturing & Production,Medium (201-500),Emily Johnson,02/14/24,SAAS,Qualified,2,,,3336,40,02/10/25,
Skyba,Germany,52.520008,13.404954,Banking and Finance,Medium (201-500),Laura Thompson,01/21/24,SAAS,Qualified,2,,,2944,30,04/24/24,
Dynava,France,48.864716,2.349014,Recreation & Sports,Medium (201-500),Michael Brown,01/05/24,Services,Qualified,2,,,2186,30,06/14/24,
Oyoyo,Italy,41.902782,12.496366,Education & Science,Medium (201-500),Emily Johnson,03/24/24,Custom solution,Qualified,2,,,6479,100,11/25/24,
Roombo,France,48.864716,2.349014,Transportation & Logistics,Medium (201-500),Jessica Martinez,01/19/24,SAAS,Qualified,2,,,6526,10,11/24/24,
Jabberbean,Switzerland,46.204391,6.143158,Energy & Utilities,Medium (201-500),Laura Thompson,04/22/24,SAAS,Qualified,2,,,4638,40,10/12/24,
Yakijo,Italy,41.902782,12.496366,Banking and Finance,Medium (201-500),Jessica Martinez,01/05/24,SAAS,Qualified,2,,,4652,60,02/04/24,
Mudo,Italy,41.902782,12.496366,Telecommunications,Medium (201-500),Kevin Anderson,01/06/24,Services,Qualified,2,,,5941,50,07/08/24,
Avavee,Portugal,38.736946,-9.142685,Retail & Distribution,Medium (201-500),Laura Thompson,04/14/24,SAAS,Qualified,2,,,3370,50,07/17/24,
Zoomdog,Germany,52.520008,13.404954,Recreation & Sports,Medium (201-500),Laura Thompson,04/01/24,Services,Qualified,2,,,7093,40,03/31/25,
Latz,France,48.864716,2.349014,Energy & Utilities,Medium (201-500),Michael Brown,05/30/24,Services,Qualified,2,,,4407,40,04/10/25,
Voonder,Spain,40.416775,-3.70379,Construction & Engineering,Medium (201-500),Jessica Martinez,04/22/24,Services,Qualified,2,,,2950,30,03/03/25,
Heller-Sanford,Portugal,38.736946,-9.142685,Government Administration Healthcare,Medium (201-500),David Wilson,05/26/24,Services,Qualified,2,,,2431,20,11/09/24,
"Aufderhar, Crona and Wilkinson",France,48.864716,2.349014,Telecommunications,Medium (201-500),Jessica Martinez,05/11/24,SAAS,Qualified,2,,,2924,30,03/09/25,
"Smitham, Russel and O'Connell",Austria,48.210033,16.363449,Banking and Finance,Medium (201-500),Michael Brown,01/26/24,Services,Qualified,2,,,7400,30,06/10/24,
"Boehm, Rosenbaum and Beahan",Spain,40.416775,-3.70379,Government Administration Healthcare,Medium (201-500),Laura Thompson,02/23/24,SAAS,Qualified,2,,,3191,40,11/21/24,
"Parisian, MacGyver and Moen",Spain,40.416775,-3.70379,Education & Science,Medium (201-500),Laura Thompson,02/10/24,Services,Qualified,2,,,7968,20,08/31/24,
Reichert-Howe,France,48.864716,2.349014,Banking and Finance,Medium (201-500),Michael Brown,05/12/24,Services,Qualified,2,,,5251,20,08/23/24,
Beahan Group,Switzerland,46.204391,6.143158,Transportation & Logistics,Medium (201-500),Laura Thompson,02/24/24,Services,Qualified,2,,,7458,40,12/07/24,
Fahey-Pouros,Belgium,51.260197,4.402771,IT & IT Services,Medium (201-500),Emily Johnson,01/16/24,SAAS,Qualified,2,,,2346,10,07/25/24,
"Zemlak, O'Hara and Wilderman",Italy,41.902782,12.496366,Professional Services  & Consulting,Medium (201-500),Michael Brown,04/23/24,Services,Qualified,2,,,354,30,04/13/25,
"Rempel, King and Wehner",Portugal,38.736946,-9.142685,Recreation & Sports,Medium (201-500),Michael Brown,03/15/24,Custom solution,Qualified,2,,,3855,60,06/17/24,
Schmidt Group,Italy,41.902782,12.496366,Transportation & Logistics,Medium (201-500),Kevin Anderson,03/29/24,SAAS,Qualified,2,,,4368,20,10/18/24,
"Gottlieb, Jakubowski and Rowe",Italy,41.902782,12.496366,Banking and Finance,Medium (201-500),John Smith,02/25/24,Services,Qualified,2,,,449,20,02/15/25,
Wilkinson and Sons,Italy,41.902782,12.496366,Construction & Engineering,Medium (201-500),Emily Johnson,04/30/24,SAAS,Qualified,2,,,5205,30,06/16/24,
"Ankunding, Casper and Leuschke",Italy,41.902782,12.496366,IT & IT Services,Medium (201-500),Michael Brown,01/20/24,Services,Qualified,2,,,5539,100,07/20/24,
Kulas Inc,France,48.864716,2.349014,Banking and Finance,Medium (201-500),David Wilson,03/07/24,Custom solution,Qualified,2,,,4855,50,11/27/24,
Olson-Lakin,Italy,41.902782,12.496366,IT & IT Services,Medium (201-500),Kevin Anderson,05/21/24,SAAS,Qualified,2,,,7008,70,12/16/24,
"Cartwright, Bosco and Schuppe",France,48.864716,2.349014,Recreation & Sports,Medium (201-500),Jessica Martinez,05/22/24,Services,Qualified,2,,,5121,20,08/08/24,
"VonRueden, Murray and Mosciski",Portugal,38.736946,-9.142685,Banking and Finance,Medium (201-500),Kevin Anderson,03/17/24,Services,Qualified,2,,,6482,30,05/06/24,
Kiehn Inc,Switzerland,46.204391,6.143158,Retail & Distribution,Medium (201-500),Laura Thompson,05/23/24,Custom solution,Qualified,2,,,2686,70,02/16/25,
"Daugherty, Keeling and Leannon",Germany,52.520008,13.404954,Professional Services  & Consulting,Medium (201-500),Emily Johnson,04/12/24,Services,Qualified,2,,,7610,40,12/07/24,
"Brakus, Huel and Hamill",Portugal,38.736946,-9.142685,Banking and Finance,Medium (201-500),Emily Johnson,02/06/24,SAAS,Qualified,2,,,5020,30,11/02/24,
Legros-Effertz,Germany,52.520008,13.404954,Government Administration Healthcare,Medium (201-500),Jessica Martinez,05/22/24,SAAS,Qualified,2,,,5132,30,05/09/25,
Lueilwitz-Spencer,Switzerland,46.204391,6.143158,Telecommunications,Medium (201-500),Michael Brown,04/29/24,SAAS,Qualified,2,,,4531,30,06/20/24,
"Waters, Gislason and Auer",France,48.864716,2.349014,Transportation & Logistics,Medium (201-500),Michael Brown,01/06/24,SAAS,Qualified,2,,,5617,40,09/06/24,
"Schamberger, Runte and Lehner",Portugal,38.736946,-9.142685,IT & IT Services,Medium (201-500),Laura Thompson,01/31/24,Services,Qualified,2,,,1250,50,05/07/24,
Carter-Sanford,France,48.864716,2.349014,Construction & Engineering,Medium (201-500),Sarah Davis,04/12/24,Services,Qualified,2,,,3831,60,10/03/24,
Mann-Braun,France,48.864716,2.349014,Agriculture & Mining,Medium (201-500),Laura Thompson,03/02/24,Custom solution,Qualified,2,,,3962,50,07/23/24,
"Terry, Cole and Zemlak",Italy,41.902782,12.496366,Transportation & Logistics,Medium (201-500),Laura Thompson,01/24/24,Services,Qualified,2,,,3657,40,04/14/24,
Christiansen-Hartmann,Germany,52.520008,13.404954,Energy & Utilities,Medium (201-500),Jessica Martinez,02/23/24,Custom solution,Qualified,2,,,3597,50,05/04/24,
"Mraz, Bernier and Satterfield",Spain,40.416775,-3.70379,Recreation & Sports,Medium (201-500),Sarah Davis,01/13/24,SAAS,Qualified,2,,,5065,100,11/10/24,
"Nader, Bednar and Macejkovic",Switzerland,46.204391,6.143158,Professional Services  & Consulting,Medium (201-500),Michael Brown,04/19/24,Services,Qualified,2,,,6487,20,09/21/24,
Schimmel-Denesik,Italy,41.902782,12.496366,IT & IT Services,Medium (201-500),Emily Johnson,04/12/24,Custom solution,Qualified,2,,,4611,90,06/04/24,
"Cummings, Weimann and Zulauf",Italy,41.902782,12.496366,Professional Services  & Consulting,Medium (201-500),Sarah Davis,04/19/24,Custom solution,Qualified,2,,,2657,30,10/06/24,
Aufderhar Inc,Belgium,51.260197,4.402771,Telecommunications,Medium (201-500),John Smith,02/06/24,SAAS,Qualified,2,,,5314,10,07/29/24,
Watsica-Pollich,Germany,52.520008,13.404954,Telecommunications,Medium (201-500),Sarah Davis,02/25/24,Services,Qualified,2,,,7450,70,05/01/24,
Hilll-Stehr,Portugal,38.736946,-9.142685,Energy & Utilities,Medium (201-500),Kevin Anderson,03/27/24,SAAS,Qualified,2,,,5717,60,09/29/24,
Dooley Group,Germany,52.520008,13.404954,Telecommunications,Medium (201-500),Michael Brown,03/06/24,SAAS,Qualified,2,,,1475,20,05/06/24,
Lebsack-Carroll,Switzerland,46.204391,6.143158,Transportation & Logistics,Medium (201-500),Laura Thompson,01/28/24,Services,Qualified,2,,,623,20,04/30/24,
Tremblay and Sons,France,48.864716,2.349014,IT & IT Services,Medium (201-500),David Wilson,05/17/24,Custom solution,Qualified,2,,,4917,20,01/13/25,
Wiegand-Schroeder,Switzerland,46.204391,6.143158,Telecommunications,Medium (201-500),Michael Brown,02/24/24,Services,Qualified,2,,,7208,50,10/18/24,
Reynolds Inc,Switzerland,46.204391,6.143158,Agriculture & Mining,Medium (201-500),Michael Brown,01/09/24,SAAS,Qualified,2,,,4534,10,02/10/24,
Huel-Smitham,Italy,41.902782,12.496366,Education & Science,Medium (201-500),Laura Thompson,04/06/24,SAAS,Qualified,2,,,7112,40,08/25/24,
Cassin Group,Italy,41.902782,12.496366,Banking and Finance,Medium (201-500),Emily Johnson,01/09/24,Services,Qualified,2,,,2505,60,09/10/24,
"Effertz, Stark and DuBuque",Italy,41.902782,12.496366,Banking and Finance,Medium (201-500),Jessica Martinez,03/19/24,Services,Qualified,2,,,2181,100,11/20/24,
Harris-Lockman,Switzerland,46.204391,6.143158,Agriculture & Mining,Medium (201-500),Laura Thompson,01/11/24,Services,Qualified,2,,,5144,40,07/21/24,
"Klocko, Herzog and Ruecker",Spain,40.416775,-3.70379,IT & IT Services,Medium (201-500),Laura Thompson,01/20/24,SAAS,Qualified,2,,,2097,20,12/12/24,
Gibson Inc,France,48.864716,2.349014,Manufacturing & Production,Medium (201-500),Laura Thompson,05/17/24,Custom solution,Qualified,2,,,4640,20,02/22/25,
Dickinson-Murphy,France,48.864716,2.349014,Entertainment & Media & Hospitality,Medium (201-500),Laura Thompson,02/09/24,SAAS,Qualified,2,,,3447,40,01/12/25,
Bernier-Beatty,France,48.864716,2.349014,Government Administration Healthcare,Medium (201-500),Laura Thompson,03/17/24,SAAS,Qualified,2,,,7072,80,04/06/24,
Daugherty LLC,Belgium,51.260197,4.402771,Transportation & Logistics,Medium (201-500),Michael Brown,02/27/24,Services,Qualified,2,,,4044,40,08/18/24,
Ziemann-Kessler,Germany,52.520008,13.404954,Construction & Engineering,Medium (201-500),Michael Brown,01/31/24,SAAS,Qualified,2,,,6569,90,04/05/24,
"Schumm, Crona and Auer",Italy,41.902782,12.496366,Banking and Finance,Medium (201-500),Sarah Davis,03/17/24,Services,Qualified,2,,,2969,30,06/23/24,
Crooks-Green,France,48.864716,2.349014,IT & IT Services,Medium (201-500),Sarah Davis,02/06/24,Custom solution,Qualified,2,,,4957,90,12/14/24,
Pacocha-Bartell,Italy,41.902782,12.496366,IT & IT Services,Medium (201-500),Jessica Martinez,05/12/24,Services,Qualified,2,,,6457,30,03/06/25,
Thompson-Osinski,Portugal,38.736946,-9.142685,IT & IT Services,Medium (201-500),Emily Johnson,03/13/24,SAAS,Qualified,2,,,2032,20,03/12/25,
Little-Runte,Portugal,38.736946,-9.142685,Transportation & Logistics,Medium (201-500),Emily Johnson,02/03/24,SAAS,Qualified,2,,,1523,60,01/12/25,
"Weissnat, Stamm and Marquardt",Netherlands,52.370216,4.895168,Banking and Finance,Medium (201-500),Laura Thompson,02/16/24,Custom solution,Qualified,2,,,4986,60,12/29/24,
Kuphal Inc,Spain,40.416775,-3.70379,Banking and Finance,Medium (201-500),Laura Thompson,05/03/24,Services,Qualified,2,,,3346,50,03/25/25,
Jaskolski-Welch,Austria,48.210033,16.363449,Retail & Distribution,Medium (201-500),Jessica Martinez,03/17/24,Services,Qualified,2,,,6674,30,09/10/24,
"Shanahan, O'Keefe and Lemke",Germany,52.520008,13.404954,Banking and Finance,Medium (201-500),Laura Thompson,03/07/24,SAAS,Qualified,2,,,7677,40,09/29/24,
Heller-Morissette,Italy,41.902782,12.496366,Government Administration Healthcare,Medium (201-500),Jessica Martinez,01/07/24,SAAS,Qualified,2,,,1132,30,06/09/24,
Goldner Inc,Switzerland,46.204391,6.143158,Telecommunications,Medium (201-500),Laura Thompson,03/21/24,Custom solution,Qualified,2,,,639,50,05/30/24,
Hyatt-Pouros,Switzerland,46.204391,6.143158,Education & Science,Medium (201-500),Kevin Anderson,04/13/24,Custom solution,Qualified,2,,,257,20,06/04/24,
"Kshlerin, Jacobson and Funk",Germany,52.520008,13.404954,Banking and Finance,Medium (201-500),John Smith,02/08/24,SAAS,Qualified,2,,,5783,40,04/06/24,
"Heidenreich, MacGyver and Greenholt",Portugal,38.736946,-9.142685,Retail & Distribution,Medium (201-500),Laura Thompson,04/26/24,Custom solution,Qualified,2,,,1490,40,12/11/24,
"Blanda, Champlin and Rempel",Italy,41.902782,12.496366,Education & Science,Medium (201-500),Laura Thompson,01/29/24,Custom solution,Qualified,2,,,3366,10,11/27/24,
Funk Inc,Portugal,38.736946,-9.142685,Banking and Finance,Medium (201-500),Jessica Martinez,04/02/24,Services,Qualified,2,,,1686,60,12/28/24,
Wehner-Dach,Germany,52.520008,13.404954,Education & Science,Medium (201-500),Michael Brown,02/11/24,Services,Qualified,2,,,2609,10,09/23/24,
VonRueden LLC,Switzerland,46.204391,6.143158,Manufacturing & Production,Medium (201-500),Laura Thompson,02/26/24,SAAS,Qualified,2,,,1564,80,11/10/24,
Connelly and Sons,Italy,41.902782,12.496366,Transportation & Logistics,Medium (201-500),Laura Thompson,03/29/24,SAAS,Qualified,2,,,4067,10,10/15/24,
McKenzie-Spinka,Germany,52.520008,13.404954,Transportation & Logistics,Medium (201-500),David Wilson,05/26/24,SAAS,Qualified,2,,,1309,30,09/06/24,
"Tillman, Hand and Lesch",France,48.864716,2.349014,Government Administration Healthcare,Medium (201-500),Jessica Martinez,03/12/24,Services,Qualified,2,,,7137,10,10/01/24,
Von-Ritchie,Austria,48.210033,16.363449,Telecommunications,Medium (201-500),Jessica Martinez,04/22/24,Services,Qualified,2,,,4458,50,09/15/24,
Batz LLC,Austria,48.210033,16.363449,Transportation & Logistics,Medium (201-500),Michael Brown,01/31/24,Services,Qualified,2,,,5419,50,11/20/24,
Reilly LLC,Austria,48.210033,16.363449,Transportation & Logistics,Medium (201-500),Emily Johnson,01/03/24,Services,Qualified,2,,,1938,40,12/10/24,
Kirlin-Bartell,Italy,41.902782,12.496366,Retail & Distribution,Medium (201-500),Laura Thompson,01/31/24,Services,Qualified,2,,,3660,90,12/13/24,
Buckridge-Hickle,Germany,52.520008,13.404954,IT & IT Services,Medium (201-500),Michael Brown,04/22/24,Custom solution,Qualified,2,,,5705,60,06/07/24,
Daugherty Inc,Germany,52.520008,13.404954,Recreation & Sports,Medium (201-500),Michael Brown,01/13/24,Services,Qualified,2,,,353,10,02/19/24,
"Gusikowski, Lakin and Rice",Switzerland,46.204391,6.143158,Transportation & Logistics,Medium (201-500),David Wilson,02/19/24,Custom solution,Qualified,2,,,332,80,12/13/24,
Orn-Crist,Italy,41.902782,12.496366,Banking and Finance,Medium (201-500),Jessica Martinez,02/14/24,Services,Qualified,2,,,6283,40,11/11/24,
Metz Inc,Portugal,38.736946,-9.142685,Recreation & Sports,Medium (201-500),Michael Brown,04/10/24,Custom solution,Qualified,2,,,6709,20,01/18/25,
Hermann Group,Switzerland,46.204391,6.143158,Banking and Finance,Medium (201-500),Sarah Davis,04/03/24,Custom solution,Qualified,2,,,982,40,01/23/25,
"Flatley, Lemke and Grady",Portugal,38.736946,-9.142685,IT & IT Services,Medium (201-500),Sarah Davis,02/22/24,Services,Qualified,2,,,6298,90,12/31/24,
"Terry, Gleichner and Stehr",Austria,48.210033,16.363449,Professional Services  & Consulting,Medium (201-500),Laura Thompson,03/07/24,SAAS,Qualified,2,,,4983,10,02/13/25,
"Barton, Altenwerth and Bailey",Portugal,38.736946,-9.142685,Government Administration Healthcare,Medium (201-500),Kevin Anderson,01/09/24,Custom solution,Qualified,2,,,4937,50,08/26/24,
Kautzer Group,Germany,52.520008,13.404954,Energy & Utilities,Medium (201-500),Michael Brown,02/17/24,SAAS,Qualified,2,,,5953,20,03/30/24,
"Turcotte, Anderson and Cormier",Italy,41.902782,12.496366,Energy & Utilities,Medium (201-500),Laura Thompson,03/01/24,Services,Qualified,2,,,6065,30,10/04/24,
"Kuphal, Schmeler and Christiansen",France,48.864716,2.349014,Transportation & Logistics,Medium (201-500),John Smith,05/21/24,SAAS,Qualified,2,,,1341,60,09/08/24,
Kuvalis Group,Austria,48.210033,16.363449,Entertainment & Media & Hospitality,Medium (201-500),Laura Thompson,02/26/24,Custom solution,Qualified,2,,,4659,100,06/24/24,
Hilpert-Auer,Italy,41.902782,12.496366,Education & Science,Medium (201-500),Sarah Davis,02/24/24,Services,Qualified,2,,,6927,40,11/12/24,
Smitham Group,Italy,41.902782,12.496366,IT & IT Services,Medium (201-500),Sarah Davis,05/24/24,Custom solution,Qualified,2,,,4714,40,10/26/24,
Stokes and Sons,Spain,40.416775,-3.70379,Transportation & Logistics,Medium (201-500),John Smith,01/18/24,SAAS,Qualified,2,,,3326,40,09/05/24,
Mills Group,Germany,52.520008,13.404954,Transportation & Logistics,Medium (201-500),John Smith,03/13/24,Services,Qualified,2,,,7823,30,05/25/24,
"Considine, Treutel and Koss",Portugal,38.736946,-9.142685,Professional Services  & Consulting,Medium (201-500),Laura Thompson,01/24/24,Services,Qualified,2,,,5707,50,04/03/24,
"Senger, Goldner and Simonis",Italy,41.902782,12.496366,Agriculture & Mining,Medium (201-500),Sarah Davis,04/17/24,SAAS,Qualified,2,,,6509,70,02/12/25,
"Grant, Blanda and Block",Germany,52.520008,13.404954,Banking and Finance,Medium (201-500),Kevin Anderson,03/01/24,Custom solution,Qualified,2,,,2420,50,09/28/24,
Herzog LLC,Germany,52.520008,13.404954,Transportation & Logistics,Medium (201-500),Laura Thompson,02/16/24,SAAS,Qualified,2,,,7198,30,10/09/24,
"Spinka, Kozey and Shanahan",Spain,40.416775,-3.70379,Banking and Finance,Medium (201-500),Michael Brown,03/14/24,Services,Qualified,2,,,1418,10,11/09/24,
Osinski-Dicki,France,48.864716,2.349014,Banking and Finance,Medium (201-500),David Wilson,01/28/24,Services,Qualified,2,,,3488,40,10/14/24,
"Crona, Aufderhar and Satterfield",Italy,41.902782,12.496366,Banking and Finance,Medium (201-500),Jessica Martinez,04/11/24,SAAS,Qualified,2,,,6456,30,08/09/24,
Monahan-Cummings,Netherlands,52.370216,4.895168,Manufacturing & Production,Medium (201-500),Sarah Davis,01/23/24,Services,Qualified,2,,,7122,30,04/30/24,
Corkery-Steuber,Netherlands,52.370216,4.895168,IT & IT Services,Medium (201-500),Jessica Martinez,05/05/24,Services,Qualified,2,,,782,60,10/16/24,
"Bergnaum, Koch and Rutherford",Germany,52.520008,13.404954,Professional Services  & Consulting,Medium (201-500),Laura Thompson,03/15/24,Services,Qualified,2,,,7885,10,06/07/24,
"Herman, Doyle and Hilpert",Portugal,38.736946,-9.142685,Government Administration Healthcare,Medium (201-500),Jessica Martinez,03/27/24,Services,Qualified,2,,,2409,30,02/27/25,
"D'Amore, Marvin and Jacobs",Italy,41.902782,12.496366,Government Administration Healthcare,Medium (201-500),Laura Thompson,03/23/24,Services,Qualified,2,,,1661,30,01/29/25,
Upton-Abshire,Italy,41.902782,12.496366,Banking and Finance,Medium (201-500),Michael Brown,03/15/24,SAAS,Qualified,2,,,6285,50,09/19/24,
Cormier-Schulist,Spain,40.416775,-3.70379,IT & IT Services,Medium (201-500),Laura Thompson,01/15/24,Services,Qualified,2,,,7964,40,03/02/24,
Schowalter LLC,Switzerland,46.204391,6.143158,Telecommunications,Medium (201-500),Emily Johnson,02/03/24,Services,Qualified,2,,,5051,20,09/11/24,
Runolfsson-Hudson,France,48.864716,2.349014,Government Administration Healthcare,Medium (201-500),John Smith,03/15/24,SAAS,Qualified,2,,,632,50,12/11/24,
Hudson-Hahn,Netherlands,52.370216,4.895168,Professional Services  & Consulting,Medium (201-500),Jessica Martinez,03/20/24,Services,Qualified,2,,,1725,30,08/21/24,
"Leannon, Yost and Nitzsche",Portugal,38.736946,-9.142685,Transportation & Logistics,Medium (201-500),Laura Thompson,05/13/24,Services,Qualified,2,,,5678,60,04/16/25,
"Denesik, Swaniawski and Schulist",France,48.864716,2.349014,Manufacturing & Production,Medium (201-500),Sarah Davis,04/10/24,Services,Qualified,2,,,4954,30,11/07/24,
"Price, Haley and Satterfield",Germany,52.520008,13.404954,Transportation & Logistics,Medium (201-500),Kevin Anderson,01/12/24,Services,Qualified,2,,,4879,20,07/17/24,
Witting Group,Portugal,38.736946,-9.142685,Government Administration Healthcare,Medium (201-500),Michael Brown,03/31/24,Services,Qualified,2,,,1183,30,11/24/24,
Funk-Kuphal,France,48.864716,2.349014,IT & IT Services,Medium (201-500),Laura Thompson,03/27/24,SAAS,Qualified,2,,,5257,100,12/15/24,
"Collier, Rempel and Kertzmann",Italy,41.902782,12.496366,IT & IT Services,Medium (201-500),Laura Thompson,05/19/24,SAAS,Qualified,2,,,830,40,06/30/24,
Lang-Halvorson,Spain,40.416775,-3.70379,Government Administration Healthcare,Medium (201-500),Sarah Davis,05/13/24,Services,Qualified,2,,,2420,60,03/20/25,
Kovacek-Quigley,Italy,41.902782,12.496366,Energy & Utilities,Medium (201-500),Michael Brown,02/25/24,SAAS,Qualified,2,,,2956,40,02/24/25,
Howell-Weimann,Spain,40.416775,-3.70379,Government Administration Healthcare,Medium (201-500),Jessica Martinez,01/13/24,Services,Qualified,2,,,6011,50,05/29/24,
Beatty-Marvin,Germany,52.520008,13.404954,Transportation & Logistics,Medium (201-500),Kevin Anderson,03/16/24,SAAS,Qualified,2,,,2199,20,09/21/24,
Miller LLC,France,48.864716,2.349014,Banking and Finance,Medium (201-500),David Wilson,04/15/24,Services,Qualified,2,,,3395,50,05/29/24,
Mosciski-Buckridge,France,48.864716,2.349014,Education & Science,Medium (201-500),Sarah Davis,01/03/24,Custom solution,Qualified,2,,,6029,40,12/24/24,
Harber-Ebert,Italy,41.902782,12.496366,Banking and Finance,Medium (201-500),Emily Johnson,03/14/24,Services,Qualified,2,,,1413,70,12/13/24,
"Mann, Bogan and Reilly",Portugal,38.736946,-9.142685,Transportation & Logistics,Medium (201-500),John Smith,03/25/24,Services,Qualified,2,,,6922,90,01/03/25,
"Aufderhar, Metz and Casper",Switzerland,46.204391,6.143158,Transportation & Logistics,Medium (201-500),Jessica Martinez,03/02/24,SAAS,Qualified,2,,,6394,30,06/19/24,
"Reichert, Gislason and Koepp",Italy,41.902782,12.496366,Education & Science,Medium (201-500),Jessica Martinez,03/05/24,Services,Qualified,2,,,7411,20,05/18/24,
Carroll-Bogisich,Germany,52.520008,13.404954,Retail & Distribution,Medium (201-500),Michael Brown,01/30/24,Services,Qualified,2,,,1343,100,11/13/24,
"Batz, Wisozk and Hamill",Germany,52.520008,13.404954,Transportation & Logistics,Medium (201-500),Emily Johnson,04/12/24,SAAS,Qualified,2,,,667,40,10/10/24,
"Leuschke, Beer and White",France,48.864716,2.349014,Energy & Utilities,Medium (201-500),John Smith,03/01/24,Custom solution,Qualified,2,,,4704,90,08/24/24,
Kutch-Cronin,Germany,52.520008,13.404954,Agriculture & Mining,Medium (201-500),Emily Johnson,02/28/24,Services,Qualified,2,,,1937,70,12/09/24,
"Parisian, Volkman and Gerhold",Belgium,51.260197,4.402771,Professional Services  & Consulting,Medium (201-500),Emily Johnson,05/24/24,Services,Qualified,2,,,3060,20,07/12/24,
"Stanton, Smith and Bernhard",Germany,52.520008,13.404954,Transportation & Logistics,Medium (201-500),Laura Thompson,02/04/24,Services,Qualified,2,,,656,60,08/09/24,
Ryan-Schimmel,Germany,52.520008,13.404954,Professional Services  & Consulting,Medium (201-500),Emily Johnson,01/17/24,Services,Qualified,2,,,6655,60,06/25/24,
Cronin Group,Germany,52.520008,13.404954,Professional Services  & Consulting,Medium (201-500),Kevin Anderson,05/05/24,Services,Qualified,2,,,7229,70,10/24/24,
"Kautzer, Hodkiewicz and Bode",Germany,52.520008,13.404954,Professional Services  & Consulting,Medium (201-500),Jessica Martinez,04/11/24,Custom solution,Qualified,2,,,549,60,01/20/25,
Labadie Inc,Switzerland,46.204391,6.143158,Professional Services  & Consulting,Medium (201-500),Laura Thompson,04/27/24,Services,Qualified,2,,,5561,40,04/08/25,
Mertz-Koelpin,Spain,40.416775,-3.70379,IT & IT Services,Medium (201-500),David Wilson,03/29/24,Custom solution,Qualified,2,,,4742,10,07/09/24,
"Dietrich, Stehr and Herman",Germany,52.520008,13.404954,Education & Science,Medium (201-500),Sarah Davis,05/16/24,Custom solution,Qualified,2,,,2684,50,06/24/24,
"Prohaska, Christiansen and Yost",Spain,40.416775,-3.70379,Professional Services  & Consulting,Medium (201-500),Jessica Martinez,01/22/24,SAAS,Qualified,2,,,3052,30,04/18/24,
Walker Group,Italy,41.902782,12.496366,Manufacturing & Production,Medium (201-500),Laura Thompson,04/10/24,Services,Qualified,2,,,2877,100,02/01/25,
"Monahan, Pfannerstill and Lindgren",Austria,48.210033,16.363449,Recreation & Sports,Medium (201-500),Sarah Davis,01/11/24,Services,Qualified,2,,,2716,30,12/31/24,
Boehm Inc,Germany,52.520008,13.404954,Education & Science,Medium (201-500),Jessica Martinez,02/23/24,SAAS,Qualified,2,,,4548,20,08/03/24,
Bins-Hodkiewicz,Italy,41.902782,12.496366,IT & IT Services,Medium (201-500),Laura Thompson,04/18/24,Services,Qualified,2,,,7713,60,10/16/24,
O'Reilly-Heller,Netherlands,52.370216,4.895168,Transportation & Logistics,Medium (201-500),Kevin Anderson,04/06/24,SAAS,Qualified,2,,,3681,40,06/29/24,
Baumbach and Sons,Netherlands,52.370216,4.895168,Construction & Engineering,Medium (201-500),John Smith,04/21/24,SAAS,Qualified,2,,,4976,20,11/02/24,
Brekke Inc,France,48.864716,2.349014,Transportation & Logistics,Medium (201-500),Jessica Martinez,01/16/24,Services,Qualified,2,,,4089,40,09/10/24,
"Bauch, Fadel and Reichert",Belgium,51.260197,4.402771,Agriculture & Mining,Medium (201-500),Kevin Anderson,02/16/24,SAAS,Qualified,2,,,2882,20,03/12/24,
"Wolf, Halvorson and Koepp",Italy,41.902782,12.496366,Manufacturing & Production,Medium (201-500),Kevin Anderson,01/03/24,Custom solution,Qualified,2,,,6936,40,03/09/24,
"Boehm, Satterfield and Quigley",France,48.864716,2.349014,Transportation & Logistics,Medium (201-500),Michael Brown,01/29/24,SAAS,Qualified,2,,,7679,20,04/03/24,
Marquardt-Bergnaum,Italy,41.902782,12.496366,IT & IT Services,Medium (201-500),Jessica Martinez,01/09/24,Services,Qualified,2,,,3169,50,11/21/24,
"Bashirian, Wiegand and Jerde",Germany,52.520008,13.404954,Professional Services  & Consulting,Medium (201-500),Emily Johnson,02/06/24,Custom solution,Qualified,2,,,1182,10,05/17/24,
"Beatty, Baumbach and Lubowitz",Switzerland,46.204391,6.143158,IT & IT Services,Medium (201-500),Sarah Davis,02/06/24,Services,Qualified,2,,,3183,50,07/06/24,
"Pouros, Boyle and Ullrich",Belgium,51.260197,4.402771,IT & IT Services,Medium (201-500),Sarah Davis,05/01/24,Services,Qualified,2,,,4996,40,01/03/25,
Brakus-Metz,France,48.864716,2.349014,Professional Services  & Consulting,Medium (201-500),Michael Brown,02/27/24,Custom solution,Qualified,2,,,7982,20,07/14/24,
Dibbert Group,Netherlands,52.370216,4.895168,Transportation & Logistics,Medium (201-500),Laura Thompson,02/05/24,Custom solution,Qualified,2,,,2860,40,10/18/24,
Weimann-Will,Italy,41.902782,12.496366,Telecommunications,Medium (201-500),Laura Thompson,04/01/24,SAAS,Qualified,2,,,2517,20,12/02/24,
Weimann-Dibbert,Italy,41.902782,12.496366,Professional Services  & Consulting,Medium (201-500),David Wilson,02/25/24,SAAS,Qualified,2,,,7513,40,12/05/24,
Hettinger-Gleason,Italy,41.902782,12.496366,Education & Science,Medium (201-500),Jessica Martinez,04/15/24,SAAS,Qualified,2,,,1920,40,10/14/24,
Ritchie and Sons,Spain,40.416775,-3.70379,Banking and Finance,Medium (201-500),Laura Thompson,01/02/24,Custom solution,Qualified,2,,,7974,60,10/09/24,
"Mann, Erdman and O'Keefe",France,48.864716,2.349014,Banking and Finance,Medium (201-500),Laura Thompson,05/01/24,SAAS,Qualified,2,,,7600,40,07/06/24,
"Herzog, Legros and Wuckert",Spain,40.416775,-3.70379,Professional Services  & Consulting,Medium (201-500),Laura Thompson,02/06/24,SAAS,Qualified,2,,,294,40,12/21/24,
"Schuster, Spencer and Gerhold",Belgium,51.260197,4.402771,Retail & Distribution,Medium (201-500),Michael Brown,02/26/24,Services,Qualified,2,,,6756,60,03/21/24,
"Hodkiewicz, Toy and Konopelski",Italy,41.902782,12.496366,Transportation & Logistics,Medium (201-500),Jessica Martinez,04/19/24,Custom solution,Qualified,2,,,6193,40,06/22/24,
Larkin-Little,Switzerland,46.204391,6.143158,Manufacturing & Production,Medium (201-500),Kevin Anderson,02/05/24,Custom solution,Qualified,2,,,497,100,04/29/24,
Schmidt LLC,France,48.864716,2.349014,Retail & Distribution,Medium (201-500),David Wilson,02/28/24,SAAS,Qualified,2,,,1304,20,10/08/24,
Murray-Watsica,Italy,41.902782,12.496366,Construction & Engineering,Medium (201-500),Kevin Anderson,03/08/24,Services,Qualified,2,,,3809,90,04/26/24,
Boyer Group,Austria,48.210033,16.363449,Banking and Finance,Medium (201-500),Michael Brown,01/30/24,Services,Qualified,2,,,310,40,03/18/24,
"Stroman, Block and Koepp",Italy,41.902782,12.496366,Transportation & Logistics,Medium (201-500),Michael Brown,02/14/24,Services,Qualified,2,,,1032,60,08/28/24,
Johnson and Sons,Italy,41.902782,12.496366,Transportation & Logistics,Medium (201-500),David Wilson,05/24/24,SAAS,Qualified,2,,,6064,60,03/07/25,
Mueller-Conn,Italy,41.902782,12.496366,Energy & Utilities,Medium (201-500),Jessica Martinez,03/23/24,Services,Qualified,2,,,6973,30,07/11/24,
Balistreri-Schultz,Austria,48.210033,16.363449,Banking and Finance,Medium (201-500),Michael Brown,01/28/24,SAAS,Qualified,2,,,2036,60,08/22/24,
Cruickshank Group,Spain,40.416775,-3.70379,IT & IT Services,Medium (201-500),Laura Thompson,01/21/24,Services,Qualified,2,,,6005,100,09/29/24,
Homenick Group,Germany,52.520008,13.404954,Transportation & Logistics,Medium (201-500),David Wilson,01/15/24,SAAS,Qualified,2,,,5627,20,03/15/24,
Muller LLC,Italy,41.902782,12.496366,Telecommunications,Medium (201-500),Michael Brown,01/09/24,Custom solution,Qualified,2,,,6932,100,06/03/24,
Schuster LLC,Italy,41.902782,12.496366,Banking and Finance,Medium (201-500),David Wilson,01/21/24,Services,Qualified,2,,,6150,50,11/09/24,
"Dare, Tillman and Becker",France,48.864716,2.349014,IT & IT Services,Medium (201-500),Laura Thompson,03/16/24,SAAS,Qualified,2,,,1581,30,11/07/24,
"Nolan, Maggio and Hoeger",France,48.864716,2.349014,Professional Services  & Consulting,Medium (201-500),Sarah Davis,03/24/24,Services,Qualified,2,,,471,50,06/02/24,
Hermiston-Bergstrom,Germany,52.520008,13.404954,Telecommunications,Medium (201-500),Laura Thompson,01/22/24,SAAS,Qualified,2,,,1243,40,09/24/24,
Bradtke and Sons,Portugal,38.736946,-9.142685,Government Administration Healthcare,Medium (201-500),Michael Brown,03/10/24,Services,Qualified,2,,,580,40,10/14/24,
Cruickshank and Sons,Germany,52.520008,13.404954,Government Administration Healthcare,Medium (201-500),Laura Thompson,02/04/24,Services,Qualified,2,,,4648,70,09/02/24,
Wolff Inc,Italy,41.902782,12.496366,IT & IT Services,Medium (201-500),Laura Thompson,05/02/24,SAAS,Qualified,2,,,1296,60,02/24/25,
Lockman-O'Connell,Germany,52.520008,13.404954,Transportation & Logistics,Medium (201-500),Laura Thompson,03/08/24,Services,Qualified,2,,,4501,30,05/27/24,
Stehr-Maggio,France,48.864716,2.349014,Banking and Finance,Medium (201-500),Kevin Anderson,02/15/24,Services,Qualified,2,,,374,20,08/27/24,
Schaefer-O'Keefe,Italy,41.902782,12.496366,Telecommunications,Medium (201-500),Michael Brown,03/10/24,Services,Qualified,2,,,1614,50,10/23/24,
Rempel-Greenfelder,Germany,52.520008,13.404954,Transportation & Logistics,Medium (201-500),Michael Brown,02/14/24,SAAS,Qualified,2,,,5847,60,12/22/24,
Berge Inc,Italy,41.902782,12.496366,IT & IT Services,Medium (201-500),Michael Brown,04/07/24,Services,Qualified,2,,,1232,20,11/29/24,
Powlowski-Simonis,France,48.864716,2.349014,Transportation & Logistics,Medium (201-500),Michael Brown,03/20/24,Services,Qualified,2,,,6728,40,04/14/24,
Prohaska-Kuvalis,France,48.864716,2.349014,IT & IT Services,Medium (201-500),Michael Brown,03/09/24,Services,Qualified,2,,,5807,40,02/26/25,
Brakus-Simonis,Austria,48.210033,16.363449,Banking and Finance,Medium (201-500),Jessica Martinez,03/25/24,SAAS,Qualified,2,,,5401,40,04/25/24,
"Tillman, VonRueden and Ondricka",Spain,40.416775,-3.70379,Construction & Engineering,Medium (201-500),Michael Brown,01/15/24,Services,Qualified,2,,,1613,30,06/21/24,
Batz Inc,Austria,48.210033,16.363449,IT & IT Services,Medium (201-500),Kevin Anderson,05/09/24,Services,Qualified,2,,,7169,50,03/08/25,
Medhurst and Sons,Germany,52.520008,13.404954,Government Administration Healthcare,Medium (201-500),Laura Thompson,01/27/24,Custom solution,Qualified,2,,,1803,20,12/24/24,
Schoen Inc,Germany,52.520008,13.404954,Professional Services  & Consulting,Medium (201-500),Michael Brown,02/09/24,SAAS,Qualified,2,,,663,10,05/28/24,
Toy-Grady,Switzerland,46.204391,6.143158,Banking and Finance,Medium (201-500),Laura Thompson,05/19/24,Services,Qualified,2,,,885,70,01/29/25,
Keeling and Sons,Portugal,38.736946,-9.142685,Professional Services  & Consulting,Medium (201-500),Laura Thompson,01/27/24,Services,Qualified,2,,,7571,40,05/25/24,
Gusikowski and Sons,Italy,41.902782,12.496366,Agriculture & Mining,Medium (201-500),John Smith,04/27/24,Services,Qualified,2,,,5058,30,04/22/25,
"Bahringer, Jerde and Dibbert",Italy,41.902782,12.496366,Banking and Finance,Medium (201-500),Laura Thompson,01/15/24,SAAS,Qualified,2,,,4828,60,07/16/24,
Murray-Koepp,Switzerland,46.204391,6.143158,Banking and Finance,Medium (201-500),Jessica Martinez,05/16/24,Services,Qualified,2,,,5923,80,03/30/25,
Erdman-Beahan,France,48.864716,2.349014,Telecommunications,Medium (201-500),Emily Johnson,05/14/24,Services,Qualified,2,,,2433,30,08/27/24,
Hayes LLC,Netherlands,52.370216,4.895168,Energy & Utilities,Medium (201-500),Laura Thompson,01/13/24,SAAS,Qualified,2,,,7461,40,01/01/25,
"Kutch, Bauch and Heathcote",France,48.864716,2.349014,Government Administration Healthcare,Medium (201-500),Laura Thompson,03/26/24,SAAS,Qualified,2,,,3504,70,03/08/25,
Heathcote-Hettinger,Switzerland,46.204391,6.143158,IT & IT Services,Medium (201-500),Laura Thompson,03/25/24,SAAS,Qualified,2,,,7764,40,09/16/24,
Powlowski-Kuhlman,Spain,40.416775,-3.70379,Telecommunications,Medium (201-500),Michael Brown,01/23/24,Services,Qualified,2,,,2029,40,12/16/24,
"Wyman, Becker and Mueller",France,48.864716,2.349014,Recreation & Sports,Medium (201-500),Emily Johnson,01/28/24,Custom solution,Qualified,2,,,3810,40,12/28/24,
Rosenbaum-Conn,Spain,40.416775,-3.70379,Professional Services  & Consulting,Medium (201-500),Jessica Martinez,03/08/24,Services,Qualified,2,,,6263,40,02/03/25,
Rolfson-Kub,Spain,40.416775,-3.70379,Transportation & Logistics,Medium (201-500),Michael Brown,03/25/24,SAAS,Qualified,2,,,5414,50,10/03/24,
Fahey-Zulauf,Germany,52.520008,13.404954,Banking and Finance,Medium (201-500),John Smith,04/15/24,Services,Qualified,2,,,2200,50,03/30/25,
Brakus Group,France,48.864716,2.349014,Manufacturing & Production,Medium (201-500),Michael Brown,02/14/24,SAAS,Qualified,2,,,3651,70,09/30/24,
"Fay, Barrows and Walter",Italy,41.902782,12.496366,Banking and Finance,Medium (201-500),David Wilson,01/19/24,Services,Qualified,2,,,7926,70,05/12/24,
Jerde Group,Italy,41.902782,12.496366,Telecommunications,Medium (201-500),Laura Thompson,05/19/24,SAAS,Qualified,2,,,4444,100,07/24/24,
Quigley LLC,Belgium,51.260197,4.402771,Banking and Finance,Medium (201-500),Jessica Martinez,04/06/24,Custom solution,Qualified,2,,,7369,50,04/02/25,
"Daugherty, Bednar and Ebert",Germany,52.520008,13.404954,Transportation & Logistics,Medium (201-500),Jessica Martinez,01/29/24,Services,Qualified,2,,,3710,50,01/17/25,
Ondricka and Sons,Austria,48.210033,16.363449,IT & IT Services,Medium (201-500),Jessica Martinez,01/22/24,SAAS,Qualified,2,,,7763,30,11/15/24,
Towne-Kuhlman,Italy,41.902782,12.496366,Transportation & Logistics,Medium (201-500),Michael Brown,04/23/24,Services,Qualified,2,,,6622,50,12/17/24,
Feest-Beahan,France,48.864716,2.349014,Transportation & Logistics,Medium (201-500),Laura Thompson,04/18/24,Custom solution,Qualified,2,,,2546,20,08/10/24,
Roob and Sons,Italy,41.902782,12.496366,Professional Services  & Consulting,Medium (201-500),Emily Johnson,01/06/24,SAAS,Qualified,2,,,2304,20,01/26/24,
Monahan Group,Portugal,38.736946,-9.142685,Transportation & Logistics,Medium (201-500),Emily Johnson,02/27/24,SAAS,Qualified,2,,,7126,80,02/04/25,
Will Inc,Italy,41.902782,12.496366,Government Administration Healthcare,Medium (201-500),Laura Thompson,04/05/24,SAAS,Qualified,2,,,1460,20,10/13/24,
"Balistreri, Keeling and Prohaska",Switzerland,46.204391,6.143158,Professional Services  & Consulting,Medium (201-500),Emily Johnson,05/06/24,SAAS,Qualified,2,,,4046,20,02/03/25,
Thiel-Wilderman,France,48.864716,2.349014,Transportation & Logistics,Medium (201-500),Kevin Anderson,04/23/24,SAAS,Qualified,2,,,4782,50,01/06/25,
Gleason Inc,Belgium,51.260197,4.402771,Transportation & Logistics,Medium (201-500),Kevin Anderson,05/29/24,Custom solution,Qualified,2,,,3974,50,03/02/25,
"Bailey, Wehner and Schimmel",Italy,41.902782,12.496366,IT & IT Services,Medium (201-500),Michael Brown,05/04/24,SAAS,Qualified,2,,,6936,30,09/17/24,
Zulauf-Kemmer,France,48.864716,2.349014,IT & IT Services,Medium (201-500),Laura Thompson,05/02/24,Custom solution,Qualified,2,,,7662,50,08/04/24,
Torphy-Weissnat,Portugal,38.736946,-9.142685,IT & IT Services,Medium (201-500),Michael Brown,02/24/24,SAAS,Qualified,2,,,7867,10,01/19/25,
Wyman-Luettgen,Germany,52.520008,13.404954,Manufacturing & Production,Medium (201-500),Michael Brown,03/11/24,SAAS,Qualified,2,,,7425,30,10/13/24,
"Kihn, Corkery and Dach",France,48.864716,2.349014,Transportation & Logistics,Medium (201-500),Jessica Martinez,02/13/24,Custom solution,Qualified,2,,,6734,30,12/11/24,
Braun LLC,Germany,52.520008,13.404954,IT & IT Services,Medium (201-500),Jessica Martinez,01/23/24,Custom solution,Qualified,2,,,1252,90,01/19/25,
"Bailey, Ratke and Miller",Italy,41.902782,12.496366,Telecommunications,Medium (201-500),Michael Brown,04/20/24,Custom solution,Qualified,2,,,3722,20,05/24/24,
Becker-Heaney,Italy,41.902782,12.496366,IT & IT Services,Medium (201-500),David Wilson,03/06/24,Services,Qualified,2,,,4195,100,06/20/24,
"O'Hara, Stark and Kunde",Italy,41.902782,12.496366,IT & IT Services,Medium (201-500),Laura Thompson,03/18/24,Services,Qualified,2,,,471,10,12/28/24,
Twimm,Belgium,51.260197,4.402771,Recreation & Sports,Large (501-1000),Jessica Martinez,04/23/24,Custom solution,Qualified,2,,,6401,30,11/14/24,
Bubbletube,France,48.864716,2.349014,Retail & Distribution,Large (501-1000),Laura Thompson,02/15/24,Custom solution,Qualified,2,,,3509,50,01/03/25,
"O'Conner, Bradtke and Hilll",Netherlands,52.370216,4.895168,Recreation & Sports,Large (501-1000),John Smith,04/16/24,Services,Qualified,2,,,15613,20,03/17/25,
Dietrich-Murphy,Portugal,38.736946,-9.142685,Professional Services  & Consulting,Large (501-1000),Emily Johnson,03/09/24,SAAS,Qualified,2,,,17391,50,04/26/24,
"Price, Huels and Olson",France,48.864716,2.349014,IT & IT Services,Large (501-1000),Michael Brown,03/31/24,Custom solution,Qualified,2,,,8728,50,12/06/24,
Rolfson Inc,Spain,40.416775,-3.70379,Transportation & Logistics,Large (501-1000),Laura Thompson,03/10/24,SAAS,Qualified,2,,,19944,30,10/29/24,
"Sipes, Pollich and Hilll",Germany,52.520008,13.404954,Transportation & Logistics,Large (501-1000),John Smith,01/05/24,Services,Qualified,2,,,16407,20,08/07/24,
Rempel-Brekke,Italy,41.902782,12.496366,Banking and Finance,Large (501-1000),Laura Thompson,04/14/24,Custom solution,Qualified,2,,,9178,30,10/16/24,
Osinski-Wilderman,Germany,52.520008,13.404954,Transportation & Logistics,Large (501-1000),Michael Brown,05/12/24,Custom solution,Qualified,2,,,18690,20,11/21/24,
McDermott-Mayer,France,48.864716,2.349014,Entertainment & Media & Hospitality,Large (501-1000),Jessica Martinez,05/26/24,SAAS,Qualified,2,,,11651,10,03/24/25,
Ailane,Germany,52.520008,13.404954,Banking and Finance,Enterprise (1001+),Kevin Anderson,03/04/24,SAAS,Qualified,2,,,18590,100,06/05/24,
Gabspot,Germany,52.520008,13.404954,Manufacturing & Production,Enterprise (1001+),John Smith,01/20/24,SAAS,Qualified,2,,,3572,20,10/08/24,
Abernathy-Collins,Belgium,51.260197,4.402771,Transportation & Logistics,Enterprise (1001+),Emily Johnson,05/24/24,Services,Qualified,2,,,18831,30,10/22/24,
Reynolds and Sons,Belgium,51.260197,4.402771,Telecommunications,Enterprise (1001+),Jessica Martinez,01/18/24,Services,Qualified,2,,,11323,60,05/18/24,
Klein Inc,Spain,40.416775,-3.70379,Transportation & Logistics,Enterprise (1001+),Jessica Martinez,05/23/24,Services,Qualified,2,,,6239,100,04/27/25,
"Pollich, Dietrich and Becker",Portugal,38.736946,-9.142685,Education & Science,Enterprise (1001+),Emily Johnson,03/23/24,Custom solution,Qualified,2,,,4196,10,01/22/25,
Farrell-Rippin,Netherlands,52.370216,4.895168,Telecommunications,Enterprise (1001+),Jessica Martinez,05/06/24,Custom solution,Qualified,2,,,4265,40,03/24/25,
"Funk, Conroy and Hudson",Netherlands,52.370216,4.895168,Telecommunications,Enterprise (1001+),Emily Johnson,02/08/24,Custom solution,Qualified,2,,,19873,30,12/31/24,
Tillman and Sons,Italy,41.902782,12.496366,Telecommunications,Enterprise (1001+),Jessica Martinez,03/09/24,Services,Qualified,2,,,13179,90,07/05/24,
Mills-Graham,Switzerland,46.204391,6.143158,Professional Services  & Consulting,Enterprise (1001+),Michael Brown,03/18/24,Custom solution,Qualified,2,,,19826,30,01/02/25,
"D'Amore, Kihn and Pfeffer",Italy,41.902782,12.496366,Government Administration Healthcare,Enterprise (1001+),John Smith,01/07/24,Custom solution,Qualified,2,,,13457,20,06/25/24,
Twitterlist,Belgium,51.260197,4.402771,Recreation & Sports,Small (11-200),Jessica Martinez,05/21/24,SAAS,Sales Accepted,4,,,388,20,04/17/25,
Rhynyx,France,48.864716,2.349014,Transportation & Logistics,Small (11-200),Laura Thompson,03/12/24,SAAS,Sales Accepted,4,,,826,50,09/12/24,
Gevee,Germany,52.520008,13.404954,Banking and Finance,Small (11-200),Michael Brown,05/15/24,SAAS,Sales Accepted,4,,,465,100,11/07/24,
Jaxbean,Switzerland,46.204391,6.143158,Transportation & Logistics,Small (11-200),David Wilson,02/19/24,SAAS,Sales Accepted,4,,,1869,30,11/21/24,
Fanoodle,Austria,48.210033,16.363449,Agriculture & Mining,Small (11-200),Laura Thompson,01/08/24,Services,Sales Accepted,4,,,1673,40,06/20/24,
Browseblab,Italy,41.902782,12.496366,Government Administration Healthcare,Small (11-200),Michael Brown,01/30/24,Services,Sales Accepted,4,,,1064,90,02/20/24,
Browsedrive,Switzerland,46.204391,6.143158,Energy & Utilities,Small (11-200),Laura Thompson,05/02/24,SAAS,Sales Accepted,4,,,697,30,10/15/24,
Shufflester,Spain,40.416775,-3.70379,Banking and Finance,Small (11-200),Jessica Martinez,01/09/24,SAAS,Sales Accepted,4,,,1099,50,01/30/24,
Katz,Switzerland,46.204391,6.143158,Telecommunications,Small (11-200),David Wilson,02/12/24,Custom solution,Sales Accepted,4,,,1422,30,01/16/25,
Flipstorm,Spain,40.416775,-3.70379,Education & Science,Small (11-200),John Smith,05/09/24,Custom solution,Sales Accepted,4,,,840,50,08/16/24,
Zoonoodle,Italy,41.902782,12.496366,Education & Science,Small (11-200),Laura Thompson,03/21/24,Services,Sales Accepted,4,,,1058,40,06/27/24,
JumpXS,Belgium,51.260197,4.402771,Agriculture & Mining,Small (11-200),Kevin Anderson,01/06/24,Services,Sales Accepted,4,,,1598,30,03/17/24,
Edgeify,Portugal,38.736946,-9.142685,Government Administration Healthcare,Small (11-200),Jessica Martinez,02/16/24,SAAS,Sales Accepted,4,,,669,20,07/18/24,
Kwimbee,Germany,52.520008,13.404954,Entertainment & Media & Hospitality,Small (11-200),Kevin Anderson,02/15/24,Services,Sales Accepted,4,,,1790,20,03/21/24,
Rhyzio,Portugal,38.736946,-9.142685,Construction & Engineering,Small (11-200),Michael Brown,02/22/24,SAAS,Sales Accepted,4,,,1472,30,10/20/24,
Wordtune,Switzerland,46.204391,6.143158,Banking and Finance,Small (11-200),Jessica Martinez,01/12/24,SAAS,Sales Accepted,4,,,931,50,08/10/24,
Skyble,Netherlands,52.370216,4.895168,Banking and Finance,Small (11-200),Jessica Martinez,04/19/24,Services,Sales Accepted,4,,,1715,80,05/28/24,
Oba,Austria,48.210033,16.363449,Professional Services  & Consulting,Small (11-200),Michael Brown,04/12/24,Custom solution,Sales Accepted,4,,,593,40,06/19/24,
Devbug,Switzerland,46.204391,6.143158,Professional Services  & Consulting,Small (11-200),Jessica Martinez,01/23/24,Services,Sales Accepted,4,,,1956,40,12/22/24,
McCullough-Hammes,Italy,41.902782,12.496366,Recreation & Sports,Small (11-200),Laura Thompson,05/26/24,Custom solution,Sales Accepted,4,,,896,100,03/15/25,
Botsford LLC,France,48.864716,2.349014,IT & IT Services,Small (11-200),Emily Johnson,03/22/24,Custom solution,Sales Accepted,4,,,1108,20,01/08/25,
Bauch-Schmitt,Belgium,51.260197,4.402771,Transportation & Logistics,Small (11-200),Laura Thompson,04/11/24,SAAS,Sales Accepted,4,,,304,30,06/02/24,
Koepp-Hand,Switzerland,46.204391,6.143158,Education & Science,Small (11-200),John Smith,04/17/24,Custom solution,Sales Accepted,4,,,971,40,11/29/24,
"Konopelski, Feest and Fisher",Portugal,38.736946,-9.142685,Retail & Distribution,Small (11-200),Laura Thompson,01/24/24,SAAS,Sales Accepted,4,,,1554,40,03/20/24,
Goyette-Green,Portugal,38.736946,-9.142685,Banking and Finance,Small (11-200),David Wilson,01/18/24,Services,Sales Accepted,4,,,1938,30,03/25/24,
McCullough Inc,France,48.864716,2.349014,Construction & Engineering,Small (11-200),Emily Johnson,01/23/24,Services,Sales Accepted,4,,,1746,40,09/24/24,
Botsford Group,Belgium,51.260197,4.402771,Education & Science,Small (11-200),Sarah Davis,04/22/24,Services,Sales Accepted,4,,,1417,60,11/20/24,
Hand-Fisher,Italy,41.902782,12.496366,Retail & Distribution,Small (11-200),Michael Brown,01/19/24,SAAS,Sales Accepted,4,,,869,70,09/02/24,
"Bins, Dooley and Kirlin",Belgium,51.260197,4.402771,IT & IT Services,Small (11-200),Sarah Davis,03/05/24,SAAS,Sales Accepted,4,,,1077,40,06/08/24,
Yost Group,Austria,48.210033,16.363449,Banking and Finance,Small (11-200),Sarah Davis,02/13/24,SAAS,Sales Accepted,4,,,1382,100,04/24/24,
"MacGyver, Kautzer and Stamm",Germany,52.520008,13.404954,Transportation & Logistics,Small (11-200),David Wilson,05/14/24,Services,Sales Accepted,4,,,356,10,09/28/24,
"Mills, Heller and Herzog",Spain,40.416775,-3.70379,Government Administration Healthcare,Small (11-200),Jessica Martinez,05/31/24,Services,Sales Accepted,4,,,1933,20,09/25/24,
"Kuhlman, Friesen and Emmerich",Portugal,38.736946,-9.142685,Banking and Finance,Small (11-200),Jessica Martinez,02/15/24,Services,Sales Accepted,4,,,551,20,04/16/24,
Fritsch-Kertzmann,Italy,41.902782,12.496366,Professional Services  & Consulting,Small (11-200),Jessica Martinez,01/03/24,SAAS,Sales Accepted,4,,,1998,70,05/31/24,
Padberg LLC,Netherlands,52.370216,4.895168,Retail & Distribution,Small (11-200),Laura Thompson,03/21/24,Services,Sales Accepted,4,,,1250,10,08/21/24,
"Rath, Hand and Ryan",Spain,40.416775,-3.70379,Banking and Finance,Small (11-200),Laura Thompson,05/16/24,Custom solution,Sales Accepted,4,,,1722,90,10/15/24,
Weber LLC,Germany,52.520008,13.404954,Telecommunications,Small (11-200),Sarah Davis,03/29/24,Services,Sales Accepted,4,,,1479,50,09/04/24,
Weissnat-Mitchell,Netherlands,52.370216,4.895168,Transportation & Logistics,Small (11-200),Jessica Martinez,05/07/24,Services,Sales Accepted,4,,,1335,30,08/10/24,
Ruecker Group,Italy,41.902782,12.496366,Government Administration Healthcare,Small (11-200),Michael Brown,05/30/24,Services,Sales Accepted,4,,,943,40,04/16/25,
Kessler and Sons,Portugal,38.736946,-9.142685,Recreation & Sports,Small (11-200),Laura Thompson,04/11/24,Services,Sales Accepted,4,,,1243,60,09/15/24,
Gutkowski and Sons,Belgium,51.260197,4.402771,Government Administration Healthcare,Small (11-200),Michael Brown,03/12/24,Services,Sales Accepted,4,,,862,30,05/26/24,
Fritsch-Bradtke,Austria,48.210033,16.363449,Energy & Utilities,Small (11-200),Kevin Anderson,02/15/24,SAAS,Sales Accepted,4,,,730,40,08/10/24,
Leannon-Ledner,Belgium,51.260197,4.402771,Recreation & Sports,Small (11-200),Laura Thompson,03/05/24,Services,Sales Accepted,4,,,757,60,10/26/24,
"Rogahn, O'Reilly and McDermott",Switzerland,46.204391,6.143158,Energy & Utilities,Small (11-200),Laura Thompson,05/07/24,SAAS,Sales Accepted,4,,,1295,30,08/03/24,
"Swift, Franecki and Orn",Italy,41.902782,12.496366,Banking and Finance,Small (11-200),David Wilson,03/03/24,Custom solution,Sales Accepted,4,,,619,20,12/23/24,
"Sipes, Schimmel and Torp",Switzerland,46.204391,6.143158,Telecommunications,Small (11-200),Laura Thompson,04/17/24,Custom solution,Sales Accepted,4,,,544,60,03/25/25,
Torphy-Medhurst,France,48.864716,2.349014,Transportation & Logistics,Small (11-200),John Smith,04/10/24,SAAS,Sales Accepted,4,,,1978,10,10/29/24,
Muller-Muller,France,48.864716,2.349014,Transportation & Logistics,Small (11-200),Jessica Martinez,05/09/24,Services,Sales Accepted,4,,,260,30,08/27/24,
Hegmann-Daniel,Portugal,38.736946,-9.142685,Professional Services  & Consulting,Small (11-200),Jessica Martinez,04/24/24,Services,Sales Accepted,4,,,1236,60,08/10/24,
Gusikowski LLC,Spain,40.416775,-3.70379,Agriculture & Mining,Small (11-200),David Wilson,05/11/24,Services,Sales Accepted,4,,,586,10,03/05/25,
"Konopelski, Littel and Romaguera",Italy,41.902782,12.496366,Recreation & Sports,Small (11-200),Sarah Davis,02/02/24,SAAS,Sales Accepted,4,,,1023,30,10/04/24,
Dibbert LLC,Italy,41.902782,12.496366,Telecommunications,Small (11-200),Jessica Martinez,01/12/24,SAAS,Sales Accepted,4,,,684,30,10/08/24,
"Wuckert, Kiehn and Weissnat",Portugal,38.736946,-9.142685,Transportation & Logistics,Small (11-200),Michael Brown,03/16/24,Custom solution,Sales Accepted,4,,,848,40,01/28/25,
"Nikolaus, Veum and Beahan",Germany,52.520008,13.404954,Professional Services  & Consulting,Small (11-200),Jessica Martinez,05/12/24,SAAS,Sales Accepted,4,,,330,10,03/29/25,
Bergstrom-Barrows,Italy,41.902782,12.496366,Energy & Utilities,Small (11-200),Laura Thompson,02/15/24,SAAS,Sales Accepted,4,,,922,50,04/20/24,
Spinka-White,Spain,40.416775,-3.70379,Education & Science,Small (11-200),Sarah Davis,04/16/24,Services,Sales Accepted,4,,,359,100,12/20/24,
Wintheiser Group,Austria,48.210033,16.363449,Professional Services  & Consulting,Small (11-200),Jessica Martinez,01/16/24,SAAS,Sales Accepted,4,,,1991,30,12/19/24,
"Hauck, Wiza and Mitchell",Italy,41.902782,12.496366,Banking and Finance,Small (11-200),Jessica Martinez,03/24/24,Services,Sales Accepted,4,,,1851,20,07/17/24,
"Nolan, Abernathy and Fay",Netherlands,52.370216,4.895168,Government Administration Healthcare,Small (11-200),Emily Johnson,05/07/24,SAAS,Sales Accepted,4,,,1313,10,10/20/24,
"Brekke, Jacobi and Crist",Switzerland,46.204391,6.143158,IT & IT Services,Small (11-200),Kevin Anderson,03/20/24,Services,Sales Accepted,4,,,1229,20,08/30/24,
"Steuber, Schuster and Rutherford",Portugal,38.736946,-9.142685,Government Administration Healthcare,Small (11-200),Jessica Martinez,05/07/24,SAAS,Sales Accepted,4,,,204,20,03/03/25,
Luettgen Inc,Netherlands,52.370216,4.895168,Government Administration Healthcare,Small (11-200),Emily Johnson,04/26/24,SAAS,Sales Accepted,4,,,871,50,04/12/25,
Donnelly and Sons,France,48.864716,2.349014,Manufacturing & Production,Small (11-200),Emily Johnson,04/20/24,Services,Sales Accepted,4,,,664,30,09/26/24,
Kshlerin-Jones,Switzerland,46.204391,6.143158,Professional Services  & Consulting,Small (11-200),Laura Thompson,03/06/24,SAAS,Sales Accepted,4,,,1416,60,04/29/24,
"Howell, Hickle and Jacobs",Germany,52.520008,13.404954,Transportation & Logistics,Small (11-200),Laura Thompson,03/29/24,SAAS,Sales Accepted,4,,,1478,50,06/01/24,
Auer-Corwin,Italy,41.902782,12.496366,Agriculture & Mining,Small (11-200),David Wilson,05/18/24,Services,Sales Accepted,4,,,1099,50,07/18/24,
"Johnson, Wehner and Boyle",France,48.864716,2.349014,Construction & Engineering,Small (11-200),Emily Johnson,02/28/24,SAAS,Sales Accepted,4,,,633,30,02/19/25,
Lebsack-Schmidt,Switzerland,46.204391,6.143158,Retail & Distribution,Small (11-200),Laura Thompson,03/12/24,Custom solution,Sales Accepted,4,,,502,30,12/02/24,
Hudson LLC,Portugal,38.736946,-9.142685,Retail & Distribution,Small (11-200),Laura Thompson,03/31/24,Services,Sales Accepted,4,,,759,100,12/14/24,
"Corkery, Wiegand and Ullrich",Belgium,51.260197,4.402771,IT & IT Services,Small (11-200),Laura Thompson,03/26/24,SAAS,Sales Accepted,4,,,1430,20,12/09/24,
Langworth and Sons,Switzerland,46.204391,6.143158,Banking and Finance,Small (11-200),John Smith,05/16/24,Services,Sales Accepted,4,,,607,30,04/13/25,
Wilderman and Sons,Italy,41.902782,12.496366,Government Administration Healthcare,Small (11-200),Kevin Anderson,04/11/24,SAAS,Sales Accepted,4,,,271,40,09/22/24,
Muller-Kohler,Germany,52.520008,13.404954,Banking and Finance,Small (11-200),John Smith,02/18/24,Services,Sales Accepted,4,,,935,30,02/05/25,
Leuschke-Zboncak,Switzerland,46.204391,6.143158,Education & Science,Small (11-200),David Wilson,05/30/24,Services,Sales Accepted,4,,,1979,70,11/14/24,
Walter and Sons,Italy,41.902782,12.496366,Transportation & Logistics,Small (11-200),Laura Thompson,02/15/24,SAAS,Sales Accepted,4,,,1235,30,03/13/24,
Terry and Sons,France,48.864716,2.349014,Entertainment & Media & Hospitality,Small (11-200),Emily Johnson,04/11/24,SAAS,Sales Accepted,4,,,563,30,02/10/25,
Monahan Inc,Netherlands,52.370216,4.895168,Government Administration Healthcare,Small (11-200),Kevin Anderson,04/07/24,SAAS,Sales Accepted,4,,,1178,30,08/06/24,
Mayer Inc,Italy,41.902782,12.496366,IT & IT Services,Small (11-200),Laura Thompson,01/27/24,SAAS,Sales Accepted,4,,,1462,20,11/18/24,
Hirthe LLC,Portugal,38.736946,-9.142685,Entertainment & Media & Hospitality,Small (11-200),Sarah Davis,04/27/24,SAAS,Sales Accepted,4,,,210,40,06/21/24,
"Steuber, Frami and Witting",Italy,41.902782,12.496366,Entertainment & Media & Hospitality,Small (11-200),Jessica Martinez,01/18/24,SAAS,Sales Accepted,4,,,1139,20,04/08/24,
Abbott-Dibbert,Spain,40.416775,-3.70379,Agriculture & Mining,Small (11-200),David Wilson,04/08/24,Custom solution,Sales Accepted,4,,,1800,90,08/22/24,
Lindgren-McDermott,Portugal,38.736946,-9.142685,Education & Science,Small (11-200),Michael Brown,05/25/24,Services,Sales Accepted,4,,,468,50,03/10/25,
Kreiger-Dooley,Italy,41.902782,12.496366,Transportation & Logistics,Small (11-200),Sarah Davis,04/16/24,Services,Sales Accepted,4,,,642,50,02/03/25,
Prohaska and Sons,Netherlands,52.370216,4.895168,Banking and Finance,Small (11-200),Kevin Anderson,02/24/24,SAAS,Sales Accepted,4,,,1798,30,02/23/25,
Kessler-Fisher,Austria,48.210033,16.363449,Energy & Utilities,Small (11-200),Laura Thompson,02/24/24,SAAS,Sales Accepted,4,,,1720,20,11/10/24,
Howell Inc,France,48.864716,2.349014,Construction & Engineering,Small (11-200),Jessica Martinez,01/02/24,Custom solution,Sales Accepted,4,,,1336,30,11/16/24,
"Jaskolski, Rippin and Pfannerstill",Switzerland,46.204391,6.143158,Manufacturing & Production,Small (11-200),David Wilson,04/27/24,SAAS,Sales Accepted,4,,,1544,20,07/18/24,
Mertz-Grimes,France,48.864716,2.349014,IT & IT Services,Small (11-200),Kevin Anderson,01/17/24,Services,Sales Accepted,4,,,828,50,03/11/24,
Heller and Sons,Belgium,51.260197,4.402771,Recreation & Sports,Small (11-200),Laura Thompson,03/05/24,Services,Sales Accepted,4,,,1570,40,12/25/24,
Rau and Sons,France,48.864716,2.349014,Transportation & Logistics,Small (11-200),Jessica Martinez,04/30/24,SAAS,Sales Accepted,4,,,1831,20,09/21/24,
Koepp-Abbott,Netherlands,52.370216,4.895168,Transportation & Logistics,Small (11-200),Michael Brown,03/25/24,SAAS,Sales Accepted,4,,,1616,20,12/07/24,
"Ward, Koepp and Thiel",France,48.864716,2.349014,Banking and Finance,Small (11-200),Jessica Martinez,03/30/24,Services,Sales Accepted,4,,,1210,40,07/11/24,
Conroy Group,Italy,41.902782,12.496366,Retail & Distribution,Small (11-200),Emily Johnson,03/09/24,SAAS,Sales Accepted,4,,,1493,50,01/31/25,
Baumbach Inc,Germany,52.520008,13.404954,Transportation & Logistics,Small (11-200),Michael Brown,02/02/24,Services,Sales Accepted,4,,,365,30,08/25/24,
Kirlin Group,Switzerland,46.204391,6.143158,Professional Services  & Consulting,Small (11-200),Laura Thompson,05/20/24,SAAS,Sales Accepted,4,,,550,60,01/01/25,
"Grant, Kihn and Volkman",Netherlands,52.370216,4.895168,Professional Services  & Consulting,Small (11-200),David Wilson,04/25/24,Custom solution,Sales Accepted,4,,,931,20,04/13/25,
Rodriguez-Leannon,Belgium,51.260197,4.402771,Government Administration Healthcare,Small (11-200),Sarah Davis,02/07/24,Custom solution,Sales Accepted,4,,,1626,30,08/14/24,
Jacobs-Dickinson,Germany,52.520008,13.404954,Transportation & Logistics,Small (11-200),Kevin Anderson,02/16/24,Services,Sales Accepted,4,,,1206,30,11/21/24,
Durgan and Sons,Portugal,38.736946,-9.142685,Transportation & Logistics,Small (11-200),Laura Thompson,03/10/24,Services,Sales Accepted,4,,,885,20,11/02/24,
Bechtelar-Price,Spain,40.416775,-3.70379,Government Administration Healthcare,Small (11-200),Jessica Martinez,02/03/24,SAAS,Sales Accepted,4,,,1709,20,05/16/24,
"Spencer, Walter and Wolf",Italy,41.902782,12.496366,Government Administration Healthcare,Small (11-200),Michael Brown,03/22/24,SAAS,Sales Accepted,4,,,642,30,09/13/24,
Herman-Graham,Spain,40.416775,-3.70379,Manufacturing & Production,Small (11-200),Emily Johnson,05/06/24,Services,Sales Accepted,4,,,1124,40,11/16/24,
Kulas-Cummings,Italy,41.902782,12.496366,Government Administration Healthcare,Small (11-200),Michael Brown,05/29/24,SAAS,Sales Accepted,4,,,1397,80,08/05/24,
Towne LLC,Portugal,38.736946,-9.142685,Energy & Utilities,Small (11-200),Laura Thompson,01/09/24,SAAS,Sales Accepted,4,,,1935,30,04/14/24,
"Stark, Beahan and Frami",Italy,41.902782,12.496366,Banking and Finance,Small (11-200),Kevin Anderson,04/20/24,Services,Sales Accepted,4,,,1661,20,03/21/25,
"Hackett, Breitenberg and Feil",France,48.864716,2.349014,Professional Services  & Consulting,Small (11-200),David Wilson,04/30/24,SAAS,Sales Accepted,4,,,1163,90,03/27/25,
"Moore, Bergstrom and Greenholt",Italy,41.902782,12.496366,Telecommunications,Small (11-200),Jessica Martinez,02/22/24,SAAS,Sales Accepted,4,,,373,50,05/05/24,
Bartoletti-Sawayn,France,48.864716,2.349014,Recreation & Sports,Small (11-200),Michael Brown,01/09/24,SAAS,Sales Accepted,4,,,388,40,03/12/24,
"Shields, Veum and Legros",Switzerland,46.204391,6.143158,IT & IT Services,Small (11-200),Laura Thompson,03/23/24,SAAS,Sales Accepted,4,,,871,50,11/28/24,
Kautzer-Shanahan,Switzerland,46.204391,6.143158,Transportation & Logistics,Small (11-200),John Smith,02/15/24,SAAS,Sales Accepted,4,,,1917,30,09/06/24,
"Walter, Roberts and Grant",Germany,52.520008,13.404954,Transportation & Logistics,Small (11-200),Laura Thompson,02/05/24,Services,Sales Accepted,4,,,1362,40,03/01/24,
"Ferry, Kassulke and Abshire",Italy,41.902782,12.496366,Energy & Utilities,Small (11-200),John Smith,02/05/24,Services,Sales Accepted,4,,,834,20,01/14/25,
Douglas Inc,Italy,41.902782,12.496366,Government Administration Healthcare,Small (11-200),John Smith,04/23/24,SAAS,Sales Accepted,4,,,1846,80,08/04/24,
Nitzsche Inc,Portugal,38.736946,-9.142685,Agriculture & Mining,Small (11-200),Laura Thompson,04/19/24,SAAS,Sales Accepted,4,,,1583,40,06/07/24,
Schroeder-Boyle,Switzerland,46.204391,6.143158,Transportation & Logistics,Small (11-200),David Wilson,04/30/24,SAAS,Sales Accepted,4,,,799,20,07/18/24,
Torp-Bernhard,France,48.864716,2.349014,Banking and Finance,Small (11-200),Emily Johnson,03/18/24,SAAS,Sales Accepted,4,,,1320,90,01/19/25,
Medhurst-Marvin,Italy,41.902782,12.496366,Energy & Utilities,Small (11-200),Jessica Martinez,01/10/24,SAAS,Sales Accepted,4,,,1730,90,06/04/24,
Barrows-Abbott,France,48.864716,2.349014,Transportation & Logistics,Small (11-200),Sarah Davis,02/20/24,Services,Sales Accepted,4,,,1805,60,10/13/24,
Hermann LLC,Italy,41.902782,12.496366,Retail & Distribution,Small (11-200),Michael Brown,05/11/24,Custom solution,Sales Accepted,4,,,1564,50,11/11/24,
"Kautzer, Bahringer and Littel",Portugal,38.736946,-9.142685,IT & IT Services,Small (11-200),Laura Thompson,02/12/24,Custom solution,Sales Accepted,4,,,1373,20,06/25/24,
Weber and Sons,Spain,40.416775,-3.70379,Recreation & Sports,Small (11-200),David Wilson,03/31/24,SAAS,Sales Accepted,4,,,1364,40,01/07/25,
"Pfannerstill, Denesik and Rodriguez",Germany,52.520008,13.404954,Agriculture & Mining,Small (11-200),Kevin Anderson,02/25/24,Services,Sales Accepted,4,,,1430,60,11/13/24,
Kirlin-Rodriguez,Austria,48.210033,16.363449,Education & Science,Small (11-200),Kevin Anderson,02/22/24,Services,Sales Accepted,4,,,704,60,10/22/24,
Mante-Towne,Portugal,38.736946,-9.142685,Transportation & Logistics,Small (11-200),John Smith,03/08/24,Services,Sales Accepted,4,,,1907,40,07/15/24,
"Rau, Veum and Purdy",Austria,48.210033,16.363449,Banking and Finance,Small (11-200),David Wilson,04/28/24,Services,Sales Accepted,4,,,1580,40,12/07/24,
Hyatt-Dare,France,48.864716,2.349014,Telecommunications,Small (11-200),John Smith,03/18/24,SAAS,Sales Accepted,4,,,733,60,05/27/24,
"Leuschke, Wuckert and Yundt",Italy,41.902782,12.496366,Agriculture & Mining,Small (11-200),Jessica Martinez,02/28/24,SAAS,Sales Accepted,4,,,1890,40,11/13/24,
"Mayer, Ryan and Satterfield",Portugal,38.736946,-9.142685,Construction & Engineering,Small (11-200),Laura Thompson,01/25/24,SAAS,Sales Accepted,4,,,684,40,07/08/24,
Mann-Moore,Italy,41.902782,12.496366,Telecommunications,Small (11-200),Emily Johnson,03/10/24,SAAS,Sales Accepted,4,,,842,70,08/03/24,
"Ebert, Schinner and Haag",France,48.864716,2.349014,Government Administration Healthcare,Small (11-200),Emily Johnson,05/09/24,SAAS,Sales Accepted,4,,,596,40,04/18/25,
Hegmann-Kris,Netherlands,52.370216,4.895168,Agriculture & Mining,Small (11-200),Laura Thompson,03/26/24,Services,Sales Accepted,4,,,1579,50,10/18/24,
"Williamson, Williamson and Walker",Germany,52.520008,13.404954,Retail & Distribution,Small (11-200),Jessica Martinez,03/27/24,Services,Sales Accepted,4,,,566,30,04/25/24,
"Runolfsson, Schinner and Beier",Spain,40.416775,-3.70379,Transportation & Logistics,Small (11-200),Michael Brown,03/10/24,Custom solution,Sales Accepted,4,,,1973,40,02/13/25,
"Schamberger, Hartmann and Jones",Belgium,51.260197,4.402771,Transportation & Logistics,Small (11-200),Laura Thompson,02/25/24,SAAS,Sales Accepted,4,,,599,80,06/09/24,
"Marvin, Gutkowski and Anderson",Italy,41.902782,12.496366,Transportation & Logistics,Small (11-200),Laura Thompson,03/27/24,Custom solution,Sales Accepted,4,,,769,50,05/31/24,
"Kutch, Dickinson and Ullrich",Netherlands,52.370216,4.895168,IT & IT Services,Small (11-200),Michael Brown,05/31/24,SAAS,Sales Accepted,4,,,1456,50,11/17/24,
Wolf LLC,Belgium,51.260197,4.402771,Transportation & Logistics,Small (11-200),John Smith,04/26/24,Custom solution,Sales Accepted,4,,,830,80,04/03/25,
"Quitzon, O'Conner and Erdman",Italy,41.902782,12.496366,IT & IT Services,Small (11-200),Kevin Anderson,05/29/24,SAAS,Sales Accepted,4,,,298,50,04/14/25,
"Tremblay, Jacobson and Hackett",Portugal,38.736946,-9.142685,Banking and Finance,Small (11-200),Michael Brown,03/28/24,Services,Sales Accepted,4,,,943,60,01/31/25,
Bauch-Kovacek,France,48.864716,2.349014,IT & IT Services,Small (11-200),Michael Brown,04/17/24,SAAS,Sales Accepted,4,,,909,30,02/22/25,
"Marvin, Hills and Hirthe",Switzerland,46.204391,6.143158,Construction & Engineering,Small (11-200),Emily Johnson,01/30/24,SAAS,Sales Accepted,4,,,227,30,03/02/24,
"Leannon, Schowalter and Waters",Portugal,38.736946,-9.142685,Professional Services  & Consulting,Small (11-200),Laura Thompson,04/30/24,Services,Sales Accepted,4,,,924,70,04/24/25,
Kemmer and Sons,Germany,52.520008,13.404954,Government Administration Healthcare,Small (11-200),Emily Johnson,03/21/24,SAAS,Sales Accepted,4,,,1403,30,12/18/24,
"Dickens, Lubowitz and Emard",Germany,52.520008,13.404954,Agriculture & Mining,Small (11-200),Laura Thompson,05/22/24,SAAS,Sales Accepted,4,,,1398,50,10/10/24,
Emard and Sons,Switzerland,46.204391,6.143158,Banking and Finance,Small (11-200),Laura Thompson,05/15/24,Custom solution,Sales Accepted,4,,,1190,20,05/01/25,
Lind Group,France,48.864716,2.349014,Banking and Finance,Small (11-200),Michael Brown,04/14/24,SAAS,Sales Accepted,4,,,654,50,07/29/24,
Wolff Group,Germany,52.520008,13.404954,Recreation & Sports,Small (11-200),Laura Thompson,02/13/24,SAAS,Sales Accepted,4,,,517,30,01/30/25,
Rogahn-Rodriguez,Germany,52.520008,13.404954,Construction & Engineering,Small (11-200),John Smith,04/24/24,SAAS,Sales Accepted,4,,,388,80,10/05/24,
"Ratke, Bogan and Kautzer",France,48.864716,2.349014,Entertainment & Media & Hospitality,Small (11-200),Kevin Anderson,05/07/24,SAAS,Sales Accepted,4,,,1147,80,03/03/25,
Greenholt-Kiehn,Switzerland,46.204391,6.143158,Banking and Finance,Small (11-200),Emily Johnson,03/19/24,SAAS,Sales Accepted,4,,,1776,20,12/07/24,
Hayes and Sons,Portugal,38.736946,-9.142685,Banking and Finance,Small (11-200),Michael Brown,05/26/24,SAAS,Sales Accepted,4,,,1127,30,02/15/25,
"Bernhard, Auer and Pollich",Switzerland,46.204391,6.143158,Entertainment & Media & Hospitality,Small (11-200),David Wilson,04/05/24,Services,Sales Accepted,4,,,258,40,05/13/24,
Champlin-Christiansen,Germany,52.520008,13.404954,Government Administration Healthcare,Small (11-200),Emily Johnson,03/01/24,Services,Sales Accepted,4,,,263,100,10/06/24,
Tillman Group,Spain,40.416775,-3.70379,Banking and Finance,Small (11-200),Jessica Martinez,03/02/24,SAAS,Sales Accepted,4,,,320,50,10/10/24,
Rutherford-Botsford,Switzerland,46.204391,6.143158,Retail & Distribution,Small (11-200),Jessica Martinez,05/08/24,Services,Sales Accepted,4,,,758,40,08/28/24,
"Monahan, Witting and Schaden",Spain,40.416775,-3.70379,IT & IT Services,Small (11-200),Michael Brown,01/24/24,Services,Sales Accepted,4,,,952,30,04/08/24,
Feedfish,Spain,40.416775,-3.70379,Government Administration Healthcare,Micro (1-10),Jessica Martinez,04/13/24,SAAS,Sales Accepted,4,,,1082,50,09/27/24,
Oodoo,France,48.864716,2.349014,Transportation & Logistics,Micro (1-10),John Smith,03/05/24,SAAS,Sales Accepted,4,,,593,20,01/16/25,
Realblab,Belgium,51.260197,4.402771,Entertainment & Media & Hospitality,Micro (1-10),John Smith,03/31/24,Services,Sales Accepted,4,,,1032,50,04/24/24,
Babblestorm,Switzerland,46.204391,6.143158,Banking and Finance,Micro (1-10),Michael Brown,05/29/24,Services,Sales Accepted,4,,,928,20,11/07/24,
Nlounge,Spain,40.416775,-3.70379,IT & IT Services,Micro (1-10),Emily Johnson,03/18/24,Services,Sales Accepted,4,,,730,100,08/17/24,
Fatz,Spain,40.416775,-3.70379,Government Administration Healthcare,Micro (1-10),Emily Johnson,04/04/24,SAAS,Sales Accepted,4,,,926,20,11/02/24,
Pixonyx,Italy,41.902782,12.496366,IT & IT Services,Micro (1-10),Michael Brown,04/30/24,SAAS,Sales Accepted,4,,,826,20,03/18/25,
Avaveo,Austria,48.210033,16.363449,Banking and Finance,Micro (1-10),Sarah Davis,05/03/24,Custom solution,Sales Accepted,4,,,1094,100,03/25/25,
Skilith,France,48.864716,2.349014,Manufacturing & Production,Micro (1-10),David Wilson,01/06/24,Services,Sales Accepted,4,,,256,30,06/03/24,
Brainlounge,Switzerland,46.204391,6.143158,Construction & Engineering,Micro (1-10),Jessica Martinez,04/28/24,Services,Sales Accepted,4,,,656,40,12/07/24,
Wikido,Italy,41.902782,12.496366,Banking and Finance,Micro (1-10),Michael Brown,04/26/24,SAAS,Sales Accepted,4,,,1048,60,10/21/24,
Brainverse,Italy,41.902782,12.496366,Entertainment & Media & Hospitality,Micro (1-10),Laura Thompson,02/22/24,SAAS,Sales Accepted,4,,,556,50,10/20/24,
O'Conner-Zboncak,Spain,40.416775,-3.70379,Banking and Finance,Micro (1-10),Laura Thompson,02/06/24,SAAS,Sales Accepted,4,,,850,50,05/07/24,
Goldner Group,Italy,41.902782,12.496366,Transportation & Logistics,Micro (1-10),John Smith,04/23/24,Services,Sales Accepted,4,,,1093,20,08/11/24,
"Pfannerstill, VonRueden and Greenfelder",Italy,41.902782,12.496366,Education & Science,Micro (1-10),Emily Johnson,03/11/24,Custom solution,Sales Accepted,4,,,314,60,03/11/25,
"Padberg, Ferry and Abshire",Germany,52.520008,13.404954,Transportation & Logistics,Micro (1-10),Laura Thompson,01/22/24,Services,Sales Accepted,4,,,642,50,03/19/24,
Effertz-Wehner,Switzerland,46.204391,6.143158,Transportation & Logistics,Micro (1-10),Sarah Davis,01/25/24,Services,Sales Accepted,4,,,858,40,10/06/24,
Ebert-Cummerata,France,48.864716,2.349014,Transportation & Logistics,Micro (1-10),Laura Thompson,04/23/24,Services,Sales Accepted,4,,,828,40,04/16/25,
Nolan-DuBuque,France,48.864716,2.349014,Banking and Finance,Micro (1-10),John Smith,01/21/24,Services,Sales Accepted,4,,,482,100,05/03/24,
Franecki-Baumbach,Austria,48.210033,16.363449,Professional Services  & Consulting,Micro (1-10),Laura Thompson,02/07/24,SAAS,Sales Accepted,4,,,367,50,03/01/24,
Cremin Group,France,48.864716,2.349014,Entertainment & Media & Hospitality,Micro (1-10),Emily Johnson,04/25/24,Services,Sales Accepted,4,,,471,20,03/16/25,
"Friesen, Jacobson and Lockman",Austria,48.210033,16.363449,IT & IT Services,Micro (1-10),Laura Thompson,03/16/24,SAAS,Sales Accepted,4,,,1169,20,07/19/24,
"West, Rodriguez and Larson",Belgium,51.260197,4.402771,Agriculture & Mining,Micro (1-10),David Wilson,05/06/24,Custom solution,Sales Accepted,4,,,1140,40,06/26/24,
Douglas-Purdy,Germany,52.520008,13.404954,Banking and Finance,Micro (1-10),Jessica Martinez,05/16/24,Custom solution,Sales Accepted,4,,,437,20,06/05/24,
Wilkinson Group,Italy,41.902782,12.496366,Transportation & Logistics,Micro (1-10),Kevin Anderson,03/27/24,SAAS,Sales Accepted,4,,,1027,50,01/08/25,
Greenholt LLC,France,48.864716,2.349014,Retail & Distribution,Micro (1-10),Michael Brown,01/13/24,Services,Sales Accepted,4,,,601,40,12/14/24,
"Torp, Nitzsche and Nicolas",Spain,40.416775,-3.70379,Education & Science,Micro (1-10),Michael Brown,04/19/24,Services,Sales Accepted,4,,,336,40,03/22/25,
Lindgren-Kuphal,Switzerland,46.204391,6.143158,Banking and Finance,Micro (1-10),Laura Thompson,04/29/24,Services,Sales Accepted,4,,,822,40,03/10/25,
Becker-Legros,Portugal,38.736946,-9.142685,Transportation & Logistics,Micro (1-10),Michael Brown,02/03/24,SAAS,Sales Accepted,4,,,465,30,02/28/24,
Auer-Kub,Germany,52.520008,13.404954,Government Administration Healthcare,Micro (1-10),Laura Thompson,05/12/24,Services,Sales Accepted,4,,,1146,20,03/07/25,
Abshire-Turcotte,Italy,41.902782,12.496366,Banking and Finance,Micro (1-10),Jessica Martinez,03/06/24,Services,Sales Accepted,4,,,794,70,02/21/25,
Haag LLC,Portugal,38.736946,-9.142685,Transportation & Logistics,Micro (1-10),Laura Thompson,04/13/24,Custom solution,Sales Accepted,4,,,1164,10,02/09/25,
"Kunde, Jast and Medhurst",Italy,41.902782,12.496366,Recreation & Sports,Micro (1-10),Kevin Anderson,02/04/24,Custom solution,Sales Accepted,4,,,424,30,03/13/24,
Wiegand-Shanahan,France,48.864716,2.349014,Transportation & Logistics,Micro (1-10),David Wilson,01/08/24,SAAS,Sales Accepted,4,,,311,40,04/13/24,
Kris-Haley,Switzerland,46.204391,6.143158,Manufacturing & Production,Micro (1-10),Laura Thompson,01/02/24,Custom solution,Sales Accepted,4,,,899,40,12/01/24,
"McCullough, Wehner and Mitchell",Portugal,38.736946,-9.142685,Transportation & Logistics,Micro (1-10),Emily Johnson,03/17/24,SAAS,Sales Accepted,4,,,405,20,07/04/24,
Bernier Group,Italy,41.902782,12.496366,Recreation & Sports,Micro (1-10),Sarah Davis,05/26/24,SAAS,Sales Accepted,4,,,281,40,11/11/24,
Schroeder-Cartwright,Italy,41.902782,12.496366,IT & IT Services,Micro (1-10),Emily Johnson,05/28/24,Services,Sales Accepted,4,,,1144,20,09/02/24,
Deckow Inc,Belgium,51.260197,4.402771,Government Administration Healthcare,Micro (1-10),Sarah Davis,02/27/24,SAAS,Sales Accepted,4,,,825,10,05/31/24,
Hintz and Sons,Portugal,38.736946,-9.142685,IT & IT Services,Micro (1-10),Laura Thompson,02/14/24,Services,Sales Accepted,4,,,750,70,12/27/24,
Rolfson-Nicolas,Spain,40.416775,-3.70379,Professional Services  & Consulting,Micro (1-10),Sarah Davis,01/22/24,SAAS,Sales Accepted,4,,,1158,30,08/30/24,
Hahn-Mraz,Germany,52.520008,13.404954,Telecommunications,Micro (1-10),Michael Brown,01/24/24,SAAS,Sales Accepted,4,,,918,30,08/04/24,
Parisian Group,Portugal,38.736946,-9.142685,Retail & Distribution,Micro (1-10),Emily Johnson,03/09/24,Custom solution,Sales Accepted,4,,,215,40,01/04/25,
Mann-Balistreri,Austria,48.210033,16.363449,Entertainment & Media & Hospitality,Micro (1-10),Kevin Anderson,02/15/24,Services,Sales Accepted,4,,,1060,30,01/30/25,
"Becker, Wolff and Legros",Germany,52.520008,13.404954,Agriculture & Mining,Micro (1-10),Laura Thompson,04/18/24,Services,Sales Accepted,4,,,493,30,02/10/25,
Sporer-Harber,Switzerland,46.204391,6.143158,Government Administration Healthcare,Micro (1-10),David Wilson,03/27/24,SAAS,Sales Accepted,4,,,815,20,06/20/24,
"Hickle, Witting and Langworth",Netherlands,52.370216,4.895168,Construction & Engineering,Micro (1-10),Jessica Martinez,02/26/24,SAAS,Sales Accepted,4,,,595,70,01/29/25,
"Wilkinson, Ebert and Toy",Switzerland,46.204391,6.143158,Professional Services  & Consulting,Micro (1-10),Kevin Anderson,01/20/24,SAAS,Sales Accepted,4,,,739,30,03/02/24,
Marquardt-Steuber,Netherlands,52.370216,4.895168,Banking and Finance,Micro (1-10),Michael Brown,01/29/24,Custom solution,Sales Accepted,4,,,571,40,09/21/24,
Deckow-Beatty,Portugal,38.736946,-9.142685,IT & IT Services,Micro (1-10),Sarah Davis,01/29/24,SAAS,Sales Accepted,4,,,313,100,11/08/24,
"Dicki, Ferry and Dare",Germany,52.520008,13.404954,Construction & Engineering,Micro (1-10),Michael Brown,03/13/24,Services,Sales Accepted,4,,,924,30,08/26/24,
Schmidt and Sons,Germany,52.520008,13.404954,Telecommunications,Micro (1-10),Emily Johnson,04/05/24,Custom solution,Sales Accepted,4,,,952,60,10/13/24,
Greenfelder and Sons,Portugal,38.736946,-9.142685,Professional Services  & Consulting,Micro (1-10),Jessica Martinez,03/05/24,SAAS,Sales Accepted,4,,,202,20,09/20/24,
"McKenzie, Kovacek and Reichel",Portugal,38.736946,-9.142685,Banking and Finance,Micro (1-10),Emily Johnson,04/20/24,Custom solution,Sales Accepted,4,,,660,50,02/17/25,
Greenfelder Inc,Austria,48.210033,16.363449,Agriculture & Mining,Micro (1-10),Michael Brown,05/08/24,SAAS,Sales Accepted,4,,,219,100,07/03/24,
Goyette and Sons,Italy,41.902782,12.496366,Professional Services  & Consulting,Micro (1-10),Laura Thompson,02/05/24,SAAS,Sales Accepted,4,,,653,40,06/07/24,
Pacocha and Sons,France,48.864716,2.349014,Transportation & Logistics,Micro (1-10),Michael Brown,03/31/24,Services,Sales Accepted,4,,,816,90,05/07/24,
Wiza Group,France,48.864716,2.349014,Transportation & Logistics,Micro (1-10),Laura Thompson,03/01/24,SAAS,Sales Accepted,4,,,344,30,09/02/24,
Murray-Ullrich,Spain,40.416775,-3.70379,Transportation & Logistics,Micro (1-10),Laura Thompson,03/18/24,Services,Sales Accepted,4,,,557,20,03/14/25,
Ward LLC,Netherlands,52.370216,4.895168,Banking and Finance,Micro (1-10),Michael Brown,05/31/24,Services,Sales Accepted,4,,,721,40,08/21/24,
Ferry-Bernier,Italy,41.902782,12.496366,Professional Services  & Consulting,Micro (1-10),Jessica Martinez,04/16/24,SAAS,Sales Accepted,4,,,964,40,02/07/25,
Glover and Sons,Belgium,51.260197,4.402771,Agriculture & Mining,Micro (1-10),Laura Thompson,04/08/24,SAAS,Sales Accepted,4,,,438,40,08/22/24,
"Brakus, Reichel and Funk",Germany,52.520008,13.404954,Agriculture & Mining,Micro (1-10),John Smith,05/02/24,Custom solution,Sales Accepted,4,,,238,20,09/17/24,
Huels and Sons,Germany,52.520008,13.404954,Transportation & Logistics,Micro (1-10),John Smith,02/16/24,Services,Sales Accepted,4,,,381,30,07/14/24,
Schuppe-Funk,Italy,41.902782,12.496366,Transportation & Logistics,Micro (1-10),David Wilson,04/14/24,Custom solution,Sales Accepted,4,,,943,30,08/16/24,
"Buckridge, Lakin and Nader",Switzerland,46.204391,6.143158,Banking and Finance,Micro (1-10),Kevin Anderson,05/08/24,SAAS,Sales Accepted,4,,,413,50,06/04/24,
"Ryan, Schneider and Medhurst",Netherlands,52.370216,4.895168,Construction & Engineering,Micro (1-10),Sarah Davis,02/05/24,SAAS,Sales Accepted,4,,,1092,20,08/06/24,
Braun-Zieme,France,48.864716,2.349014,Telecommunications,Micro (1-10),Jessica Martinez,05/30/24,Services,Sales Accepted,4,,,429,40,05/19/25,
Legros-Pacocha,Italy,41.902782,12.496366,Banking and Finance,Micro (1-10),Jessica Martinez,02/29/24,SAAS,Sales Accepted,4,,,952,30,08/08/24,
"Block, Tromp and Johnston",Netherlands,52.370216,4.895168,Agriculture & Mining,Micro (1-10),Kevin Anderson,03/22/24,SAAS,Sales Accepted,4,,,244,50,01/03/25,
"Johnson, Kiehn and Walsh",Portugal,38.736946,-9.142685,Retail & Distribution,Micro (1-10),David Wilson,01/13/24,Custom solution,Sales Accepted,4,,,223,90,09/13/24,
Smith and Sons,Austria,48.210033,16.363449,Transportation & Logistics,Micro (1-10),Michael Brown,04/20/24,Services,Sales Accepted,4,,,370,40,02/07/25,
Spencer-Jacobs,Italy,41.902782,12.496366,IT & IT Services,Micro (1-10),John Smith,04/24/24,Custom solution,Sales Accepted,4,,,1049,30,10/07/24,
"Wolf, Kozey and Olson",Portugal,38.736946,-9.142685,Manufacturing & Production,Micro (1-10),David Wilson,05/02/24,Services,Sales Accepted,4,,,380,20,09/19/24,
Runolfsdottir and Sons,Germany,52.520008,13.404954,Professional Services  & Consulting,Micro (1-10),Laura Thompson,02/25/24,Custom solution,Sales Accepted,4,,,1199,20,08/06/24,
Orn-Green,Netherlands,52.370216,4.895168,Telecommunications,Micro (1-10),Laura Thompson,02/25/24,SAAS,Sales Accepted,4,,,510,50,08/22/24,
Braun-Denesik,Switzerland,46.204391,6.143158,Government Administration Healthcare,Micro (1-10),Emily Johnson,01/29/24,SAAS,Sales Accepted,4,,,407,50,02/19/24,
Tromp-Jacobs,Italy,41.902782,12.496366,Energy & Utilities,Micro (1-10),Emily Johnson,04/12/24,SAAS,Sales Accepted,4,,,299,30,03/13/25,
Morar-Lebsack,Portugal,38.736946,-9.142685,Transportation & Logistics,Micro (1-10),Jessica Martinez,01/17/24,SAAS,Sales Accepted,4,,,706,20,05/11/24,
"Gislason, Dare and Yundt",France,48.864716,2.349014,Transportation & Logistics,Micro (1-10),Laura Thompson,05/02/24,SAAS,Sales Accepted,4,,,766,40,06/18/24,
"Lehner, Jacobson and Brakus",Switzerland,46.204391,6.143158,Transportation & Logistics,Micro (1-10),Jessica Martinez,04/05/24,SAAS,Sales Accepted,4,,,496,60,02/28/25,
"Homenick, Barton and Mayert",Spain,40.416775,-3.70379,Professional Services  & Consulting,Micro (1-10),Jessica Martinez,05/29/24,Services,Sales Accepted,4,,,917,20,06/28/24,
"VonRueden, Hayes and Conn",Italy,41.902782,12.496366,Entertainment & Media & Hospitality,Micro (1-10),Michael Brown,05/08/24,SAAS,Sales Accepted,4,,,656,40,06/08/24,
Nitzsche-Reichel,Italy,41.902782,12.496366,Transportation & Logistics,Micro (1-10),Kevin Anderson,03/15/24,Custom solution,Sales Accepted,4,,,996,70,12/27/24,
"Mosciski, Wisozk and Hamill",Switzerland,46.204391,6.143158,Professional Services  & Consulting,Micro (1-10),Sarah Davis,05/14/24,Services,Sales Accepted,4,,,428,30,09/05/24,
Buckridge-Langosh,France,48.864716,2.349014,IT & IT Services,Micro (1-10),Michael Brown,01/10/24,SAAS,Sales Accepted,4,,,562,20,08/19/24,
"Hessel, Ward and Bernhard",Switzerland,46.204391,6.143158,IT & IT Services,Micro (1-10),Michael Brown,01/08/24,Custom solution,Sales Accepted,4,,,786,50,08/19/24,
"Huels, Kutch and Gorczany",Italy,41.902782,12.496366,Transportation & Logistics,Micro (1-10),Jessica Martinez,04/04/24,SAAS,Sales Accepted,4,,,827,40,02/17/25,
Stehr LLC,France,48.864716,2.349014,Transportation & Logistics,Micro (1-10),Emily Johnson,04/13/24,Services,Sales Accepted,4,,,1021,60,01/16/25,
Casper-Bahringer,Germany,52.520008,13.404954,Entertainment & Media & Hospitality,Micro (1-10),Jessica Martinez,01/25/24,Services,Sales Accepted,4,,,509,40,03/13/24,
"DuBuque, Cormier and Reichel",Germany,52.520008,13.404954,Banking and Finance,Micro (1-10),Sarah Davis,01/20/24,Services,Sales Accepted,4,,,883,40,07/21/24,
Welch LLC,Italy,41.902782,12.496366,Agriculture & Mining,Micro (1-10),Sarah Davis,05/19/24,SAAS,Sales Accepted,4,,,500,30,04/19/25,
"Keeling, Miller and Rolfson",Italy,41.902782,12.496366,Government Administration Healthcare,Micro (1-10),Sarah Davis,03/28/24,Custom solution,Sales Accepted,4,,,891,90,03/07/25,
"Smith, Daniel and Bruen",Italy,41.902782,12.496366,Banking and Finance,Micro (1-10),Sarah Davis,05/14/24,Custom solution,Sales Accepted,4,,,811,20,04/10/25,
Windler Group,Germany,52.520008,13.404954,IT & IT Services,Micro (1-10),Laura Thompson,01/29/24,Services,Sales Accepted,4,,,993,20,08/19/24,
Moore Inc,Italy,41.902782,12.496366,Professional Services  & Consulting,Micro (1-10),David Wilson,04/30/24,Custom solution,Sales Accepted,4,,,1083,50,01/03/25,
Herzog-Jacobi,Spain,40.416775,-3.70379,Transportation & Logistics,Micro (1-10),Laura Thompson,04/28/24,Services,Sales Accepted,4,,,928,50,02/19/25,
"Murazik, Johnson and Roob",Italy,41.902782,12.496366,Transportation & Logistics,Micro (1-10),Jessica Martinez,04/19/24,SAAS,Sales Accepted,4,,,307,30,01/10/25,
"Koss, Reilly and Monahan",Italy,41.902782,12.496366,Transportation & Logistics,Micro (1-10),John Smith,04/02/24,SAAS,Sales Accepted,4,,,697,60,11/03/24,
"Douglas, Kulas and Roberts",Switzerland,46.204391,6.143158,IT & IT Services,Micro (1-10),Laura Thompson,04/07/24,Services,Sales Accepted,4,,,451,30,05/27/24,
"Jacobs, Fay and Konopelski",Switzerland,46.204391,6.143158,Banking and Finance,Micro (1-10),Laura Thompson,01/25/24,Custom solution,Sales Accepted,4,,,1160,20,07/29/24,
Dooley-Walker,Italy,41.902782,12.496366,Transportation & Logistics,Micro (1-10),Laura Thompson,05/12/24,SAAS,Sales Accepted,4,,,790,30,03/19/25,
"Connelly, Tillman and Smith",France,48.864716,2.349014,Banking and Finance,Micro (1-10),Emily Johnson,01/10/24,SAAS,Sales Accepted,4,,,1196,20,07/04/24,
Emard-Hartmann,Italy,41.902782,12.496366,Government Administration Healthcare,Micro (1-10),Emily Johnson,02/28/24,Services,Sales Accepted,4,,,915,30,12/18/24,
Schaden-Bauch,Austria,48.210033,16.363449,IT & IT Services,Micro (1-10),Laura Thompson,03/27/24,Services,Sales Accepted,4,,,1075,30,02/19/25,
Hartmann LLC,Switzerland,46.204391,6.143158,Energy & Utilities,Micro (1-10),Jessica Martinez,04/18/24,SAAS,Sales Accepted,4,,,789,20,11/07/24,
Wehner-Kuphal,Belgium,51.260197,4.402771,Professional Services  & Consulting,Micro (1-10),Jessica Martinez,02/16/24,SAAS,Sales Accepted,4,,,492,30,04/27/24,
Mydeo,Italy,41.902782,12.496366,Telecommunications,Medium (201-500),Emily Johnson,02/23/24,Services,Sales Accepted,4,,,1940,40,12/08/24,
Tazzy,Germany,52.520008,13.404954,IT & IT Services,Medium (201-500),Michael Brown,02/03/24,Custom solution,Sales Accepted,4,,,6881,20,06/25/24,
Roomm,Portugal,38.736946,-9.142685,Banking and Finance,Medium (201-500),Kevin Anderson,04/06/24,SAAS,Sales Accepted,4,,,1944,30,01/16/25,
Plambee,Belgium,51.260197,4.402771,Government Administration Healthcare,Medium (201-500),Kevin Anderson,03/29/24,Services,Sales Accepted,4,,,7599,60,06/06/24,
Agivu,Portugal,38.736946,-9.142685,IT & IT Services,Medium (201-500),Laura Thompson,01/16/24,Custom solution,Sales Accepted,4,,,4083,10,03/18/24,
Browsebug,Switzerland,46.204391,6.143158,IT & IT Services,Medium (201-500),John Smith,03/26/24,Custom solution,Sales Accepted,4,,,6631,40,12/08/24,
Fadeo,Italy,41.902782,12.496366,Education & Science,Medium (201-500),David Wilson,04/18/24,SAAS,Sales Accepted,4,,,3675,60,11/10/24,
Bluejam,Italy,41.902782,12.496366,Construction & Engineering,Medium (201-500),David Wilson,03/18/24,Custom solution,Sales Accepted,4,,,6491,20,12/07/24,
Kazu,Italy,41.902782,12.496366,Banking and Finance,Medium (201-500),Sarah Davis,04/30/24,Services,Sales Accepted,4,,,666,90,02/15/25,
Eayo,Switzerland,46.204391,6.143158,IT & IT Services,Medium (201-500),Laura Thompson,05/21/24,SAAS,Sales Accepted,4,,,6272,90,09/20/24,
LiveZ,Switzerland,46.204391,6.143158,Energy & Utilities,Medium (201-500),Michael Brown,05/14/24,Services,Sales Accepted,4,,,6217,90,07/18/24,
Brainbox,France,48.864716,2.349014,IT & IT Services,Medium (201-500),Laura Thompson,02/13/24,SAAS,Sales Accepted,4,,,3368,80,07/11/24,
Mymm,Italy,41.902782,12.496366,Construction & Engineering,Medium (201-500),Michael Brown,05/27/24,Services,Sales Accepted,4,,,6401,40,10/28/24,
Oyonder,France,48.864716,2.349014,Transportation & Logistics,Medium (201-500),Kevin Anderson,02/17/24,Custom solution,Sales Accepted,4,,,6003,50,07/26/24,
Skinder,Austria,48.210033,16.363449,Transportation & Logistics,Medium (201-500),Laura Thompson,01/27/24,Services,Sales Accepted,4,,,4630,60,04/20/24,
Minyx,Belgium,51.260197,4.402771,Manufacturing & Production,Medium (201-500),David Wilson,05/29/24,Custom solution,Sales Accepted,4,,,1412,20,05/12/25,
Ooba,Germany,52.520008,13.404954,IT & IT Services,Medium (201-500),John Smith,01/10/24,Custom solution,Sales Accepted,4,,,7814,50,09/17/24,
Zoomlounge,Netherlands,52.370216,4.895168,Transportation & Logistics,Medium (201-500),Jessica Martinez,05/22/24,SAAS,Sales Accepted,4,,,7896,20,12/23/24,
Tazz,Switzerland,46.204391,6.143158,Government Administration Healthcare,Medium (201-500),Laura Thompson,04/22/24,Custom solution,Sales Accepted,4,,,2922,30,05/31/24,
Dynazzy,France,48.864716,2.349014,Energy & Utilities,Medium (201-500),David Wilson,01/17/24,SAAS,Sales Accepted,4,,,5709,30,02/29/24,
Wikibox,Italy,41.902782,12.496366,Transportation & Logistics,Medium (201-500),Michael Brown,02/02/24,Custom solution,Sales Accepted,4,,,1102,30,10/26/24,
Tagcat,Germany,52.520008,13.404954,Banking and Finance,Medium (201-500),Sarah Davis,02/18/24,Custom solution,Sales Accepted,4,,,3809,30,10/13/24,
Quimm,Italy,41.902782,12.496366,Manufacturing & Production,Medium (201-500),John Smith,05/04/24,Services,Sales Accepted,4,,,3896,20,09/14/24,
Mita,Germany,52.520008,13.404954,IT & IT Services,Medium (201-500),Jessica Martinez,05/22/24,Services,Sales Accepted,4,,,6990,50,03/12/25,
Devcast,Netherlands,52.370216,4.895168,Banking and Finance,Medium (201-500),Michael Brown,05/27/24,SAAS,Sales Accepted,4,,,6435,50,04/12/25,
Yombu,Switzerland,46.204391,6.143158,Transportation & Logistics,Medium (201-500),Laura Thompson,01/19/24,Services,Sales Accepted,4,,,3314,40,01/09/25,
Janyx,Portugal,38.736946,-9.142685,Energy & Utilities,Medium (201-500),Jessica Martinez,04/15/24,Services,Sales Accepted,4,,,5389,50,07/15/24,
Avamba,Portugal,38.736946,-9.142685,IT & IT Services,Medium (201-500),Laura Thompson,05/24/24,SAAS,Sales Accepted,4,,,6440,30,04/14/25,
Eidel,Italy,41.902782,12.496366,Energy & Utilities,Medium (201-500),John Smith,02/24/24,SAAS,Sales Accepted,4,,,6018,100,05/05/24,
Zoozzy,Italy,41.902782,12.496366,Retail & Distribution,Medium (201-500),Michael Brown,03/23/24,Services,Sales Accepted,4,,,7288,30,10/23/24,
Omba,Switzerland,46.204391,6.143158,Transportation & Logistics,Medium (201-500),Sarah Davis,04/19/24,SAAS,Sales Accepted,4,,,1568,60,11/25/24,
Thoughtbridge,Germany,52.520008,13.404954,Transportation & Logistics,Medium (201-500),Michael Brown,02/07/24,Custom solution,Sales Accepted,4,,,2820,90,11/21/24,
Skidoo,France,48.864716,2.349014,IT & IT Services,Medium (201-500),Jessica Martinez,02/24/24,Custom solution,Sales Accepted,4,,,556,50,11/02/24,
Tagtune,Italy,41.902782,12.496366,Entertainment & Media & Hospitality,Medium (201-500),Jessica Martinez,04/20/24,Custom solution,Sales Accepted,4,,,3396,40,10/02/24,
Edgewire,France,48.864716,2.349014,Telecommunications,Medium (201-500),David Wilson,01/07/24,SAAS,Sales Accepted,4,,,3793,100,02/15/24,
Kamba,France,48.864716,2.349014,Manufacturing & Production,Medium (201-500),Michael Brown,01/25/24,Custom solution,Sales Accepted,4,,,3275,20,09/16/24,
Vitz,Netherlands,52.370216,4.895168,Professional Services  & Consulting,Medium (201-500),Laura Thompson,05/22/24,Services,Sales Accepted,4,,,7618,30,03/01/25,
Twiyo,Italy,41.902782,12.496366,Banking and Finance,Medium (201-500),Michael Brown,05/16/24,Custom solution,Sales Accepted,4,,,1240,70,07/15/24,
Lazzy,Italy,41.902782,12.496366,IT & IT Services,Medium (201-500),David Wilson,03/14/24,Custom solution,Sales Accepted,4,,,2040,40,10/31/24,
Miboo,Switzerland,46.204391,6.143158,Banking and Finance,Medium (201-500),Michael Brown,03/02/24,Custom solution,Sales Accepted,4,,,4371,10,11/25/24,
Jabbertype,Italy,41.902782,12.496366,Banking and Finance,Medium (201-500),Michael Brown,05/20/24,Services,Sales Accepted,4,,,6865,80,12/25/24,
Izio,Netherlands,52.370216,4.895168,Professional Services  & Consulting,Medium (201-500),Kevin Anderson,05/14/24,SAAS,Sales Accepted,4,,,1037,40,11/13/24,
"Stamm, Hintz and Smith",Netherlands,52.370216,4.895168,Manufacturing & Production,Medium (201-500),Laura Thompson,05/14/24,Custom solution,Sales Accepted,4,,,3278,90,06/30/24,
"Armstrong, Murphy and Mosciski",Portugal,38.736946,-9.142685,Banking and Finance,Medium (201-500),Emily Johnson,01/29/24,Services,Sales Accepted,4,,,7181,40,05/30/24,
Kshlerin Inc,Spain,40.416775,-3.70379,Entertainment & Media & Hospitality,Medium (201-500),Kevin Anderson,05/02/24,SAAS,Sales Accepted,4,,,3474,70,10/04/24,
Cartwright-O'Reilly,Germany,52.520008,13.404954,Retail & Distribution,Medium (201-500),David Wilson,01/27/24,Services,Sales Accepted,4,,,6180,40,06/02/24,
"Koss, Buckridge and Ritchie",Switzerland,46.204391,6.143158,Retail & Distribution,Medium (201-500),John Smith,05/15/24,Services,Sales Accepted,4,,,2254,50,12/03/24,
"Konopelski, Lebsack and Breitenberg",Belgium,51.260197,4.402771,Government Administration Healthcare,Medium (201-500),John Smith,01/15/24,SAAS,Sales Accepted,4,,,1610,60,08/13/24,
Stokes Inc,Italy,41.902782,12.496366,Transportation & Logistics,Medium (201-500),Laura Thompson,01/29/24,Services,Sales Accepted,4,,,2244,20,03/01/24,
Schinner LLC,Belgium,51.260197,4.402771,Agriculture & Mining,Medium (201-500),Jessica Martinez,05/05/24,SAAS,Sales Accepted,4,,,1607,50,10/30/24,
Kovacek Inc,Germany,52.520008,13.404954,Transportation & Logistics,Medium (201-500),Emily Johnson,04/26/24,Custom solution,Sales Accepted,4,,,3843,30,05/27/24,
"Nienow, Kris and Lehner",Italy,41.902782,12.496366,Transportation & Logistics,Medium (201-500),Michael Brown,02/24/24,SAAS,Sales Accepted,4,,,630,40,01/31/25,
"Larson, Rutherford and Boyer",Germany,52.520008,13.404954,Transportation & Logistics,Medium (201-500),Jessica Martinez,04/13/24,SAAS,Sales Accepted,4,,,3866,60,05/06/24,
McCullough-Wuckert,Italy,41.902782,12.496366,Transportation & Logistics,Medium (201-500),Michael Brown,05/06/24,Services,Sales Accepted,4,,,4358,30,06/07/24,
Cruickshank Inc,Netherlands,52.370216,4.895168,Government Administration Healthcare,Medium (201-500),Michael Brown,05/03/24,Services,Sales Accepted,4,,,1808,80,01/07/25,
"Wolf, Lakin and Hodkiewicz",France,48.864716,2.349014,Recreation & Sports,Medium (201-500),David Wilson,05/22/24,Custom solution,Sales Accepted,4,,,6476,20,08/07/24,
Okuneva and Sons,France,48.864716,2.349014,IT & IT Services,Medium (201-500),Sarah Davis,01/17/24,SAAS,Sales Accepted,4,,,4366,10,06/08/24,
Schneider LLC,Portugal,38.736946,-9.142685,Professional Services  & Consulting,Medium (201-500),Laura Thompson,05/19/24,Services,Sales Accepted,4,,,4420,30,07/08/24,
Weimann and Sons,Germany,52.520008,13.404954,Recreation & Sports,Medium (201-500),Michael Brown,05/07/24,Services,Sales Accepted,4,,,1393,60,12/20/24,
"Bins, Jaskolski and Dach",Italy,41.902782,12.496366,Retail & Distribution,Medium (201-500),Michael Brown,01/05/24,Custom solution,Sales Accepted,4,,,3648,30,02/03/24,
"Hodkiewicz, Corwin and West",Germany,52.520008,13.404954,Banking and Finance,Medium (201-500),Laura Thompson,03/27/24,Services,Sales Accepted,4,,,4612,20,09/05/24,
Rodriguez-Howell,Germany,52.520008,13.404954,Government Administration Healthcare,Medium (201-500),Michael Brown,02/16/24,SAAS,Sales Accepted,4,,,5992,20,03/31/24,
"Auer, Spencer and Schumm",Belgium,51.260197,4.402771,Transportation & Logistics,Medium (201-500),Kevin Anderson,04/29/24,SAAS,Sales Accepted,4,,,7591,30,02/20/25,
"Daniel, Torp and Homenick",Italy,41.902782,12.496366,IT & IT Services,Medium (201-500),Jessica Martinez,02/14/24,Services,Sales Accepted,4,,,1158,20,12/21/24,
"Wiegand, Kassulke and McClure",Portugal,38.736946,-9.142685,Retail & Distribution,Medium (201-500),Jessica Martinez,05/17/24,SAAS,Sales Accepted,4,,,5723,20,11/02/24,
"Bode, Streich and Howe",Belgium,51.260197,4.402771,IT & IT Services,Medium (201-500),Kevin Anderson,04/24/24,Custom solution,Sales Accepted,4,,,4941,30,10/21/24,
Buckridge LLC,Spain,40.416775,-3.70379,Transportation & Logistics,Medium (201-500),Emily Johnson,03/26/24,SAAS,Sales Accepted,4,,,3814,60,05/16/24,
Romaguera-Legros,Netherlands,52.370216,4.895168,Transportation & Logistics,Medium (201-500),Jessica Martinez,03/01/24,Services,Sales Accepted,4,,,6893,50,09/21/24,
"Walter, Nader and Wintheiser",Switzerland,46.204391,6.143158,Telecommunications,Medium (201-500),Michael Brown,01/14/24,Services,Sales Accepted,4,,,3543,40,07/31/24,
Ankunding-Harber,Italy,41.902782,12.496366,IT & IT Services,Medium (201-500),Laura Thompson,05/30/24,Services,Sales Accepted,4,,,3909,40,07/17/24,
"Funk, Rath and Gottlieb",Austria,48.210033,16.363449,Government Administration Healthcare,Medium (201-500),Michael Brown,01/03/24,Services,Sales Accepted,4,,,981,90,09/05/24,
Cassin-Schamberger,Switzerland,46.204391,6.143158,Banking and Finance,Medium (201-500),Laura Thompson,03/27/24,Services,Sales Accepted,4,,,784,20,06/13/24,
"Bradtke, Ebert and Greenfelder",Switzerland,46.204391,6.143158,Telecommunications,Medium (201-500),Sarah Davis,01/31/24,Services,Sales Accepted,4,,,3108,30,03/23/24,
McCullough-Abshire,Germany,52.520008,13.404954,Agriculture & Mining,Medium (201-500),Michael Brown,01/23/24,Services,Sales Accepted,4,,,5558,20,09/20/24,
Shanahan-Erdman,Belgium,51.260197,4.402771,Manufacturing & Production,Medium (201-500),Laura Thompson,01/15/24,SAAS,Sales Accepted,4,,,1260,50,04/08/24,
Upton LLC,Switzerland,46.204391,6.143158,Banking and Finance,Medium (201-500),Jessica Martinez,05/03/24,Custom solution,Sales Accepted,4,,,5207,70,03/11/25,
"Metz, Anderson and McCullough",Switzerland,46.204391,6.143158,Energy & Utilities,Medium (201-500),Laura Thompson,04/04/24,Custom solution,Sales Accepted,4,,,1503,80,09/08/24,
"Lakin, Bosco and Von",Switzerland,46.204391,6.143158,IT & IT Services,Medium (201-500),John Smith,02/10/24,SAAS,Sales Accepted,4,,,6987,30,05/01/24,
"Halvorson, Schaefer and D'Amore",Switzerland,46.204391,6.143158,Entertainment & Media & Hospitality,Medium (201-500),Emily Johnson,03/29/24,Services,Sales Accepted,4,,,357,80,06/23/24,
Hettinger and Sons,France,48.864716,2.349014,Agriculture & Mining,Medium (201-500),Emily Johnson,01/06/24,Custom solution,Sales Accepted,4,,,5253,50,02/07/24,
Baumbach LLC,France,48.864716,2.349014,Education & Science,Medium (201-500),Jessica Martinez,01/15/24,Custom solution,Sales Accepted,4,,,5864,20,07/29/24,
Effertz-Jaskolski,Portugal,38.736946,-9.142685,IT & IT Services,Medium (201-500),Jessica Martinez,05/27/24,SAAS,Sales Accepted,4,,,2138,20,08/16/24,
Jerde Inc,Italy,41.902782,12.496366,Banking and Finance,Medium (201-500),Michael Brown,03/09/24,SAAS,Sales Accepted,4,,,7070,20,07/29/24,
Schoen-Kessler,Italy,41.902782,12.496366,Banking and Finance,Medium (201-500),Jessica Martinez,05/20/24,Services,Sales Accepted,4,,,3447,80,07/04/24,
"Flatley, Kiehn and Blanda",France,48.864716,2.349014,IT & IT Services,Medium (201-500),Laura Thompson,05/09/24,SAAS,Sales Accepted,4,,,5824,50,04/08/25,
Dicki-Yundt,Switzerland,46.204391,6.143158,Government Administration Healthcare,Medium (201-500),John Smith,04/11/24,SAAS,Sales Accepted,4,,,6573,20,08/07/24,
Kilback Group,Germany,52.520008,13.404954,Government Administration Healthcare,Medium (201-500),Kevin Anderson,02/28/24,SAAS,Sales Accepted,4,,,3855,100,01/28/25,
Ferry LLC,Switzerland,46.204391,6.143158,Recreation & Sports,Medium (201-500),Jessica Martinez,05/01/24,SAAS,Sales Accepted,4,,,6330,30,06/20/24,
"Cormier, Moore and Bogisich",Austria,48.210033,16.363449,Transportation & Logistics,Medium (201-500),Laura Thompson,01/19/24,SAAS,Sales Accepted,4,,,7787,40,10/02/24,
Effertz LLC,Italy,41.902782,12.496366,Transportation & Logistics,Medium (201-500),John Smith,05/11/24,Custom solution,Sales Accepted,4,,,4258,60,12/03/24,
Conroy and Sons,Switzerland,46.204391,6.143158,IT & IT Services,Medium (201-500),Laura Thompson,02/13/24,Services,Sales Accepted,4,,,4736,50,11/09/24,
Emmerich-Heathcote,France,48.864716,2.349014,Government Administration Healthcare,Medium (201-500),Laura Thompson,04/20/24,Custom solution,Sales Accepted,4,,,7314,60,05/28/24,
Harris LLC,Spain,40.416775,-3.70379,Agriculture & Mining,Medium (201-500),Jessica Martinez,02/02/24,Custom solution,Sales Accepted,4,,,2102,50,12/30/24,
Yost-Kessler,Belgium,51.260197,4.402771,Agriculture & Mining,Medium (201-500),Laura Thompson,03/17/24,Services,Sales Accepted,4,,,2771,20,07/04/24,
"Orn, Schmeler and Legros",Italy,41.902782,12.496366,Government Administration Healthcare,Medium (201-500),Laura Thompson,01/10/24,Services,Sales Accepted,4,,,4477,60,07/05/24,
"Olson, Wilderman and Dach",Italy,41.902782,12.496366,Government Administration Healthcare,Medium (201-500),Laura Thompson,02/15/24,Custom solution,Sales Accepted,4,,,4588,20,08/02/24,
"Kulas, Halvorson and O'Reilly",Switzerland,46.204391,6.143158,Construction & Engineering,Medium (201-500),Laura Thompson,01/10/24,Custom solution,Sales Accepted,4,,,2496,90,10/04/24,
"Dibbert, Kuhn and Kling",Portugal,38.736946,-9.142685,Education & Science,Medium (201-500),Jessica Martinez,02/13/24,Services,Sales Accepted,4,,,2404,70,07/21/24,
Cronin LLC,Germany,52.520008,13.404954,Education & Science,Medium (201-500),John Smith,01/23/24,Services,Sales Accepted,4,,,3681,30,12/25/24,
"Dooley, Schiller and Leuschke",France,48.864716,2.349014,Government Administration Healthcare,Medium (201-500),Laura Thompson,02/17/24,Services,Sales Accepted,4,,,4461,90,05/30/24,
Rempel-Ferry,Portugal,38.736946,-9.142685,Banking and Finance,Medium (201-500),Michael Brown,04/19/24,SAAS,Sales Accepted,4,,,4787,30,08/16/24,
"Simonis, Lemke and Kutch",Germany,52.520008,13.404954,Agriculture & Mining,Medium (201-500),Sarah Davis,01/06/24,Services,Sales Accepted,4,,,6643,30,03/11/24,
Auer-Dooley,Switzerland,46.204391,6.143158,Transportation & Logistics,Medium (201-500),Emily Johnson,03/18/24,Services,Sales Accepted,4,,,2087,50,03/18/25,
Koch Inc,Switzerland,46.204391,6.143158,Recreation & Sports,Medium (201-500),Jessica Martinez,04/23/24,Services,Sales Accepted,4,,,5674,30,10/16/24,
"Kozey, Hills and Steuber",Netherlands,52.370216,4.895168,Manufacturing & Production,Medium (201-500),Jessica Martinez,03/24/24,Services,Sales Accepted,4,,,6083,20,04/20/24,
Windler and Sons,Switzerland,46.204391,6.143158,Retail & Distribution,Medium (201-500),Laura Thompson,01/10/24,SAAS,Sales Accepted,4,,,4081,50,12/28/24,
Abshire and Sons,Netherlands,52.370216,4.895168,Education & Science,Medium (201-500),Sarah Davis,05/12/24,Services,Sales Accepted,4,,,2431,50,01/28/25,
"Ward, Marks and Rolfson",Austria,48.210033,16.363449,Government Administration Healthcare,Medium (201-500),Jessica Martinez,04/06/24,SAAS,Sales Accepted,4,,,3478,60,12/20/24,
"Emmerich, Veum and Gutkowski",Belgium,51.260197,4.402771,Telecommunications,Medium (201-500),Michael Brown,04/08/24,Services,Sales Accepted,4,,,2072,30,10/08/24,
Wilderman LLC,Switzerland,46.204391,6.143158,Agriculture & Mining,Medium (201-500),John Smith,04/29/24,Custom solution,Sales Accepted,4,,,4837,40,07/14/24,
"Dooley, Cummings and Schowalter",Italy,41.902782,12.496366,Transportation & Logistics,Medium (201-500),Sarah Davis,04/08/24,Services,Sales Accepted,4,,,4322,50,02/10/25,
Miller and Sons,Switzerland,46.204391,6.143158,IT & IT Services,Medium (201-500),Laura Thompson,02/12/24,Services,Sales Accepted,4,,,3220,30,06/21/24,
"Wolff, Greenfelder and Graham",Switzerland,46.204391,6.143158,Retail & Distribution,Medium (201-500),Jessica Martinez,02/23/24,Custom solution,Sales Accepted,4,,,4427,10,01/08/25,
"Cronin, Herman and Heathcote",Belgium,51.260197,4.402771,Recreation & Sports,Medium (201-500),Laura Thompson,02/11/24,Custom solution,Sales Accepted,4,,,6006,40,09/19/24,
Rosenbaum LLC,Portugal,38.736946,-9.142685,Entertainment & Media & Hospitality,Medium (201-500),Laura Thompson,03/14/24,Services,Sales Accepted,4,,,5823,60,12/12/24,
Hudson Inc,Portugal,38.736946,-9.142685,Transportation & Logistics,Medium (201-500),John Smith,01/20/24,Services,Sales Accepted,4,,,6192,80,08/29/24,
"Erdman, Rowe and Adams",Portugal,38.736946,-9.142685,IT & IT Services,Medium (201-500),Michael Brown,04/01/24,Custom solution,Sales Accepted,4,,,6839,80,08/25/24,
Langosh-Borer,Germany,52.520008,13.404954,Professional Services  & Consulting,Medium (201-500),Michael Brown,03/21/24,Services,Sales Accepted,4,,,1169,40,04/20/24,
Schiller-Mitchell,Germany,52.520008,13.404954,Education & Science,Medium (201-500),John Smith,04/17/24,Services,Sales Accepted,4,,,5999,50,06/23/24,
"Heller, Prohaska and Wolff",Belgium,51.260197,4.402771,Transportation & Logistics,Medium (201-500),Laura Thompson,03/25/24,Services,Sales Accepted,4,,,3010,10,09/16/24,
Murray and Sons,Italy,41.902782,12.496366,IT & IT Services,Medium (201-500),Laura Thompson,01/31/24,SAAS,Sales Accepted,4,,,7709,70,03/31/24,
"Stark, Sporer and Jenkins",Austria,48.210033,16.363449,Government Administration Healthcare,Medium (201-500),Kevin Anderson,03/05/24,SAAS,Sales Accepted,4,,,7536,40,09/10/24,
Brakus-Kub,France,48.864716,2.349014,Transportation & Logistics,Medium (201-500),Kevin Anderson,01/08/24,SAAS,Sales Accepted,4,,,1519,20,04/25/24,
Reichel-Wilkinson,Italy,41.902782,12.496366,Manufacturing & Production,Medium (201-500),Laura Thompson,05/12/24,Services,Sales Accepted,4,,,2395,40,02/20/25,
Wisozk Inc,Italy,41.902782,12.496366,Banking and Finance,Medium (201-500),Michael Brown,02/23/24,Services,Sales Accepted,4,,,233,20,04/25/24,
Tromp and Sons,Switzerland,46.204391,6.143158,Recreation & Sports,Medium (201-500),Jessica Martinez,04/11/24,SAAS,Sales Accepted,4,,,7912,30,12/01/24,
Raynor and Sons,France,48.864716,2.349014,IT & IT Services,Medium (201-500),Michael Brown,03/09/24,Services,Sales Accepted,4,,,6599,30,12/27/24,
"Olson, Hamill and Jast",Spain,40.416775,-3.70379,Transportation & Logistics,Medium (201-500),Laura Thompson,03/08/24,Services,Sales Accepted,4,,,3653,10,08/13/24,
"Kirlin, Kemmer and Hegmann",Portugal,38.736946,-9.142685,Banking and Finance,Medium (201-500),Kevin Anderson,04/15/24,SAAS,Sales Accepted,4,,,6335,40,01/27/25,
"Schowalter, Carroll and Harris",Portugal,38.736946,-9.142685,Transportation & Logistics,Medium (201-500),Laura Thompson,01/20/24,Services,Sales Accepted,4,,,5823,50,09/10/24,
Rowe Inc,Spain,40.416775,-3.70379,Energy & Utilities,Medium (201-500),Laura Thompson,04/19/24,Services,Sales Accepted,4,,,520,80,07/19/24,
Schinner-Ullrich,Italy,41.902782,12.496366,Banking and Finance,Medium (201-500),Laura Thompson,05/01/24,Services,Sales Accepted,4,,,2511,10,03/22/25,
"Torphy, Deckow and Tremblay",Switzerland,46.204391,6.143158,IT & IT Services,Medium (201-500),Laura Thompson,01/03/24,SAAS,Sales Accepted,4,,,5998,100,10/11/24,
Kuphal Group,Switzerland,46.204391,6.143158,Entertainment & Media & Hospitality,Medium (201-500),Michael Brown,04/19/24,SAAS,Sales Accepted,4,,,2733,30,02/27/25,
Breitenberg Group,Germany,52.520008,13.404954,Entertainment & Media & Hospitality,Medium (201-500),Laura Thompson,01/29/24,SAAS,Sales Accepted,4,,,7415,80,06/14/24,
"Von, Predovic and McLaughlin",Portugal,38.736946,-9.142685,Education & Science,Medium (201-500),David Wilson,03/06/24,Services,Sales Accepted,4,,,6237,30,06/15/24,
Walsh-McLaughlin,Switzerland,46.204391,6.143158,Government Administration Healthcare,Medium (201-500),John Smith,05/28/24,Custom solution,Sales Accepted,4,,,822,20,10/30/24,
"Cassin, McClure and Torp",France,48.864716,2.349014,Professional Services  & Consulting,Medium (201-500),Michael Brown,05/02/24,Services,Sales Accepted,4,,,4686,30,06/13/24,
Schneider-Stracke,Germany,52.520008,13.404954,Banking and Finance,Medium (201-500),Jessica Martinez,05/30/24,Services,Sales Accepted,4,,,6335,50,01/05/25,
"Welch, Rowe and Harber",Spain,40.416775,-3.70379,IT & IT Services,Medium (201-500),Michael Brown,01/09/24,SAAS,Sales Accepted,4,,,367,20,12/15/24,
"Hammes, Rohan and Leannon",Switzerland,46.204391,6.143158,IT & IT Services,Medium (201-500),Emily Johnson,01/16/24,SAAS,Sales Accepted,4,,,6868,50,10/28/24,
"Kris, Farrell and Auer",Germany,52.520008,13.404954,Government Administration Healthcare,Medium (201-500),John Smith,03/11/24,Custom solution,Sales Accepted,4,,,4594,40,05/20/24,
Littel-Wehner,Belgium,51.260197,4.402771,Recreation & Sports,Medium (201-500),Kevin Anderson,05/01/24,Custom solution,Sales Accepted,4,,,4181,50,10/06/24,
"Hettinger, D'Amore and Gislason",Austria,48.210033,16.363449,Telecommunications,Medium (201-500),Jessica Martinez,03/11/24,Services,Sales Accepted,4,,,4962,50,11/30/24,
Lesch and Sons,Germany,52.520008,13.404954,IT & IT Services,Medium (201-500),Michael Brown,05/25/24,Services,Sales Accepted,4,,,1517,60,04/25/25,
Emard Inc,Italy,41.902782,12.496366,Transportation & Logistics,Medium (201-500),John Smith,01/27/24,SAAS,Sales Accepted,4,,,3352,100,09/22/24,
Deckow-Vandervort,Italy,41.902782,12.496366,Recreation & Sports,Medium (201-500),Laura Thompson,02/02/24,SAAS,Sales Accepted,4,,,6861,40,06/25/24,
Hartmann-Ferry,Italy,41.902782,12.496366,Transportation & Logistics,Medium (201-500),Michael Brown,02/21/24,SAAS,Sales Accepted,4,,,5533,20,07/31/24,
Metz-Kilback,Italy,41.902782,12.496366,Entertainment & Media & Hospitality,Medium (201-500),Michael Brown,02/22/24,Custom solution,Sales Accepted,4,,,1742,20,07/04/24,
Ledner-Wilkinson,France,48.864716,2.349014,Energy & Utilities,Medium (201-500),Kevin Anderson,05/03/24,Custom solution,Sales Accepted,4,,,7534,20,12/22/24,
Keeling-Bogan,Netherlands,52.370216,4.895168,Telecommunications,Medium (201-500),John Smith,04/23/24,SAAS,Sales Accepted,4,,,787,30,12/19/24,
"Mante, Witting and Hoppe",Italy,41.902782,12.496366,Retail & Distribution,Medium (201-500),John Smith,03/30/24,SAAS,Sales Accepted,4,,,6798,20,01/20/25,
Krajcik-Boehm,Belgium,51.260197,4.402771,Retail & Distribution,Medium (201-500),Michael Brown,04/13/24,Services,Sales Accepted,4,,,1167,80,03/29/25,
Koepp-Stanton,Italy,41.902782,12.496366,Banking and Finance,Medium (201-500),David Wilson,01/17/24,Custom solution,Sales Accepted,4,,,2117,40,04/25/24,
Reynolds-Weissnat,Germany,52.520008,13.404954,Transportation & Logistics,Medium (201-500),Michael Brown,03/09/24,Services,Sales Accepted,4,,,1669,30,09/23/24,
Bins-Barrows,France,48.864716,2.349014,IT & IT Services,Medium (201-500),Laura Thompson,01/31/24,Services,Sales Accepted,4,,,4026,40,08/26/24,
"Hamill, Herman and Schamberger",Belgium,51.260197,4.402771,Transportation & Logistics,Medium (201-500),Emily Johnson,05/05/24,Custom solution,Sales Accepted,4,,,5321,10,08/27/24,
Sawayn-Kuhic,Portugal,38.736946,-9.142685,Banking and Finance,Medium (201-500),Laura Thompson,03/25/24,Services,Sales Accepted,4,,,4667,60,03/25/25,
Considine-Kris,Austria,48.210033,16.363449,Retail & Distribution,Medium (201-500),Laura Thompson,03/30/24,Services,Sales Accepted,4,,,6981,60,07/29/24,
Nolan Inc,Germany,52.520008,13.404954,Energy & Utilities,Medium (201-500),Kevin Anderson,01/02/24,SAAS,Sales Accepted,4,,,1079,40,11/11/24,
Kuhn Group,Austria,48.210033,16.363449,Banking and Finance,Medium (201-500),Michael Brown,04/20/24,Services,Sales Accepted,4,,,3445,20,02/06/25,
Greenholt Inc,Portugal,38.736946,-9.142685,Energy & Utilities,Medium (201-500),Michael Brown,02/02/24,SAAS,Sales Accepted,4,,,2714,50,08/05/24,
Schowalter-Bartoletti,Belgium,51.260197,4.402771,Telecommunications,Medium (201-500),Jessica Martinez,05/03/24,Services,Sales Accepted,4,,,3341,70,03/31/25,
Satterfield-Jast,Italy,41.902782,12.496366,Telecommunications,Medium (201-500),Emily Johnson,05/21/24,Services,Sales Accepted,4,,,3270,20,09/01/24,
Beer-Lueilwitz,Belgium,51.260197,4.402771,Banking and Finance,Medium (201-500),Jessica Martinez,01/22/24,Services,Sales Accepted,4,,,5018,60,08/29/24,
Stark and Sons,Netherlands,52.370216,4.895168,Agriculture & Mining,Medium (201-500),John Smith,05/31/24,Custom solution,Sales Accepted,4,,,4354,60,01/26/25,
"Hoppe, Larson and Rolfson",Italy,41.902782,12.496366,Entertainment & Media & Hospitality,Medium (201-500),Laura Thompson,05/21/24,Custom solution,Sales Accepted,4,,,977,30,11/09/24,
"Jakubowski, Carroll and Jacobi",Austria,48.210033,16.363449,Government Administration Healthcare,Medium (201-500),Michael Brown,05/30/24,Custom solution,Sales Accepted,4,,,2695,40,02/13/25,
Ferry and Sons,Germany,52.520008,13.404954,Agriculture & Mining,Medium (201-500),David Wilson,05/17/24,Custom solution,Sales Accepted,4,,,3064,20,08/16/24,
"Muller, Ullrich and Auer",Italy,41.902782,12.496366,IT & IT Services,Medium (201-500),Michael Brown,04/27/24,Services,Sales Accepted,4,,,6161,40,11/30/24,
Terry-Mayer,Germany,52.520008,13.404954,Recreation & Sports,Medium (201-500),David Wilson,05/19/24,SAAS,Sales Accepted,4,,,2689,30,05/04/25,
"Nitzsche, Maggio and Leuschke",Netherlands,52.370216,4.895168,Construction & Engineering,Medium (201-500),Laura Thompson,01/03/24,Services,Sales Accepted,4,,,3957,30,07/06/24,
Luettgen-Jaskolski,Portugal,38.736946,-9.142685,Telecommunications,Medium (201-500),Laura Thompson,03/05/24,Services,Sales Accepted,4,,,6202,20,09/11/24,
"Hegmann, Schulist and Bogisich",Spain,40.416775,-3.70379,Retail & Distribution,Medium (201-500),Kevin Anderson,02/17/24,Custom solution,Sales Accepted,4,,,7087,50,04/11/24,
Cruickshank-Treutel,Portugal,38.736946,-9.142685,Retail & Distribution,Medium (201-500),Michael Brown,04/07/24,Custom solution,Sales Accepted,4,,,6058,10,02/02/25,
Legros-O'Connell,France,48.864716,2.349014,Banking and Finance,Medium (201-500),Jessica Martinez,04/22/24,Custom solution,Sales Accepted,4,,,344,40,09/15/24,
Christiansen-Lakin,Netherlands,52.370216,4.895168,Construction & Engineering,Medium (201-500),Laura Thompson,04/02/24,SAAS,Sales Accepted,4,,,6674,100,08/27/24,
Ernser Group,Belgium,51.260197,4.402771,IT & IT Services,Medium (201-500),Laura Thompson,05/06/24,SAAS,Sales Accepted,4,,,3578,40,04/30/25,
Beahan LLC,Switzerland,46.204391,6.143158,IT & IT Services,Medium (201-500),Sarah Davis,04/13/24,Services,Sales Accepted,4,,,632,50,06/18/24,
"Hermiston, Funk and Anderson",France,48.864716,2.349014,Transportation & Logistics,Medium (201-500),Sarah Davis,01/10/24,Services,Sales Accepted,4,,,7338,20,09/19/24,
"Hermiston, Sanford and Kassulke",Switzerland,46.204391,6.143158,Professional Services  & Consulting,Medium (201-500),Laura Thompson,03/04/24,Services,Sales Accepted,4,,,1963,20,08/10/24,
Shields Inc,Germany,52.520008,13.404954,Transportation & Logistics,Medium (201-500),Laura Thompson,02/18/24,SAAS,Sales Accepted,4,,,1230,60,01/08/25,
"Turcotte, Feil and Ziemann",Portugal,38.736946,-9.142685,Energy & Utilities,Medium (201-500),Laura Thompson,03/21/24,Custom solution,Sales Accepted,4,,,2321,40,02/02/25,
Blick-Kreiger,Italy,41.902782,12.496366,Banking and Finance,Medium (201-500),Jessica Martinez,02/06/24,Services,Sales Accepted,4,,,3026,30,06/16/24,
"Friesen, Schmitt and Mante",Portugal,38.736946,-9.142685,Banking and Finance,Medium (201-500),Michael Brown,04/10/24,Services,Sales Accepted,4,,,527,40,11/30/24,
Beahan-Larson,France,48.864716,2.349014,Telecommunications,Medium (201-500),Emily Johnson,01/27/24,Services,Sales Accepted,4,,,7041,30,01/01/25,
"Wolff, Wolf and Kub",Switzerland,46.204391,6.143158,Professional Services  & Consulting,Medium (201-500),Kevin Anderson,05/12/24,Services,Sales Accepted,4,,,3290,20,10/23/24,
"Denesik, Hessel and Bechtelar",Switzerland,46.204391,6.143158,IT & IT Services,Medium (201-500),John Smith,03/09/24,Services,Sales Accepted,4,,,1197,10,06/23/24,
Feil-Dickinson,Austria,48.210033,16.363449,Transportation & Logistics,Medium (201-500),Jessica Martinez,03/07/24,Services,Sales Accepted,4,,,4953,70,04/03/24,
Wunsch-Hagenes,Germany,52.520008,13.404954,Agriculture & Mining,Medium (201-500),Kevin Anderson,02/19/24,SAAS,Sales Accepted,4,,,7503,70,04/03/24,
Tromp-Labadie,Portugal,38.736946,-9.142685,Transportation & Logistics,Medium (201-500),John Smith,05/20/24,Services,Sales Accepted,4,,,7066,50,03/11/25,
"Beahan, Moen and Franecki",Italy,41.902782,12.496366,IT & IT Services,Medium (201-500),Jessica Martinez,05/18/24,Services,Sales Accepted,4,,,4099,20,03/29/25,
Ziemann-Waelchi,Germany,52.520008,13.404954,Telecommunications,Medium (201-500),David Wilson,03/01/24,Custom solution,Sales Accepted,4,,,1722,50,08/10/24,
"Weber, Watsica and MacGyver",Italy,41.902782,12.496366,Telecommunications,Medium (201-500),Michael Brown,02/04/24,Custom solution,Sales Accepted,4,,,5168,20,01/18/25,
DuBuque-Olson,Italy,41.902782,12.496366,Banking and Finance,Medium (201-500),Emily Johnson,02/22/24,SAAS,Sales Accepted,4,,,2891,30,12/21/24,
Donnelly LLC,Germany,52.520008,13.404954,Education & Science,Medium (201-500),Sarah Davis,04/27/24,Custom solution,Sales Accepted,4,,,1649,50,07/05/24,
"Hintz, Brakus and Paucek",Switzerland,46.204391,6.143158,Transportation & Logistics,Medium (201-500),Michael Brown,01/31/24,Services,Sales Accepted,4,,,3200,30,11/20/24,
"Bruen, Bednar and Hoppe",Austria,48.210033,16.363449,Government Administration Healthcare,Medium (201-500),David Wilson,02/09/24,Services,Sales Accepted,4,,,3905,50,11/20/24,
Zulauf Inc,Portugal,38.736946,-9.142685,Telecommunications,Medium (201-500),Laura Thompson,05/08/24,Services,Sales Accepted,4,,,3917,40,10/02/24,
"Funk, Hoppe and Breitenberg",Netherlands,52.370216,4.895168,Agriculture & Mining,Medium (201-500),Laura Thompson,02/19/24,Custom solution,Sales Accepted,4,,,4027,10,11/20/24,
McKenzie-Tromp,Italy,41.902782,12.496366,Transportation & Logistics,Medium (201-500),Laura Thompson,05/22/24,Custom solution,Sales Accepted,4,,,510,70,09/11/24,
Keebler and Sons,France,48.864716,2.349014,Education & Science,Medium (201-500),Jessica Martinez,03/05/24,Services,Sales Accepted,4,,,1421,70,10/05/24,
"Conn, Doyle and Goodwin",Italy,41.902782,12.496366,IT & IT Services,Medium (201-500),Michael Brown,05/21/24,Services,Sales Accepted,4,,,6249,60,02/24/25,
Fadel and Sons,Austria,48.210033,16.363449,Banking and Finance,Medium (201-500),David Wilson,03/14/24,Services,Sales Accepted,4,,,3162,30,03/07/25,
"Dibbert, Green and Gleichner",Italy,41.902782,12.496366,Banking and Finance,Medium (201-500),Laura Thompson,02/14/24,SAAS,Sales Accepted,4,,,2987,70,05/04/24,
Vandervort LLC,Austria,48.210033,16.363449,Transportation & Logistics,Medium (201-500),Michael Brown,04/10/24,Custom solution,Sales Accepted,4,,,6703,60,07/24/24,
Buckridge-Hayes,Italy,41.902782,12.496366,Recreation & Sports,Medium (201-500),Emily Johnson,04/04/24,Services,Sales Accepted,4,,,7574,70,12/01/24,
Steuber LLC,Italy,41.902782,12.496366,Telecommunications,Medium (201-500),Laura Thompson,05/30/24,SAAS,Sales Accepted,4,,,4596,40,03/02/25,
Macejkovic and Sons,Italy,41.902782,12.496366,Transportation & Logistics,Medium (201-500),Laura Thompson,03/14/24,Services,Sales Accepted,4,,,465,40,03/03/25,
Spencer and Sons,Belgium,51.260197,4.402771,Construction & Engineering,Medium (201-500),Sarah Davis,04/21/24,Services,Sales Accepted,4,,,689,70,01/05/25,
Wisozk Group,Germany,52.520008,13.404954,IT & IT Services,Medium (201-500),Jessica Martinez,01/21/24,Services,Sales Accepted,4,,,3427,30,05/17/24,
"Bashirian, Greenholt and Koch",Belgium,51.260197,4.402771,Construction & Engineering,Medium (201-500),Sarah Davis,02/11/24,Services,Sales Accepted,4,,,1182,40,12/26/24,
"Denesik, Rippin and Anderson",France,48.864716,2.349014,Professional Services  & Consulting,Medium (201-500),Laura Thompson,05/29/24,Custom solution,Sales Accepted,4,,,4395,50,12/04/24,
Mueller-Tromp,Italy,41.902782,12.496366,Recreation & Sports,Medium (201-500),Kevin Anderson,04/18/24,SAAS,Sales Accepted,4,,,5571,100,08/13/24,
"Dare, Witting and Goyette",Portugal,38.736946,-9.142685,Construction & Engineering,Medium (201-500),Michael Brown,04/12/24,Services,Sales Accepted,4,,,2940,50,01/18/25,
"Mitchell, Jaskolski and Haley",Portugal,38.736946,-9.142685,Education & Science,Medium (201-500),Kevin Anderson,01/25/24,SAAS,Sales Accepted,4,,,2791,40,06/03/24,
Reichert-Schneider,Switzerland,46.204391,6.143158,Professional Services  & Consulting,Medium (201-500),John Smith,04/18/24,Custom solution,Sales Accepted,4,,,2109,30,12/16/24,
Watsica Inc,Portugal,38.736946,-9.142685,IT & IT Services,Medium (201-500),Michael Brown,04/27/24,Services,Sales Accepted,4,,,6720,10,08/28/24,
Olson-Brown,Germany,52.520008,13.404954,Transportation & Logistics,Medium (201-500),Jessica Martinez,03/16/24,Services,Sales Accepted,4,,,4558,50,12/05/24,
Altenwerth LLC,Portugal,38.736946,-9.142685,Banking and Finance,Medium (201-500),Jessica Martinez,01/02/24,SAAS,Sales Accepted,4,,,2950,30,10/09/24,
Grimes-Stehr,Italy,41.902782,12.496366,Transportation & Logistics,Medium (201-500),Kevin Anderson,01/19/24,Services,Sales Accepted,4,,,4249,40,09/27/24,
Kub-Goyette,Switzerland,46.204391,6.143158,Government Administration Healthcare,Medium (201-500),Laura Thompson,02/27/24,SAAS,Sales Accepted,4,,,4159,50,10/20/24,
"Waelchi, Gutkowski and Ondricka",Germany,52.520008,13.404954,Government Administration Healthcare,Medium (201-500),Laura Thompson,04/08/24,Services,Sales Accepted,4,,,6175,50,06/28/24,
"Grimes, Beier and Hickle",Belgium,51.260197,4.402771,Transportation & Logistics,Medium (201-500),Laura Thompson,02/21/24,Services,Sales Accepted,4,,,1800,80,01/11/25,
"Hudson, Bins and Feeney",Italy,41.902782,12.496366,Manufacturing & Production,Medium (201-500),Sarah Davis,01/06/24,Custom solution,Sales Accepted,4,,,3218,10,03/08/24,
"Kreiger, Dooley and Bradtke",Portugal,38.736946,-9.142685,Construction & Engineering,Medium (201-500),Michael Brown,03/25/24,Services,Sales Accepted,4,,,5348,20,03/23/25,
Kessler-Mohr,Portugal,38.736946,-9.142685,Energy & Utilities,Medium (201-500),Laura Thompson,01/15/24,SAAS,Sales Accepted,4,,,5769,50,06/16/24,
"Ward, Grimes and Fay",Austria,48.210033,16.363449,IT & IT Services,Medium (201-500),Emily Johnson,02/08/24,SAAS,Sales Accepted,4,,,4554,50,11/27/24,
"Kling, Crooks and Wisozk",Portugal,38.736946,-9.142685,Agriculture & Mining,Medium (201-500),Sarah Davis,03/20/24,Services,Sales Accepted,4,,,7249,30,11/11/24,
Feil LLC,Germany,52.520008,13.404954,Banking and Finance,Medium (201-500),Michael Brown,05/11/24,Custom solution,Sales Accepted,4,,,4545,100,09/22/24,
Hansen-Erdman,Portugal,38.736946,-9.142685,Transportation & Logistics,Medium (201-500),Laura Thompson,01/25/24,Services,Sales Accepted,4,,,7593,50,05/06/24,
"Russel, Rice and Emard",France,48.864716,2.349014,Professional Services  & Consulting,Medium (201-500),Jessica Martinez,03/29/24,SAAS,Sales Accepted,4,,,7630,100,11/20/24,
"Goldner, Muller and Waelchi",Switzerland,46.204391,6.143158,Telecommunications,Medium (201-500),Laura Thompson,02/19/24,Services,Sales Accepted,4,,,6638,50,05/21/24,
"Kuhlman, Romaguera and Goldner",Spain,40.416775,-3.70379,Manufacturing & Production,Medium (201-500),Emily Johnson,05/29/24,Services,Sales Accepted,4,,,7037,30,11/08/24,
Torp-Bogan,Italy,41.902782,12.496366,Telecommunications,Medium (201-500),Kevin Anderson,04/07/24,SAAS,Sales Accepted,4,,,2752,40,08/20/24,
"Beier, Dare and Feest",France,48.864716,2.349014,Transportation & Logistics,Medium (201-500),Laura Thompson,05/19/24,Services,Sales Accepted,4,,,6155,50,10/30/24,
Mohr LLC,Portugal,38.736946,-9.142685,Government Administration Healthcare,Medium (201-500),Emily Johnson,02/07/24,SAAS,Sales Accepted,4,,,922,60,06/15/24,
Fritsch-Strosin,Portugal,38.736946,-9.142685,IT & IT Services,Medium (201-500),David Wilson,01/06/24,Services,Sales Accepted,4,,,7744,20,12/01/24,
Harris-Labadie,Germany,52.520008,13.404954,Telecommunications,Medium (201-500),Michael Brown,03/03/24,Services,Sales Accepted,4,,,4531,60,02/17/25,
Schuppe LLC,Spain,40.416775,-3.70379,Education & Science,Medium (201-500),Jessica Martinez,04/18/24,SAAS,Sales Accepted,4,,,6998,50,10/12/24,
"Howell, Jacobson and Hammes",Italy,41.902782,12.496366,Entertainment & Media & Hospitality,Medium (201-500),John Smith,04/20/24,Services,Sales Accepted,4,,,5694,30,11/06/24,
Schneider-Doyle,Italy,41.902782,12.496366,Agriculture & Mining,Medium (201-500),John Smith,04/24/24,Custom solution,Sales Accepted,4,,,1208,30,12/09/24,
Zulauf LLC,Austria,48.210033,16.363449,IT & IT Services,Medium (201-500),Laura Thompson,04/19/24,Custom solution,Sales Accepted,4,,,4553,70,08/22/24,
Kaymbo,Switzerland,46.204391,6.143158,Agriculture & Mining,Large (501-1000),David Wilson,03/11/24,SAAS,Sales Accepted,4,,,17269,80,07/10/24,
"Tromp, Stoltenberg and Hartmann",Belgium,51.260197,4.402771,IT & IT Services,Large (501-1000),Laura Thompson,05/29/24,SAAS,Sales Accepted,4,,,19776,40,12/16/24,
Lemke Group,Netherlands,52.370216,4.895168,Government Administration Healthcare,Large (501-1000),Sarah Davis,05/13/24,Custom solution,Sales Accepted,4,,,8387,80,06/18/24,
Emmerich Inc,Germany,52.520008,13.404954,Transportation & Logistics,Large (501-1000),John Smith,03/23/24,Custom solution,Sales Accepted,4,,,2737,30,12/22/24,
Howe-Mayer,Spain,40.416775,-3.70379,Retail & Distribution,Large (501-1000),David Wilson,03/06/24,Custom solution,Sales Accepted,4,,,11686,100,12/30/24,
Rosenbaum and Sons,Italy,41.902782,12.496366,Energy & Utilities,Large (501-1000),John Smith,03/20/24,Custom solution,Sales Accepted,4,,,17968,70,04/27/24,
Johnson-Smith,Germany,52.520008,13.404954,IT & IT Services,Large (501-1000),John Smith,01/19/24,Custom solution,Sales Accepted,4,,,18418,30,02/10/24,
"Legros, Simonis and Spinka",Germany,52.520008,13.404954,Construction & Engineering,Large (501-1000),Michael Brown,04/07/24,Custom solution,Sales Accepted,4,,,12543,40,08/09/24,
"Bergnaum, Smitham and Hintz",Netherlands,52.370216,4.895168,Construction & Engineering,Large (501-1000),Jessica Martinez,01/14/24,Services,Sales Accepted,4,,,4700,90,12/25/24,
"Jakubowski, Okuneva and Erdman",Spain,40.416775,-3.70379,IT & IT Services,Large (501-1000),Emily Johnson,05/16/24,SAAS,Sales Accepted,4,,,14149,60,09/06/24,
Lemke Inc,Netherlands,52.370216,4.895168,IT & IT Services,Large (501-1000),Laura Thompson,01/25/24,Custom solution,Sales Accepted,4,,,11883,50,10/20/24,
Macejkovic-Senger,France,48.864716,2.349014,Professional Services  & Consulting,Large (501-1000),John Smith,03/06/24,Services,Sales Accepted,4,,,17461,100,11/02/24,
"Halvorson, Torp and Swift",France,48.864716,2.349014,Government Administration Healthcare,Large (501-1000),Emily Johnson,05/15/24,Services,Sales Accepted,4,,,10548,40,08/04/24,
Simonis Inc,Italy,41.902782,12.496366,Entertainment & Media & Hospitality,Large (501-1000),Sarah Davis,03/07/24,Services,Sales Accepted,4,,,19123,50,05/07/24,
"Hand, Armstrong and Cremin",Portugal,38.736946,-9.142685,Recreation & Sports,Enterprise (1001+),Laura Thompson,02/29/24,Custom solution,Sales Accepted,4,,,5885,60,05/10/24,
"Carroll, Feest and Kozey",Netherlands,52.370216,4.895168,Recreation & Sports,Enterprise (1001+),Michael Brown,03/24/24,Custom solution,Sales Accepted,4,,,18768,50,07/21/24,
"Sanford, Haley and Botsford",Spain,40.416775,-3.70379,Retail & Distribution,Enterprise (1001+),John Smith,04/12/24,Services,Sales Accepted,4,,,19868,40,10/16/24,
Aufderhar LLC,Portugal,38.736946,-9.142685,Entertainment & Media & Hospitality,Enterprise (1001+),Jessica Martinez,05/06/24,SAAS,Sales Accepted,4,,,19105,40,10/26/24,
Kreiger-Gleason,Germany,52.520008,13.404954,Professional Services  & Consulting,Enterprise (1001+),Jessica Martinez,03/28/24,Services,Sales Accepted,4,,,10835,20,11/01/24,
Rempel-Pagac,Italy,41.902782,12.496366,Retail & Distribution,Enterprise (1001+),David Wilson,02/12/24,SAAS,Sales Accepted,4,,,11636,40,01/22/25,
"Bailey, Boehm and Johnston",Netherlands,52.370216,4.895168,Banking and Finance,Enterprise (1001+),Laura Thompson,04/19/24,Custom solution,Sales Accepted,4,,,18536,10,06/01/24,
Lang-Mraz,Switzerland,46.204391,6.143158,Banking and Finance,Enterprise (1001+),Laura Thompson,05/20/24,Custom solution,Sales Accepted,4,,,2680,20,08/31/24,
